 0.00000000e+00  0.00000000e+00  0.00000000e+00  1.16339995e-02  0.00000000e+00 -9.98970745e-06 
 1.00000000e-11  1.00000000e-11  1.00000000e-11  1.16339995e-02  1.00000000e-11 -9.98970745e-06 
 2.00000000e-11  2.00000000e-11  2.00000000e-11  1.16339995e-02  2.00000000e-11 -9.98970745e-06 
 4.00000000e-11  4.00000000e-11  4.00000000e-11  1.16339995e-02  4.00000000e-11 -9.98970745e-06 
 8.00000000e-11  8.00000000e-11  8.00000000e-11  1.16339995e-02  8.00000000e-11 -9.98970745e-06 
 1.60000000e-10  1.60000000e-10  1.60000000e-10  1.16339995e-02  1.60000000e-10 -9.98970745e-06 
 3.20000000e-10  3.20000000e-10  3.20000000e-10  1.16339995e-02  3.20000000e-10 -9.98970745e-06 
 6.40000000e-10  6.40000000e-10  6.40000000e-10  1.16339995e-02  6.40000000e-10 -9.98970745e-06 
 1.28000000e-09  1.28000000e-09  1.28000000e-09  1.16339995e-02  1.28000000e-09 -9.98970745e-06 
 2.28000000e-09  2.28000000e-09  2.28000000e-09  1.16339995e-02  2.28000000e-09 -9.98970745e-06 
 3.28000000e-09  3.28000000e-09  3.28000000e-09  1.16339995e-02  3.28000000e-09 -9.98970745e-06 
 4.28000000e-09  4.28000000e-09  4.28000000e-09  1.16339995e-02  4.28000000e-09 -9.98970745e-06 
 5.28000000e-09  5.28000000e-09  5.28000000e-09  1.16339995e-02  5.28000000e-09 -9.98970745e-06 
 6.28000000e-09  6.28000000e-09  6.28000000e-09  1.16339995e-02  6.28000000e-09 -9.98970745e-06 
 7.28000000e-09  7.28000000e-09  7.28000000e-09  1.16339995e-02  7.28000000e-09 -9.98970745e-06 
 8.28000000e-09  8.28000000e-09  8.28000000e-09  1.16339995e-02  8.28000000e-09 -9.98970745e-06 
 9.28000000e-09  9.28000000e-09  9.28000000e-09  1.16339995e-02  9.28000000e-09 -9.98970745e-06 
 1.02800000e-08  1.02800000e-08  1.02800000e-08  1.16339995e-02  1.02800000e-08 -9.98970745e-06 
 1.12800000e-08  1.12800000e-08  1.12800000e-08  1.16339995e-02  1.12800000e-08 -9.98970745e-06 
 1.22800000e-08  1.22800000e-08  1.22800000e-08  1.16339995e-02  1.22800000e-08 -9.98970745e-06 
 1.32800000e-08  1.32800000e-08  1.32800000e-08  1.16339995e-02  1.32800000e-08 -9.98970745e-06 
 1.42800000e-08  1.42800000e-08  1.42800000e-08  1.16339995e-02  1.42800000e-08 -9.98970745e-06 
 1.52800000e-08  1.52800000e-08  1.52800000e-08  1.16339995e-02  1.52800000e-08 -9.98970745e-06 
 1.62800000e-08  1.62800000e-08  1.62800000e-08  1.16339995e-02  1.62800000e-08 -9.98970745e-06 
 1.72800000e-08  1.72800000e-08  1.72800000e-08  1.16339995e-02  1.72800000e-08 -9.98970745e-06 
 1.82800000e-08  1.82800000e-08  1.82800000e-08  1.16339995e-02  1.82800000e-08 -9.98970745e-06 
 1.92800000e-08  1.92800000e-08  1.92800000e-08  1.16339995e-02  1.92800000e-08 -9.98970745e-06 
 2.02800000e-08  2.02800000e-08  2.02800000e-08  1.16339995e-02  2.02800000e-08 -9.98970745e-06 
 2.12800000e-08  2.12800000e-08  2.12800000e-08  1.16339995e-02  2.12800000e-08 -9.98970745e-06 
 2.22800000e-08  2.22800000e-08  2.22800000e-08  1.16339995e-02  2.22800000e-08 -9.98970745e-06 
 2.32800000e-08  2.32800000e-08  2.32800000e-08  1.16339995e-02  2.32800000e-08 -9.98970745e-06 
 2.42800000e-08  2.42800000e-08  2.42800000e-08  1.16339995e-02  2.42800000e-08 -9.98970745e-06 
 2.52800000e-08  2.52800000e-08  2.52800000e-08  1.16339995e-02  2.52800000e-08 -9.98970745e-06 
 2.62800000e-08  2.62800000e-08  2.62800000e-08  1.16339995e-02  2.62800000e-08 -9.98970745e-06 
 2.72800000e-08  2.72800000e-08  2.72800000e-08  1.16339995e-02  2.72800000e-08 -9.98970745e-06 
 2.82800000e-08  2.82800000e-08  2.82800000e-08  1.16339995e-02  2.82800000e-08 -9.98970745e-06 
 2.92800000e-08  2.92800000e-08  2.92800000e-08  1.16339995e-02  2.92800000e-08 -9.98970745e-06 
 3.02800000e-08  3.02800000e-08  3.02800000e-08  1.16339995e-02  3.02800000e-08 -9.98970745e-06 
 3.12800000e-08  3.12800000e-08  3.12800000e-08  1.16339995e-02  3.12800000e-08 -9.98970745e-06 
 3.22800000e-08  3.22800000e-08  3.22800000e-08  1.16339995e-02  3.22800000e-08 -9.98970745e-06 
 3.32800000e-08  3.32800000e-08  3.32800000e-08  1.16339995e-02  3.32800000e-08 -9.98970745e-06 
 3.42800000e-08  3.42800000e-08  3.42800000e-08  1.16339995e-02  3.42800000e-08 -9.98970745e-06 
 3.52800000e-08  3.52800000e-08  3.52800000e-08  1.16339995e-02  3.52800000e-08 -9.98970745e-06 
 3.62800000e-08  3.62800000e-08  3.62800000e-08  1.16339995e-02  3.62800000e-08 -9.98970745e-06 
 3.72800000e-08  3.72800000e-08  3.72800000e-08  1.16339995e-02  3.72800000e-08 -9.98970745e-06 
 3.82800000e-08  3.82800000e-08  3.82800000e-08  1.16339995e-02  3.82800000e-08 -9.98970745e-06 
 3.92800000e-08  3.92800000e-08  3.92800000e-08  1.16339995e-02  3.92800000e-08 -9.98970745e-06 
 4.02800000e-08  4.02800000e-08  4.02800000e-08  1.16339995e-02  4.02800000e-08 -9.98970745e-06 
 4.12800000e-08  4.12800000e-08  4.12800000e-08  1.16339995e-02  4.12800000e-08 -9.98970745e-06 
 4.22800000e-08  4.22800000e-08  4.22800000e-08  1.16339995e-02  4.22800000e-08 -9.98970745e-06 
 4.32800000e-08  4.32800000e-08  4.32800000e-08  1.16339995e-02  4.32800000e-08 -9.98970745e-06 
 4.42800000e-08  4.42800000e-08  4.42800000e-08  1.16339995e-02  4.42800000e-08 -9.98970745e-06 
 4.52800000e-08  4.52800000e-08  4.52800000e-08  1.16339995e-02  4.52800000e-08 -9.98970745e-06 
 4.62800000e-08  4.62800000e-08  4.62800000e-08  1.16339995e-02  4.62800000e-08 -9.98970745e-06 
 4.72800000e-08  4.72800000e-08  4.72800000e-08  1.16339995e-02  4.72800000e-08 -9.98970745e-06 
 4.82800000e-08  4.82800000e-08  4.82800000e-08  1.16339995e-02  4.82800000e-08 -9.98970745e-06 
 4.92800000e-08  4.92800000e-08  4.92800000e-08  1.16339995e-02  4.92800000e-08 -9.98970745e-06 
 5.02800000e-08  5.02800000e-08  5.02800000e-08  1.16339995e-02  5.02800000e-08 -9.98970745e-06 
 5.12800000e-08  5.12800000e-08  5.12800000e-08  1.16339995e-02  5.12800000e-08 -9.98970745e-06 
 5.22800000e-08  5.22800000e-08  5.22800000e-08  1.16339995e-02  5.22800000e-08 -9.98970745e-06 
 5.32800000e-08  5.32800000e-08  5.32800000e-08  1.16339995e-02  5.32800000e-08 -9.98970745e-06 
 5.42800000e-08  5.42800000e-08  5.42800000e-08  1.16339995e-02  5.42800000e-08 -9.98970745e-06 
 5.52800000e-08  5.52800000e-08  5.52800000e-08  1.16339995e-02  5.52800000e-08 -9.98970745e-06 
 5.62800000e-08  5.62800000e-08  5.62800000e-08  1.16339995e-02  5.62800000e-08 -9.98970745e-06 
 5.72800000e-08  5.72800000e-08  5.72800000e-08  1.16339995e-02  5.72800000e-08 -9.98970745e-06 
 5.82800000e-08  5.82800000e-08  5.82800000e-08  1.16339995e-02  5.82800000e-08 -9.98970745e-06 
 5.92800000e-08  5.92800000e-08  5.92800000e-08  1.16339995e-02  5.92800000e-08 -9.98970745e-06 
 6.02800000e-08  6.02800000e-08  6.02800000e-08  1.16339995e-02  6.02800000e-08 -9.98970745e-06 
 6.12800000e-08  6.12800000e-08  6.12800000e-08  1.16339995e-02  6.12800000e-08 -9.98970745e-06 
 6.22800000e-08  6.22800000e-08  6.22800000e-08  1.16339995e-02  6.22800000e-08 -9.98970745e-06 
 6.32800000e-08  6.32800000e-08  6.32800000e-08  1.16339995e-02  6.32800000e-08 -9.98970745e-06 
 6.42800000e-08  6.42800000e-08  6.42800000e-08  1.16339995e-02  6.42800000e-08 -9.98970745e-06 
 6.52800000e-08  6.52800000e-08  6.52800000e-08  1.16339995e-02  6.52800000e-08 -9.98970745e-06 
 6.62800000e-08  6.62800000e-08  6.62800000e-08  1.16339995e-02  6.62800000e-08 -9.98970745e-06 
 6.72800000e-08  6.72800000e-08  6.72800000e-08  1.16339995e-02  6.72800000e-08 -9.98970745e-06 
 6.82800000e-08  6.82800000e-08  6.82800000e-08  1.16339995e-02  6.82800000e-08 -9.98970745e-06 
 6.92800000e-08  6.92800000e-08  6.92800000e-08  1.16339995e-02  6.92800000e-08 -9.98970745e-06 
 7.02800000e-08  7.02800000e-08  7.02800000e-08  1.16339995e-02  7.02800000e-08 -9.98970745e-06 
 7.12800000e-08  7.12800000e-08  7.12800000e-08  1.16339995e-02  7.12800000e-08 -9.98970745e-06 
 7.22800000e-08  7.22800000e-08  7.22800000e-08  1.16339995e-02  7.22800000e-08 -9.98970745e-06 
 7.32800000e-08  7.32800000e-08  7.32800000e-08  1.16339995e-02  7.32800000e-08 -9.98970745e-06 
 7.42800000e-08  7.42800000e-08  7.42800000e-08  1.16339995e-02  7.42800000e-08 -9.98970745e-06 
 7.52800000e-08  7.52800000e-08  7.52800000e-08  1.16339995e-02  7.52800000e-08 -9.98970745e-06 
 7.62800000e-08  7.62800000e-08  7.62800000e-08  1.16339995e-02  7.62800000e-08 -9.98970745e-06 
 7.72800000e-08  7.72800000e-08  7.72800000e-08  1.16339995e-02  7.72800000e-08 -9.98970745e-06 
 7.82800000e-08  7.82800000e-08  7.82800000e-08  1.16339995e-02  7.82800000e-08 -9.98970745e-06 
 7.92800000e-08  7.92800000e-08  7.92800000e-08  1.16339995e-02  7.92800000e-08 -9.98970745e-06 
 8.02800000e-08  8.02800000e-08  8.02800000e-08  1.16339995e-02  8.02800000e-08 -9.98970745e-06 
 8.12800000e-08  8.12800000e-08  8.12800000e-08  1.16339995e-02  8.12800000e-08 -9.98970745e-06 
 8.22800000e-08  8.22800000e-08  8.22800000e-08  1.16339995e-02  8.22800000e-08 -9.98970745e-06 
 8.32800000e-08  8.32800000e-08  8.32800000e-08  1.16339995e-02  8.32800000e-08 -9.98970745e-06 
 8.42800000e-08  8.42800000e-08  8.42800000e-08  1.16339995e-02  8.42800000e-08 -9.98970745e-06 
 8.52800000e-08  8.52800000e-08  8.52800000e-08  1.16339995e-02  8.52800000e-08 -9.98970745e-06 
 8.62800000e-08  8.62800000e-08  8.62800000e-08  1.16339995e-02  8.62800000e-08 -9.98970745e-06 
 8.72800000e-08  8.72800000e-08  8.72800000e-08  1.16339995e-02  8.72800000e-08 -9.98970745e-06 
 8.82800000e-08  8.82800000e-08  8.82800000e-08  1.16339995e-02  8.82800000e-08 -9.98970745e-06 
 8.92800000e-08  8.92800000e-08  8.92800000e-08  1.16339995e-02  8.92800000e-08 -9.98970745e-06 
 9.02800000e-08  9.02800000e-08  9.02800000e-08  1.16339995e-02  9.02800000e-08 -9.98970745e-06 
 9.12800000e-08  9.12800000e-08  9.12800000e-08  1.16339995e-02  9.12800000e-08 -9.98970745e-06 
 9.22800000e-08  9.22800000e-08  9.22800000e-08  1.16339995e-02  9.22800000e-08 -9.98970745e-06 
 9.32800000e-08  9.32800000e-08  9.32800000e-08  1.16339995e-02  9.32800000e-08 -9.98970745e-06 
 9.42800000e-08  9.42800000e-08  9.42800000e-08  1.16339995e-02  9.42800000e-08 -9.98970745e-06 
 9.52800000e-08  9.52800000e-08  9.52800000e-08  1.16339995e-02  9.52800000e-08 -9.98970745e-06 
 9.62800000e-08  9.62800000e-08  9.62800000e-08  1.16339995e-02  9.62800000e-08 -9.98970745e-06 
 9.72800000e-08  9.72800000e-08  9.72800000e-08  1.16339995e-02  9.72800000e-08 -9.98970745e-06 
 9.82800000e-08  9.82800000e-08  9.82800000e-08  1.16339995e-02  9.82800000e-08 -9.98970745e-06 
 9.92800000e-08  9.92800000e-08  9.92800000e-08  1.16339995e-02  9.92800000e-08 -9.98970745e-06 
 1.00280000e-07  1.00280000e-07  1.00280000e-07  1.16339995e-02  1.00280000e-07 -9.98970745e-06 
 1.01280000e-07  1.01280000e-07  1.01280000e-07  1.16339995e-02  1.01280000e-07 -9.98970745e-06 
 1.02280000e-07  1.02280000e-07  1.02280000e-07  1.16339995e-02  1.02280000e-07 -9.98970745e-06 
 1.03280000e-07  1.03280000e-07  1.03280000e-07  1.16339995e-02  1.03280000e-07 -9.98970745e-06 
 1.04280000e-07  1.04280000e-07  1.04280000e-07  1.16339995e-02  1.04280000e-07 -9.98970745e-06 
 1.05280000e-07  1.05280000e-07  1.05280000e-07  1.16339995e-02  1.05280000e-07 -9.98970745e-06 
 1.06280000e-07  1.06280000e-07  1.06280000e-07  1.16339995e-02  1.06280000e-07 -9.98970745e-06 
 1.07280000e-07  1.07280000e-07  1.07280000e-07  1.16339995e-02  1.07280000e-07 -9.98970745e-06 
 1.08280000e-07  1.08280000e-07  1.08280000e-07  1.16339995e-02  1.08280000e-07 -9.98970745e-06 
 1.09280000e-07  1.09280000e-07  1.09280000e-07  1.16339995e-02  1.09280000e-07 -9.98970745e-06 
 1.10280000e-07  1.10280000e-07  1.10280000e-07  1.16339995e-02  1.10280000e-07 -9.98970745e-06 
 1.11280000e-07  1.11280000e-07  1.11280000e-07  1.16339995e-02  1.11280000e-07 -9.98970745e-06 
 1.12280000e-07  1.12280000e-07  1.12280000e-07  1.16339995e-02  1.12280000e-07 -9.98970745e-06 
 1.13280000e-07  1.13280000e-07  1.13280000e-07  1.16339995e-02  1.13280000e-07 -9.98970745e-06 
 1.14280000e-07  1.14280000e-07  1.14280000e-07  1.16339995e-02  1.14280000e-07 -9.98970745e-06 
 1.15280000e-07  1.15280000e-07  1.15280000e-07  1.16339995e-02  1.15280000e-07 -9.98970745e-06 
 1.16280000e-07  1.16280000e-07  1.16280000e-07  1.16339995e-02  1.16280000e-07 -9.98970745e-06 
 1.17280000e-07  1.17280000e-07  1.17280000e-07  1.16339995e-02  1.17280000e-07 -9.98970745e-06 
 1.18280000e-07  1.18280000e-07  1.18280000e-07  1.16339995e-02  1.18280000e-07 -9.98970745e-06 
 1.19280000e-07  1.19280000e-07  1.19280000e-07  1.16339995e-02  1.19280000e-07 -9.98970745e-06 
 1.20280000e-07  1.20280000e-07  1.20280000e-07  1.16339995e-02  1.20280000e-07 -9.98970745e-06 
 1.21280000e-07  1.21280000e-07  1.21280000e-07  1.16339995e-02  1.21280000e-07 -9.98970745e-06 
 1.22280000e-07  1.22280000e-07  1.22280000e-07  1.16339995e-02  1.22280000e-07 -9.98970745e-06 
 1.23280000e-07  1.23280000e-07  1.23280000e-07  1.16339995e-02  1.23280000e-07 -9.98970745e-06 
 1.24280000e-07  1.24280000e-07  1.24280000e-07  1.16339995e-02  1.24280000e-07 -9.98970745e-06 
 1.25280000e-07  1.25280000e-07  1.25280000e-07  1.16339995e-02  1.25280000e-07 -9.98970745e-06 
 1.26280000e-07  1.26280000e-07  1.26280000e-07  1.16339995e-02  1.26280000e-07 -9.98970745e-06 
 1.27280000e-07  1.27280000e-07  1.27280000e-07  1.16339995e-02  1.27280000e-07 -9.98970745e-06 
 1.28280000e-07  1.28280000e-07  1.28280000e-07  1.16339995e-02  1.28280000e-07 -9.98970745e-06 
 1.29280000e-07  1.29280000e-07  1.29280000e-07  1.16339995e-02  1.29280000e-07 -9.98970745e-06 
 1.30280000e-07  1.30280000e-07  1.30280000e-07  1.16339995e-02  1.30280000e-07 -9.98970745e-06 
 1.31280000e-07  1.31280000e-07  1.31280000e-07  1.16339995e-02  1.31280000e-07 -9.98970745e-06 
 1.32280000e-07  1.32280000e-07  1.32280000e-07  1.16339995e-02  1.32280000e-07 -9.98970745e-06 
 1.33280000e-07  1.33280000e-07  1.33280000e-07  1.16339995e-02  1.33280000e-07 -9.98970745e-06 
 1.34280000e-07  1.34280000e-07  1.34280000e-07  1.16339995e-02  1.34280000e-07 -9.98970745e-06 
 1.35280000e-07  1.35280000e-07  1.35280000e-07  1.16339995e-02  1.35280000e-07 -9.98970745e-06 
 1.36280000e-07  1.36280000e-07  1.36280000e-07  1.16339995e-02  1.36280000e-07 -9.98970745e-06 
 1.37280000e-07  1.37280000e-07  1.37280000e-07  1.16339995e-02  1.37280000e-07 -9.98970745e-06 
 1.38280000e-07  1.38280000e-07  1.38280000e-07  1.16339995e-02  1.38280000e-07 -9.98970745e-06 
 1.39280000e-07  1.39280000e-07  1.39280000e-07  1.16339995e-02  1.39280000e-07 -9.98970745e-06 
 1.40280000e-07  1.40280000e-07  1.40280000e-07  1.16339995e-02  1.40280000e-07 -9.98970745e-06 
 1.41280000e-07  1.41280000e-07  1.41280000e-07  1.16339995e-02  1.41280000e-07 -9.98970745e-06 
 1.42280000e-07  1.42280000e-07  1.42280000e-07  1.16339995e-02  1.42280000e-07 -9.98970745e-06 
 1.43280000e-07  1.43280000e-07  1.43280000e-07  1.16339995e-02  1.43280000e-07 -9.98970745e-06 
 1.44280000e-07  1.44280000e-07  1.44280000e-07  1.16339995e-02  1.44280000e-07 -9.98970745e-06 
 1.45280000e-07  1.45280000e-07  1.45280000e-07  1.16339995e-02  1.45280000e-07 -9.98970745e-06 
 1.46280000e-07  1.46280000e-07  1.46280000e-07  1.16339995e-02  1.46280000e-07 -9.98970745e-06 
 1.47280000e-07  1.47280000e-07  1.47280000e-07  1.16339995e-02  1.47280000e-07 -9.98970745e-06 
 1.48280000e-07  1.48280000e-07  1.48280000e-07  1.16339995e-02  1.48280000e-07 -9.98970745e-06 
 1.49280000e-07  1.49280000e-07  1.49280000e-07  1.16339995e-02  1.49280000e-07 -9.98970745e-06 
 1.50280000e-07  1.50280000e-07  1.50280000e-07  1.16339995e-02  1.50280000e-07 -9.98970745e-06 
 1.51280000e-07  1.51280000e-07  1.51280000e-07  1.16339995e-02  1.51280000e-07 -9.98970745e-06 
 1.52280000e-07  1.52280000e-07  1.52280000e-07  1.16339995e-02  1.52280000e-07 -9.98970745e-06 
 1.53280000e-07  1.53280000e-07  1.53280000e-07  1.16339995e-02  1.53280000e-07 -9.98970745e-06 
 1.54280000e-07  1.54280000e-07  1.54280000e-07  1.16339995e-02  1.54280000e-07 -9.98970745e-06 
 1.55280000e-07  1.55280000e-07  1.55280000e-07  1.16339995e-02  1.55280000e-07 -9.98970745e-06 
 1.56280000e-07  1.56280000e-07  1.56280000e-07  1.16339995e-02  1.56280000e-07 -9.98970745e-06 
 1.57280000e-07  1.57280000e-07  1.57280000e-07  1.16339995e-02  1.57280000e-07 -9.98970745e-06 
 1.58280000e-07  1.58280000e-07  1.58280000e-07  1.16339995e-02  1.58280000e-07 -9.98970745e-06 
 1.59280000e-07  1.59280000e-07  1.59280000e-07  1.16339995e-02  1.59280000e-07 -9.98970745e-06 
 1.60280000e-07  1.60280000e-07  1.60280000e-07  1.16339995e-02  1.60280000e-07 -9.98970745e-06 
 1.61280000e-07  1.61280000e-07  1.61280000e-07  1.16339995e-02  1.61280000e-07 -9.98970745e-06 
 1.62280000e-07  1.62280000e-07  1.62280000e-07  1.16339995e-02  1.62280000e-07 -9.98970745e-06 
 1.63280000e-07  1.63280000e-07  1.63280000e-07  1.16339995e-02  1.63280000e-07 -9.98970745e-06 
 1.64280000e-07  1.64280000e-07  1.64280000e-07  1.16339995e-02  1.64280000e-07 -9.98970745e-06 
 1.65280000e-07  1.65280000e-07  1.65280000e-07  1.16339995e-02  1.65280000e-07 -9.98970745e-06 
 1.66280000e-07  1.66280000e-07  1.66280000e-07  1.16339995e-02  1.66280000e-07 -9.98970745e-06 
 1.67280000e-07  1.67280000e-07  1.67280000e-07  1.16339995e-02  1.67280000e-07 -9.98970745e-06 
 1.68280000e-07  1.68280000e-07  1.68280000e-07  1.16339995e-02  1.68280000e-07 -9.98970745e-06 
 1.69280000e-07  1.69280000e-07  1.69280000e-07  1.16339995e-02  1.69280000e-07 -9.98970745e-06 
 1.70280000e-07  1.70280000e-07  1.70280000e-07  1.16339995e-02  1.70280000e-07 -9.98970745e-06 
 1.71280000e-07  1.71280000e-07  1.71280000e-07  1.16339995e-02  1.71280000e-07 -9.98970745e-06 
 1.72280000e-07  1.72280000e-07  1.72280000e-07  1.16339995e-02  1.72280000e-07 -9.98970745e-06 
 1.73280000e-07  1.73280000e-07  1.73280000e-07  1.16339995e-02  1.73280000e-07 -9.98970745e-06 
 1.74280000e-07  1.74280000e-07  1.74280000e-07  1.16339995e-02  1.74280000e-07 -9.98970745e-06 
 1.75280000e-07  1.75280000e-07  1.75280000e-07  1.16339995e-02  1.75280000e-07 -9.98970745e-06 
 1.76280000e-07  1.76280000e-07  1.76280000e-07  1.16339995e-02  1.76280000e-07 -9.98970745e-06 
 1.77280000e-07  1.77280000e-07  1.77280000e-07  1.16339995e-02  1.77280000e-07 -9.98970745e-06 
 1.78280000e-07  1.78280000e-07  1.78280000e-07  1.16339995e-02  1.78280000e-07 -9.98970745e-06 
 1.79280000e-07  1.79280000e-07  1.79280000e-07  1.16339995e-02  1.79280000e-07 -9.98970745e-06 
 1.80280000e-07  1.80280000e-07  1.80280000e-07  1.16339995e-02  1.80280000e-07 -9.98970745e-06 
 1.81280000e-07  1.81280000e-07  1.81280000e-07  1.16339995e-02  1.81280000e-07 -9.98970745e-06 
 1.82280000e-07  1.82280000e-07  1.82280000e-07  1.16339995e-02  1.82280000e-07 -9.98970745e-06 
 1.83280000e-07  1.83280000e-07  1.83280000e-07  1.16339995e-02  1.83280000e-07 -9.98970745e-06 
 1.84280000e-07  1.84280000e-07  1.84280000e-07  1.16339995e-02  1.84280000e-07 -9.98970745e-06 
 1.85280000e-07  1.85280000e-07  1.85280000e-07  1.16339995e-02  1.85280000e-07 -9.98970745e-06 
 1.86280000e-07  1.86280000e-07  1.86280000e-07  1.16339995e-02  1.86280000e-07 -9.98970745e-06 
 1.87280000e-07  1.87280000e-07  1.87280000e-07  1.16339995e-02  1.87280000e-07 -9.98970745e-06 
 1.88280000e-07  1.88280000e-07  1.88280000e-07  1.16339995e-02  1.88280000e-07 -9.98970745e-06 
 1.89280000e-07  1.89280000e-07  1.89280000e-07  1.16339995e-02  1.89280000e-07 -9.98970745e-06 
 1.90280000e-07  1.90280000e-07  1.90280000e-07  1.16339995e-02  1.90280000e-07 -9.98970745e-06 
 1.91280000e-07  1.91280000e-07  1.91280000e-07  1.16339995e-02  1.91280000e-07 -9.98970745e-06 
 1.92280000e-07  1.92280000e-07  1.92280000e-07  1.16339995e-02  1.92280000e-07 -9.98970745e-06 
 1.93280000e-07  1.93280000e-07  1.93280000e-07  1.16339995e-02  1.93280000e-07 -9.98970745e-06 
 1.94280000e-07  1.94280000e-07  1.94280000e-07  1.16339995e-02  1.94280000e-07 -9.98970745e-06 
 1.95280000e-07  1.95280000e-07  1.95280000e-07  1.16339995e-02  1.95280000e-07 -9.98970745e-06 
 1.96280000e-07  1.96280000e-07  1.96280000e-07  1.16339995e-02  1.96280000e-07 -9.98970745e-06 
 1.97280000e-07  1.97280000e-07  1.97280000e-07  1.16339995e-02  1.97280000e-07 -9.98970745e-06 
 1.98280000e-07  1.98280000e-07  1.98280000e-07  1.16339995e-02  1.98280000e-07 -9.98970745e-06 
 1.99280000e-07  1.99280000e-07  1.99280000e-07  1.16339995e-02  1.99280000e-07 -9.98970745e-06 
 2.00280000e-07  2.00280000e-07  2.00280000e-07  1.16339995e-02  2.00280000e-07 -9.98970745e-06 
 2.01280000e-07  2.01280000e-07  2.01280000e-07  1.16339995e-02  2.01280000e-07 -9.98970745e-06 
 2.02280000e-07  2.02280000e-07  2.02280000e-07  1.16339995e-02  2.02280000e-07 -9.98970745e-06 
 2.03280000e-07  2.03280000e-07  2.03280000e-07  1.16339995e-02  2.03280000e-07 -9.98970745e-06 
 2.04280000e-07  2.04280000e-07  2.04280000e-07  1.16339995e-02  2.04280000e-07 -9.98970745e-06 
 2.05280000e-07  2.05280000e-07  2.05280000e-07  1.16339995e-02  2.05280000e-07 -9.98970745e-06 
 2.06280000e-07  2.06280000e-07  2.06280000e-07  1.16339995e-02  2.06280000e-07 -9.98970745e-06 
 2.07280000e-07  2.07280000e-07  2.07280000e-07  1.16339995e-02  2.07280000e-07 -9.98970745e-06 
 2.08280000e-07  2.08280000e-07  2.08280000e-07  1.16339995e-02  2.08280000e-07 -9.98970745e-06 
 2.09280000e-07  2.09280000e-07  2.09280000e-07  1.16339995e-02  2.09280000e-07 -9.98970745e-06 
 2.10280000e-07  2.10280000e-07  2.10280000e-07  1.16339995e-02  2.10280000e-07 -9.98970745e-06 
 2.11280000e-07  2.11280000e-07  2.11280000e-07  1.16339995e-02  2.11280000e-07 -9.98970745e-06 
 2.12280000e-07  2.12280000e-07  2.12280000e-07  1.16339995e-02  2.12280000e-07 -9.98970745e-06 
 2.13280000e-07  2.13280000e-07  2.13280000e-07  1.16339995e-02  2.13280000e-07 -9.98970745e-06 
 2.14280000e-07  2.14280000e-07  2.14280000e-07  1.16339995e-02  2.14280000e-07 -9.98970745e-06 
 2.15280000e-07  2.15280000e-07  2.15280000e-07  1.16339995e-02  2.15280000e-07 -9.98970745e-06 
 2.16280000e-07  2.16280000e-07  2.16280000e-07  1.16339995e-02  2.16280000e-07 -9.98970745e-06 
 2.17280000e-07  2.17280000e-07  2.17280000e-07  1.16339995e-02  2.17280000e-07 -9.98970745e-06 
 2.18280000e-07  2.18280000e-07  2.18280000e-07  1.16339995e-02  2.18280000e-07 -9.98970745e-06 
 2.19280000e-07  2.19280000e-07  2.19280000e-07  1.16339995e-02  2.19280000e-07 -9.98970745e-06 
 2.20280000e-07  2.20280000e-07  2.20280000e-07  1.16339995e-02  2.20280000e-07 -9.98970745e-06 
 2.21280000e-07  2.21280000e-07  2.21280000e-07  1.16339995e-02  2.21280000e-07 -9.98970745e-06 
 2.22280000e-07  2.22280000e-07  2.22280000e-07  1.16339995e-02  2.22280000e-07 -9.98970745e-06 
 2.23280000e-07  2.23280000e-07  2.23280000e-07  1.16339995e-02  2.23280000e-07 -9.98970745e-06 
 2.24280000e-07  2.24280000e-07  2.24280000e-07  1.16339995e-02  2.24280000e-07 -9.98970745e-06 
 2.25280000e-07  2.25280000e-07  2.25280000e-07  1.16339995e-02  2.25280000e-07 -9.98970745e-06 
 2.26280000e-07  2.26280000e-07  2.26280000e-07  1.16339995e-02  2.26280000e-07 -9.98970745e-06 
 2.27280000e-07  2.27280000e-07  2.27280000e-07  1.16339995e-02  2.27280000e-07 -9.98970745e-06 
 2.28280000e-07  2.28280000e-07  2.28280000e-07  1.16339995e-02  2.28280000e-07 -9.98970745e-06 
 2.29280000e-07  2.29280000e-07  2.29280000e-07  1.16339995e-02  2.29280000e-07 -9.98970745e-06 
 2.30280000e-07  2.30280000e-07  2.30280000e-07  1.16339995e-02  2.30280000e-07 -9.98970745e-06 
 2.31280000e-07  2.31280000e-07  2.31280000e-07  1.16339995e-02  2.31280000e-07 -9.98970745e-06 
 2.32280000e-07  2.32280000e-07  2.32280000e-07  1.16339995e-02  2.32280000e-07 -9.98970745e-06 
 2.33280000e-07  2.33280000e-07  2.33280000e-07  1.16339995e-02  2.33280000e-07 -9.98970745e-06 
 2.34280000e-07  2.34280000e-07  2.34280000e-07  1.16339995e-02  2.34280000e-07 -9.98970745e-06 
 2.35280000e-07  2.35280000e-07  2.35280000e-07  1.16339995e-02  2.35280000e-07 -9.98970745e-06 
 2.36280000e-07  2.36280000e-07  2.36280000e-07  1.16339995e-02  2.36280000e-07 -9.98970745e-06 
 2.37280000e-07  2.37280000e-07  2.37280000e-07  1.16339995e-02  2.37280000e-07 -9.98970745e-06 
 2.38280000e-07  2.38280000e-07  2.38280000e-07  1.16339995e-02  2.38280000e-07 -9.98970745e-06 
 2.39280000e-07  2.39280000e-07  2.39280000e-07  1.16339995e-02  2.39280000e-07 -9.98970745e-06 
 2.40280000e-07  2.40280000e-07  2.40280000e-07  1.16339995e-02  2.40280000e-07 -9.98970745e-06 
 2.41280000e-07  2.41280000e-07  2.41280000e-07  1.16339995e-02  2.41280000e-07 -9.98970745e-06 
 2.42280000e-07  2.42280000e-07  2.42280000e-07  1.16339995e-02  2.42280000e-07 -9.98970745e-06 
 2.43280000e-07  2.43280000e-07  2.43280000e-07  1.16339995e-02  2.43280000e-07 -9.98970745e-06 
 2.44280000e-07  2.44280000e-07  2.44280000e-07  1.16339995e-02  2.44280000e-07 -9.98970745e-06 
 2.45280000e-07  2.45280000e-07  2.45280000e-07  1.16339995e-02  2.45280000e-07 -9.98970745e-06 
 2.46280000e-07  2.46280000e-07  2.46280000e-07  1.16339995e-02  2.46280000e-07 -9.98970745e-06 
 2.47280000e-07  2.47280000e-07  2.47280000e-07  1.16339995e-02  2.47280000e-07 -9.98970745e-06 
 2.48280000e-07  2.48280000e-07  2.48280000e-07  1.16339995e-02  2.48280000e-07 -9.98970745e-06 
 2.49280000e-07  2.49280000e-07  2.49280000e-07  1.16339995e-02  2.49280000e-07 -9.98970745e-06 
 2.50280000e-07  2.50280000e-07  2.50280000e-07  1.16339995e-02  2.50280000e-07 -9.98970745e-06 
 2.51280000e-07  2.51280000e-07  2.51280000e-07  1.16339995e-02  2.51280000e-07 -9.98970745e-06 
 2.52280000e-07  2.52280000e-07  2.52280000e-07  1.16339995e-02  2.52280000e-07 -9.98970745e-06 
 2.53280000e-07  2.53280000e-07  2.53280000e-07  1.16339995e-02  2.53280000e-07 -9.98970745e-06 
 2.54280000e-07  2.54280000e-07  2.54280000e-07  1.16339995e-02  2.54280000e-07 -9.98970745e-06 
 2.55280000e-07  2.55280000e-07  2.55280000e-07  1.16339995e-02  2.55280000e-07 -9.98970745e-06 
 2.56280000e-07  2.56280000e-07  2.56280000e-07  1.16339995e-02  2.56280000e-07 -9.98970745e-06 
 2.57280000e-07  2.57280000e-07  2.57280000e-07  1.16339995e-02  2.57280000e-07 -9.98970745e-06 
 2.58280000e-07  2.58280000e-07  2.58280000e-07  1.16339995e-02  2.58280000e-07 -9.98970745e-06 
 2.59280000e-07  2.59280000e-07  2.59280000e-07  1.16339995e-02  2.59280000e-07 -9.98970745e-06 
 2.60280000e-07  2.60280000e-07  2.60280000e-07  1.16339995e-02  2.60280000e-07 -9.98970745e-06 
 2.61280000e-07  2.61280000e-07  2.61280000e-07  1.16339995e-02  2.61280000e-07 -9.98970745e-06 
 2.62280000e-07  2.62280000e-07  2.62280000e-07  1.16339995e-02  2.62280000e-07 -9.98970745e-06 
 2.63280000e-07  2.63280000e-07  2.63280000e-07  1.16339995e-02  2.63280000e-07 -9.98970745e-06 
 2.64280000e-07  2.64280000e-07  2.64280000e-07  1.16339995e-02  2.64280000e-07 -9.98970745e-06 
 2.65280000e-07  2.65280000e-07  2.65280000e-07  1.16339995e-02  2.65280000e-07 -9.98970745e-06 
 2.66280000e-07  2.66280000e-07  2.66280000e-07  1.16339995e-02  2.66280000e-07 -9.98970745e-06 
 2.67280000e-07  2.67280000e-07  2.67280000e-07  1.16339995e-02  2.67280000e-07 -9.98970745e-06 
 2.68280000e-07  2.68280000e-07  2.68280000e-07  1.16339995e-02  2.68280000e-07 -9.98970745e-06 
 2.69280000e-07  2.69280000e-07  2.69280000e-07  1.16339995e-02  2.69280000e-07 -9.98970745e-06 
 2.70280000e-07  2.70280000e-07  2.70280000e-07  1.16339995e-02  2.70280000e-07 -9.98970745e-06 
 2.71280000e-07  2.71280000e-07  2.71280000e-07  1.16339995e-02  2.71280000e-07 -9.98970745e-06 
 2.72280000e-07  2.72280000e-07  2.72280000e-07  1.16339995e-02  2.72280000e-07 -9.98970745e-06 
 2.73280000e-07  2.73280000e-07  2.73280000e-07  1.16339995e-02  2.73280000e-07 -9.98970745e-06 
 2.74280000e-07  2.74280000e-07  2.74280000e-07  1.16339995e-02  2.74280000e-07 -9.98970745e-06 
 2.75280000e-07  2.75280000e-07  2.75280000e-07  1.16339995e-02  2.75280000e-07 -9.98970745e-06 
 2.76280000e-07  2.76280000e-07  2.76280000e-07  1.16339995e-02  2.76280000e-07 -9.98970745e-06 
 2.77280000e-07  2.77280000e-07  2.77280000e-07  1.16339995e-02  2.77280000e-07 -9.98970745e-06 
 2.78280000e-07  2.78280000e-07  2.78280000e-07  1.16339995e-02  2.78280000e-07 -9.98970745e-06 
 2.79280000e-07  2.79280000e-07  2.79280000e-07  1.16339995e-02  2.79280000e-07 -9.98970745e-06 
 2.80280000e-07  2.80280000e-07  2.80280000e-07  1.16339995e-02  2.80280000e-07 -9.98970745e-06 
 2.81280000e-07  2.81280000e-07  2.81280000e-07  1.16339995e-02  2.81280000e-07 -9.98970745e-06 
 2.82280000e-07  2.82280000e-07  2.82280000e-07  1.16339995e-02  2.82280000e-07 -9.98970745e-06 
 2.83280000e-07  2.83280000e-07  2.83280000e-07  1.16339995e-02  2.83280000e-07 -9.98970745e-06 
 2.84280000e-07  2.84280000e-07  2.84280000e-07  1.16339995e-02  2.84280000e-07 -9.98970745e-06 
 2.85280000e-07  2.85280000e-07  2.85280000e-07  1.16339995e-02  2.85280000e-07 -9.98970745e-06 
 2.86280000e-07  2.86280000e-07  2.86280000e-07  1.16339995e-02  2.86280000e-07 -9.98970745e-06 
 2.87280000e-07  2.87280000e-07  2.87280000e-07  1.16339995e-02  2.87280000e-07 -9.98970745e-06 
 2.88280000e-07  2.88280000e-07  2.88280000e-07  1.16339995e-02  2.88280000e-07 -9.98970745e-06 
 2.89280000e-07  2.89280000e-07  2.89280000e-07  1.16339995e-02  2.89280000e-07 -9.98970745e-06 
 2.90280000e-07  2.90280000e-07  2.90280000e-07  1.16339995e-02  2.90280000e-07 -9.98970745e-06 
 2.91280000e-07  2.91280000e-07  2.91280000e-07  1.16339995e-02  2.91280000e-07 -9.98970745e-06 
 2.92280000e-07  2.92280000e-07  2.92280000e-07  1.16339995e-02  2.92280000e-07 -9.98970745e-06 
 2.93280000e-07  2.93280000e-07  2.93280000e-07  1.16339995e-02  2.93280000e-07 -9.98970745e-06 
 2.94280000e-07  2.94280000e-07  2.94280000e-07  1.16339995e-02  2.94280000e-07 -9.98970745e-06 
 2.95280000e-07  2.95280000e-07  2.95280000e-07  1.16339995e-02  2.95280000e-07 -9.98970745e-06 
 2.96280000e-07  2.96280000e-07  2.96280000e-07  1.16339995e-02  2.96280000e-07 -9.98970745e-06 
 2.97280000e-07  2.97280000e-07  2.97280000e-07  1.16339995e-02  2.97280000e-07 -9.98970745e-06 
 2.98280000e-07  2.98280000e-07  2.98280000e-07  1.16339995e-02  2.98280000e-07 -9.98970745e-06 
 2.99280000e-07  2.99280000e-07  2.99280000e-07  1.16339995e-02  2.99280000e-07 -9.98970745e-06 
 3.00280000e-07  3.00280000e-07  3.00280000e-07  1.16339995e-02  3.00280000e-07 -9.98970745e-06 
 3.01280000e-07  3.01280000e-07  3.01280000e-07  1.16339995e-02  3.01280000e-07 -9.98970745e-06 
 3.02280000e-07  3.02280000e-07  3.02280000e-07  1.16339995e-02  3.02280000e-07 -9.98970745e-06 
 3.03280000e-07  3.03280000e-07  3.03280000e-07  1.16339995e-02  3.03280000e-07 -9.98970745e-06 
 3.04280000e-07  3.04280000e-07  3.04280000e-07  1.16339995e-02  3.04280000e-07 -9.98970745e-06 
 3.05280000e-07  3.05280000e-07  3.05280000e-07  1.16339995e-02  3.05280000e-07 -9.98970745e-06 
 3.06280000e-07  3.06280000e-07  3.06280000e-07  1.16339995e-02  3.06280000e-07 -9.98970745e-06 
 3.07280000e-07  3.07280000e-07  3.07280000e-07  1.16339995e-02  3.07280000e-07 -9.98970745e-06 
 3.08280000e-07  3.08280000e-07  3.08280000e-07  1.16339995e-02  3.08280000e-07 -9.98970745e-06 
 3.09280000e-07  3.09280000e-07  3.09280000e-07  1.16339995e-02  3.09280000e-07 -9.98970745e-06 
 3.10280000e-07  3.10280000e-07  3.10280000e-07  1.16339995e-02  3.10280000e-07 -9.98970745e-06 
 3.11280000e-07  3.11280000e-07  3.11280000e-07  1.16339995e-02  3.11280000e-07 -9.98970745e-06 
 3.12280000e-07  3.12280000e-07  3.12280000e-07  1.16339995e-02  3.12280000e-07 -9.98970745e-06 
 3.13280000e-07  3.13280000e-07  3.13280000e-07  1.16339995e-02  3.13280000e-07 -9.98970745e-06 
 3.14280000e-07  3.14280000e-07  3.14280000e-07  1.16339995e-02  3.14280000e-07 -9.98970745e-06 
 3.15280000e-07  3.15280000e-07  3.15280000e-07  1.16339995e-02  3.15280000e-07 -9.98970745e-06 
 3.16280000e-07  3.16280000e-07  3.16280000e-07  1.16339995e-02  3.16280000e-07 -9.98970745e-06 
 3.17280000e-07  3.17280000e-07  3.17280000e-07  1.16339995e-02  3.17280000e-07 -9.98970745e-06 
 3.18280000e-07  3.18280000e-07  3.18280000e-07  1.16339995e-02  3.18280000e-07 -9.98970745e-06 
 3.19280000e-07  3.19280000e-07  3.19280000e-07  1.16339995e-02  3.19280000e-07 -9.98970745e-06 
 3.20280000e-07  3.20280000e-07  3.20280000e-07  1.16339995e-02  3.20280000e-07 -9.98970745e-06 
 3.21280000e-07  3.21280000e-07  3.21280000e-07  1.16339995e-02  3.21280000e-07 -9.98970745e-06 
 3.22280000e-07  3.22280000e-07  3.22280000e-07  1.16339995e-02  3.22280000e-07 -9.98970745e-06 
 3.23280000e-07  3.23280000e-07  3.23280000e-07  1.16339995e-02  3.23280000e-07 -9.98970745e-06 
 3.24280000e-07  3.24280000e-07  3.24280000e-07  1.16339995e-02  3.24280000e-07 -9.98970745e-06 
 3.25280000e-07  3.25280000e-07  3.25280000e-07  1.16339995e-02  3.25280000e-07 -9.98970745e-06 
 3.26280000e-07  3.26280000e-07  3.26280000e-07  1.16339995e-02  3.26280000e-07 -9.98970745e-06 
 3.27280000e-07  3.27280000e-07  3.27280000e-07  1.16339995e-02  3.27280000e-07 -9.98970745e-06 
 3.28280000e-07  3.28280000e-07  3.28280000e-07  1.16339995e-02  3.28280000e-07 -9.98970745e-06 
 3.29280000e-07  3.29280000e-07  3.29280000e-07  1.16339995e-02  3.29280000e-07 -9.98970745e-06 
 3.30280000e-07  3.30280000e-07  3.30280000e-07  1.16339995e-02  3.30280000e-07 -9.98970745e-06 
 3.31280000e-07  3.31280000e-07  3.31280000e-07  1.16339995e-02  3.31280000e-07 -9.98970745e-06 
 3.32280000e-07  3.32280000e-07  3.32280000e-07  1.16339995e-02  3.32280000e-07 -9.98970745e-06 
 3.33280000e-07  3.33280000e-07  3.33280000e-07  1.16339995e-02  3.33280000e-07 -9.98970745e-06 
 3.34280000e-07  3.34280000e-07  3.34280000e-07  1.16339995e-02  3.34280000e-07 -9.98970745e-06 
 3.35280000e-07  3.35280000e-07  3.35280000e-07  1.16339995e-02  3.35280000e-07 -9.98970745e-06 
 3.36280000e-07  3.36280000e-07  3.36280000e-07  1.16339995e-02  3.36280000e-07 -9.98970745e-06 
 3.37280000e-07  3.37280000e-07  3.37280000e-07  1.16339995e-02  3.37280000e-07 -9.98970745e-06 
 3.38280000e-07  3.38280000e-07  3.38280000e-07  1.16339995e-02  3.38280000e-07 -9.98970745e-06 
 3.39280000e-07  3.39280000e-07  3.39280000e-07  1.16339995e-02  3.39280000e-07 -9.98970745e-06 
 3.40280000e-07  3.40280000e-07  3.40280000e-07  1.16339995e-02  3.40280000e-07 -9.98970745e-06 
 3.41280000e-07  3.41280000e-07  3.41280000e-07  1.16339995e-02  3.41280000e-07 -9.98970745e-06 
 3.42280000e-07  3.42280000e-07  3.42280000e-07  1.16339995e-02  3.42280000e-07 -9.98970745e-06 
 3.43280000e-07  3.43280000e-07  3.43280000e-07  1.16339995e-02  3.43280000e-07 -9.98970745e-06 
 3.44280000e-07  3.44280000e-07  3.44280000e-07  1.16339995e-02  3.44280000e-07 -9.98970745e-06 
 3.45280000e-07  3.45280000e-07  3.45280000e-07  1.16339995e-02  3.45280000e-07 -9.98970745e-06 
 3.46280000e-07  3.46280000e-07  3.46280000e-07  1.16339995e-02  3.46280000e-07 -9.98970745e-06 
 3.47280000e-07  3.47280000e-07  3.47280000e-07  1.16339995e-02  3.47280000e-07 -9.98970745e-06 
 3.48280000e-07  3.48280000e-07  3.48280000e-07  1.16339995e-02  3.48280000e-07 -9.98970745e-06 
 3.49280000e-07  3.49280000e-07  3.49280000e-07  1.16339995e-02  3.49280000e-07 -9.98970745e-06 
 3.50280000e-07  3.50280000e-07  3.50280000e-07  1.16339995e-02  3.50280000e-07 -9.98970745e-06 
 3.51280000e-07  3.51280000e-07  3.51280000e-07  1.16339995e-02  3.51280000e-07 -9.98970745e-06 
 3.52280000e-07  3.52280000e-07  3.52280000e-07  1.16339995e-02  3.52280000e-07 -9.98970745e-06 
 3.53280000e-07  3.53280000e-07  3.53280000e-07  1.16339995e-02  3.53280000e-07 -9.98970745e-06 
 3.54280000e-07  3.54280000e-07  3.54280000e-07  1.16339995e-02  3.54280000e-07 -9.98970745e-06 
 3.55280000e-07  3.55280000e-07  3.55280000e-07  1.16339995e-02  3.55280000e-07 -9.98970745e-06 
 3.56280000e-07  3.56280000e-07  3.56280000e-07  1.16339995e-02  3.56280000e-07 -9.98970745e-06 
 3.57280000e-07  3.57280000e-07  3.57280000e-07  1.16339995e-02  3.57280000e-07 -9.98970745e-06 
 3.58280000e-07  3.58280000e-07  3.58280000e-07  1.16339995e-02  3.58280000e-07 -9.98970745e-06 
 3.59280000e-07  3.59280000e-07  3.59280000e-07  1.16339995e-02  3.59280000e-07 -9.98970745e-06 
 3.60280000e-07  3.60280000e-07  3.60280000e-07  1.16339995e-02  3.60280000e-07 -9.98970745e-06 
 3.61280000e-07  3.61280000e-07  3.61280000e-07  1.16339995e-02  3.61280000e-07 -9.98970745e-06 
 3.62280000e-07  3.62280000e-07  3.62280000e-07  1.16339995e-02  3.62280000e-07 -9.98970745e-06 
 3.63280000e-07  3.63280000e-07  3.63280000e-07  1.16339995e-02  3.63280000e-07 -9.98970745e-06 
 3.64280000e-07  3.64280000e-07  3.64280000e-07  1.16339995e-02  3.64280000e-07 -9.98970745e-06 
 3.65280000e-07  3.65280000e-07  3.65280000e-07  1.16339995e-02  3.65280000e-07 -9.98970745e-06 
 3.66280000e-07  3.66280000e-07  3.66280000e-07  1.16339995e-02  3.66280000e-07 -9.98970745e-06 
 3.67280000e-07  3.67280000e-07  3.67280000e-07  1.16339995e-02  3.67280000e-07 -9.98970745e-06 
 3.68280000e-07  3.68280000e-07  3.68280000e-07  1.16339995e-02  3.68280000e-07 -9.98970745e-06 
 3.69280000e-07  3.69280000e-07  3.69280000e-07  1.16339995e-02  3.69280000e-07 -9.98970745e-06 
 3.70280000e-07  3.70280000e-07  3.70280000e-07  1.16339995e-02  3.70280000e-07 -9.98970745e-06 
 3.71280000e-07  3.71280000e-07  3.71280000e-07  1.16339995e-02  3.71280000e-07 -9.98970745e-06 
 3.72280000e-07  3.72280000e-07  3.72280000e-07  1.16339995e-02  3.72280000e-07 -9.98970745e-06 
 3.73280000e-07  3.73280000e-07  3.73280000e-07  1.16339995e-02  3.73280000e-07 -9.98970745e-06 
 3.74280000e-07  3.74280000e-07  3.74280000e-07  1.16339995e-02  3.74280000e-07 -9.98970745e-06 
 3.75280000e-07  3.75280000e-07  3.75280000e-07  1.16339995e-02  3.75280000e-07 -9.98970745e-06 
 3.76280000e-07  3.76280000e-07  3.76280000e-07  1.16339995e-02  3.76280000e-07 -9.98970745e-06 
 3.77280000e-07  3.77280000e-07  3.77280000e-07  1.16339995e-02  3.77280000e-07 -9.98970745e-06 
 3.78280000e-07  3.78280000e-07  3.78280000e-07  1.16339995e-02  3.78280000e-07 -9.98970745e-06 
 3.79280000e-07  3.79280000e-07  3.79280000e-07  1.16339995e-02  3.79280000e-07 -9.98970745e-06 
 3.80280000e-07  3.80280000e-07  3.80280000e-07  1.16339995e-02  3.80280000e-07 -9.98970745e-06 
 3.81280000e-07  3.81280000e-07  3.81280000e-07  1.16339995e-02  3.81280000e-07 -9.98970745e-06 
 3.82280000e-07  3.82280000e-07  3.82280000e-07  1.16339995e-02  3.82280000e-07 -9.98970745e-06 
 3.83280000e-07  3.83280000e-07  3.83280000e-07  1.16339995e-02  3.83280000e-07 -9.98970745e-06 
 3.84280000e-07  3.84280000e-07  3.84280000e-07  1.16339995e-02  3.84280000e-07 -9.98970745e-06 
 3.85280000e-07  3.85280000e-07  3.85280000e-07  1.16339995e-02  3.85280000e-07 -9.98970745e-06 
 3.86280000e-07  3.86280000e-07  3.86280000e-07  1.16339995e-02  3.86280000e-07 -9.98970745e-06 
 3.87280000e-07  3.87280000e-07  3.87280000e-07  1.16339995e-02  3.87280000e-07 -9.98970745e-06 
 3.88280000e-07  3.88280000e-07  3.88280000e-07  1.16339995e-02  3.88280000e-07 -9.98970745e-06 
 3.89280000e-07  3.89280000e-07  3.89280000e-07  1.16339995e-02  3.89280000e-07 -9.98970745e-06 
 3.90280000e-07  3.90280000e-07  3.90280000e-07  1.16339995e-02  3.90280000e-07 -9.98970745e-06 
 3.91280000e-07  3.91280000e-07  3.91280000e-07  1.16339995e-02  3.91280000e-07 -9.98970745e-06 
 3.92280000e-07  3.92280000e-07  3.92280000e-07  1.16339995e-02  3.92280000e-07 -9.98970745e-06 
 3.93280000e-07  3.93280000e-07  3.93280000e-07  1.16339995e-02  3.93280000e-07 -9.98970745e-06 
 3.94280000e-07  3.94280000e-07  3.94280000e-07  1.16339995e-02  3.94280000e-07 -9.98970745e-06 
 3.95280000e-07  3.95280000e-07  3.95280000e-07  1.16339995e-02  3.95280000e-07 -9.98970745e-06 
 3.96280000e-07  3.96280000e-07  3.96280000e-07  1.16339995e-02  3.96280000e-07 -9.98970745e-06 
 3.97280000e-07  3.97280000e-07  3.97280000e-07  1.16339995e-02  3.97280000e-07 -9.98970745e-06 
 3.98280000e-07  3.98280000e-07  3.98280000e-07  1.16339995e-02  3.98280000e-07 -9.98970745e-06 
 3.99280000e-07  3.99280000e-07  3.99280000e-07  1.16339995e-02  3.99280000e-07 -9.98970745e-06 
 4.00280000e-07  4.00280000e-07  4.00280000e-07  1.16339995e-02  4.00280000e-07 -9.98970745e-06 
 4.01280000e-07  4.01280000e-07  4.01280000e-07  1.16339995e-02  4.01280000e-07 -9.98970745e-06 
 4.02280000e-07  4.02280000e-07  4.02280000e-07  1.16339995e-02  4.02280000e-07 -9.98970745e-06 
 4.03280000e-07  4.03280000e-07  4.03280000e-07  1.16339995e-02  4.03280000e-07 -9.98970745e-06 
 4.04280000e-07  4.04280000e-07  4.04280000e-07  1.16339995e-02  4.04280000e-07 -9.98970745e-06 
 4.05280000e-07  4.05280000e-07  4.05280000e-07  1.16339995e-02  4.05280000e-07 -9.98970745e-06 
 4.06280000e-07  4.06280000e-07  4.06280000e-07  1.16339995e-02  4.06280000e-07 -9.98970745e-06 
 4.07280000e-07  4.07280000e-07  4.07280000e-07  1.16339995e-02  4.07280000e-07 -9.98970745e-06 
 4.08280000e-07  4.08280000e-07  4.08280000e-07  1.16339995e-02  4.08280000e-07 -9.98970745e-06 
 4.09280000e-07  4.09280000e-07  4.09280000e-07  1.16339995e-02  4.09280000e-07 -9.98970745e-06 
 4.10280000e-07  4.10280000e-07  4.10280000e-07  1.16339995e-02  4.10280000e-07 -9.98970745e-06 
 4.11280000e-07  4.11280000e-07  4.11280000e-07  1.16339995e-02  4.11280000e-07 -9.98970745e-06 
 4.12280000e-07  4.12280000e-07  4.12280000e-07  1.16339995e-02  4.12280000e-07 -9.98970745e-06 
 4.13280000e-07  4.13280000e-07  4.13280000e-07  1.16339995e-02  4.13280000e-07 -9.98970745e-06 
 4.14280000e-07  4.14280000e-07  4.14280000e-07  1.16339995e-02  4.14280000e-07 -9.98970745e-06 
 4.15280000e-07  4.15280000e-07  4.15280000e-07  1.16339995e-02  4.15280000e-07 -9.98970745e-06 
 4.16280000e-07  4.16280000e-07  4.16280000e-07  1.16339995e-02  4.16280000e-07 -9.98970745e-06 
 4.17280000e-07  4.17280000e-07  4.17280000e-07  1.16339995e-02  4.17280000e-07 -9.98970745e-06 
 4.18280000e-07  4.18280000e-07  4.18280000e-07  1.16339995e-02  4.18280000e-07 -9.98970745e-06 
 4.19280000e-07  4.19280000e-07  4.19280000e-07  1.16339995e-02  4.19280000e-07 -9.98970745e-06 
 4.20280000e-07  4.20280000e-07  4.20280000e-07  1.16339995e-02  4.20280000e-07 -9.98970745e-06 
 4.21280000e-07  4.21280000e-07  4.21280000e-07  1.16339995e-02  4.21280000e-07 -9.98970745e-06 
 4.22280000e-07  4.22280000e-07  4.22280000e-07  1.16339995e-02  4.22280000e-07 -9.98970745e-06 
 4.23280000e-07  4.23280000e-07  4.23280000e-07  1.16339995e-02  4.23280000e-07 -9.98970745e-06 
 4.24280000e-07  4.24280000e-07  4.24280000e-07  1.16339995e-02  4.24280000e-07 -9.98970745e-06 
 4.25280000e-07  4.25280000e-07  4.25280000e-07  1.16339995e-02  4.25280000e-07 -9.98970745e-06 
 4.26280000e-07  4.26280000e-07  4.26280000e-07  1.16339995e-02  4.26280000e-07 -9.98970745e-06 
 4.27280000e-07  4.27280000e-07  4.27280000e-07  1.16339995e-02  4.27280000e-07 -9.98970745e-06 
 4.28280000e-07  4.28280000e-07  4.28280000e-07  1.16339995e-02  4.28280000e-07 -9.98970745e-06 
 4.29280000e-07  4.29280000e-07  4.29280000e-07  1.16339995e-02  4.29280000e-07 -9.98970745e-06 
 4.30280000e-07  4.30280000e-07  4.30280000e-07  1.16339995e-02  4.30280000e-07 -9.98970745e-06 
 4.31280000e-07  4.31280000e-07  4.31280000e-07  1.16339995e-02  4.31280000e-07 -9.98970745e-06 
 4.32280000e-07  4.32280000e-07  4.32280000e-07  1.16339995e-02  4.32280000e-07 -9.98970745e-06 
 4.33280000e-07  4.33280000e-07  4.33280000e-07  1.16339995e-02  4.33280000e-07 -9.98970745e-06 
 4.34280000e-07  4.34280000e-07  4.34280000e-07  1.16339995e-02  4.34280000e-07 -9.98970745e-06 
 4.35280000e-07  4.35280000e-07  4.35280000e-07  1.16339995e-02  4.35280000e-07 -9.98970745e-06 
 4.36280000e-07  4.36280000e-07  4.36280000e-07  1.16339995e-02  4.36280000e-07 -9.98970745e-06 
 4.37280000e-07  4.37280000e-07  4.37280000e-07  1.16339995e-02  4.37280000e-07 -9.98970745e-06 
 4.38280000e-07  4.38280000e-07  4.38280000e-07  1.16339995e-02  4.38280000e-07 -9.98970745e-06 
 4.39280000e-07  4.39280000e-07  4.39280000e-07  1.16339995e-02  4.39280000e-07 -9.98970745e-06 
 4.40280000e-07  4.40280000e-07  4.40280000e-07  1.16339995e-02  4.40280000e-07 -9.98970745e-06 
 4.41280000e-07  4.41280000e-07  4.41280000e-07  1.16339995e-02  4.41280000e-07 -9.98970745e-06 
 4.42280000e-07  4.42280000e-07  4.42280000e-07  1.16339995e-02  4.42280000e-07 -9.98970745e-06 
 4.43280000e-07  4.43280000e-07  4.43280000e-07  1.16339995e-02  4.43280000e-07 -9.98970745e-06 
 4.44280000e-07  4.44280000e-07  4.44280000e-07  1.16339995e-02  4.44280000e-07 -9.98970745e-06 
 4.45280000e-07  4.45280000e-07  4.45280000e-07  1.16339995e-02  4.45280000e-07 -9.98970745e-06 
 4.46280000e-07  4.46280000e-07  4.46280000e-07  1.16339995e-02  4.46280000e-07 -9.98970745e-06 
 4.47280000e-07  4.47280000e-07  4.47280000e-07  1.16339995e-02  4.47280000e-07 -9.98970745e-06 
 4.48280000e-07  4.48280000e-07  4.48280000e-07  1.16339995e-02  4.48280000e-07 -9.98970745e-06 
 4.49280000e-07  4.49280000e-07  4.49280000e-07  1.16339995e-02  4.49280000e-07 -9.98970745e-06 
 4.50280000e-07  4.50280000e-07  4.50280000e-07  1.16339995e-02  4.50280000e-07 -9.98970745e-06 
 4.51280000e-07  4.51280000e-07  4.51280000e-07  1.16339995e-02  4.51280000e-07 -9.98970745e-06 
 4.52280000e-07  4.52280000e-07  4.52280000e-07  1.16339995e-02  4.52280000e-07 -9.98970745e-06 
 4.53280000e-07  4.53280000e-07  4.53280000e-07  1.16339995e-02  4.53280000e-07 -9.98970745e-06 
 4.54280000e-07  4.54280000e-07  4.54280000e-07  1.16339995e-02  4.54280000e-07 -9.98970745e-06 
 4.55280000e-07  4.55280000e-07  4.55280000e-07  1.16339995e-02  4.55280000e-07 -9.98970745e-06 
 4.56280000e-07  4.56280000e-07  4.56280000e-07  1.16339995e-02  4.56280000e-07 -9.98970745e-06 
 4.57280000e-07  4.57280000e-07  4.57280000e-07  1.16339995e-02  4.57280000e-07 -9.98970745e-06 
 4.58280000e-07  4.58280000e-07  4.58280000e-07  1.16339995e-02  4.58280000e-07 -9.98970745e-06 
 4.59280000e-07  4.59280000e-07  4.59280000e-07  1.16339995e-02  4.59280000e-07 -9.98970745e-06 
 4.60280000e-07  4.60280000e-07  4.60280000e-07  1.16339995e-02  4.60280000e-07 -9.98970745e-06 
 4.61280000e-07  4.61280000e-07  4.61280000e-07  1.16339995e-02  4.61280000e-07 -9.98970745e-06 
 4.62280000e-07  4.62280000e-07  4.62280000e-07  1.16339995e-02  4.62280000e-07 -9.98970745e-06 
 4.63280000e-07  4.63280000e-07  4.63280000e-07  1.16339995e-02  4.63280000e-07 -9.98970745e-06 
 4.64280000e-07  4.64280000e-07  4.64280000e-07  1.16339995e-02  4.64280000e-07 -9.98970745e-06 
 4.65280000e-07  4.65280000e-07  4.65280000e-07  1.16339995e-02  4.65280000e-07 -9.98970745e-06 
 4.66280000e-07  4.66280000e-07  4.66280000e-07  1.16339995e-02  4.66280000e-07 -9.98970745e-06 
 4.67280000e-07  4.67280000e-07  4.67280000e-07  1.16339995e-02  4.67280000e-07 -9.98970745e-06 
 4.68280000e-07  4.68280000e-07  4.68280000e-07  1.16339995e-02  4.68280000e-07 -9.98970745e-06 
 4.69280000e-07  4.69280000e-07  4.69280000e-07  1.16339995e-02  4.69280000e-07 -9.98970745e-06 
 4.70280000e-07  4.70280000e-07  4.70280000e-07  1.16339995e-02  4.70280000e-07 -9.98970745e-06 
 4.71280000e-07  4.71280000e-07  4.71280000e-07  1.16339995e-02  4.71280000e-07 -9.98970745e-06 
 4.72280000e-07  4.72280000e-07  4.72280000e-07  1.16339995e-02  4.72280000e-07 -9.98970745e-06 
 4.73280000e-07  4.73280000e-07  4.73280000e-07  1.16339995e-02  4.73280000e-07 -9.98970745e-06 
 4.74280000e-07  4.74280000e-07  4.74280000e-07  1.16339995e-02  4.74280000e-07 -9.98970745e-06 
 4.75280000e-07  4.75280000e-07  4.75280000e-07  1.16339995e-02  4.75280000e-07 -9.98970745e-06 
 4.76280000e-07  4.76280000e-07  4.76280000e-07  1.16339995e-02  4.76280000e-07 -9.98970745e-06 
 4.77280000e-07  4.77280000e-07  4.77280000e-07  1.16339995e-02  4.77280000e-07 -9.98970745e-06 
 4.78280000e-07  4.78280000e-07  4.78280000e-07  1.16339995e-02  4.78280000e-07 -9.98970745e-06 
 4.79280000e-07  4.79280000e-07  4.79280000e-07  1.16339995e-02  4.79280000e-07 -9.98970745e-06 
 4.80280000e-07  4.80280000e-07  4.80280000e-07  1.16339995e-02  4.80280000e-07 -9.98970745e-06 
 4.81280000e-07  4.81280000e-07  4.81280000e-07  1.16339995e-02  4.81280000e-07 -9.98970745e-06 
 4.82280000e-07  4.82280000e-07  4.82280000e-07  1.16339995e-02  4.82280000e-07 -9.98970745e-06 
 4.83280000e-07  4.83280000e-07  4.83280000e-07  1.16339995e-02  4.83280000e-07 -9.98970745e-06 
 4.84280000e-07  4.84280000e-07  4.84280000e-07  1.16339995e-02  4.84280000e-07 -9.98970745e-06 
 4.85280000e-07  4.85280000e-07  4.85280000e-07  1.16339995e-02  4.85280000e-07 -9.98970745e-06 
 4.86280000e-07  4.86280000e-07  4.86280000e-07  1.16339995e-02  4.86280000e-07 -9.98970745e-06 
 4.87280000e-07  4.87280000e-07  4.87280000e-07  1.16339995e-02  4.87280000e-07 -9.98970745e-06 
 4.88280000e-07  4.88280000e-07  4.88280000e-07  1.16339995e-02  4.88280000e-07 -9.98970745e-06 
 4.89280000e-07  4.89280000e-07  4.89280000e-07  1.16339995e-02  4.89280000e-07 -9.98970745e-06 
 4.90280000e-07  4.90280000e-07  4.90280000e-07  1.16339995e-02  4.90280000e-07 -9.98970745e-06 
 4.91280000e-07  4.91280000e-07  4.91280000e-07  1.16339995e-02  4.91280000e-07 -9.98970745e-06 
 4.92280000e-07  4.92280000e-07  4.92280000e-07  1.16339995e-02  4.92280000e-07 -9.98970745e-06 
 4.93280000e-07  4.93280000e-07  4.93280000e-07  1.16339995e-02  4.93280000e-07 -9.98970745e-06 
 4.94280000e-07  4.94280000e-07  4.94280000e-07  1.16339995e-02  4.94280000e-07 -9.98970745e-06 
 4.95280000e-07  4.95280000e-07  4.95280000e-07  1.16339995e-02  4.95280000e-07 -9.98970745e-06 
 4.96280000e-07  4.96280000e-07  4.96280000e-07  1.16339995e-02  4.96280000e-07 -9.98970745e-06 
 4.97280000e-07  4.97280000e-07  4.97280000e-07  1.16339995e-02  4.97280000e-07 -9.98970745e-06 
 4.98280000e-07  4.98280000e-07  4.98280000e-07  1.16339995e-02  4.98280000e-07 -9.98970745e-06 
 4.99280000e-07  4.99280000e-07  4.99280000e-07  1.16339995e-02  4.99280000e-07 -9.98970745e-06 
 5.00280000e-07  5.00280000e-07  5.00280000e-07  1.16339995e-02  5.00280000e-07 -9.98970745e-06 
 5.01280000e-07  5.01280000e-07  5.01280000e-07  1.16339995e-02  5.01280000e-07 -9.98970745e-06 
 5.02280000e-07  5.02280000e-07  5.02280000e-07  1.16339995e-02  5.02280000e-07 -9.98970745e-06 
 5.03280000e-07  5.03280000e-07  5.03280000e-07  1.16339995e-02  5.03280000e-07 -9.98970745e-06 
 5.04280000e-07  5.04280000e-07  5.04280000e-07  1.16339995e-02  5.04280000e-07 -9.98970745e-06 
 5.05280000e-07  5.05280000e-07  5.05280000e-07  1.16339995e-02  5.05280000e-07 -9.98970745e-06 
 5.06280000e-07  5.06280000e-07  5.06280000e-07  1.16339995e-02  5.06280000e-07 -9.98970745e-06 
 5.07280000e-07  5.07280000e-07  5.07280000e-07  1.16339995e-02  5.07280000e-07 -9.98970745e-06 
 5.08280000e-07  5.08280000e-07  5.08280000e-07  1.16339995e-02  5.08280000e-07 -9.98970745e-06 
 5.09280000e-07  5.09280000e-07  5.09280000e-07  1.16339995e-02  5.09280000e-07 -9.98970745e-06 
 5.10280000e-07  5.10280000e-07  5.10280000e-07  1.16339995e-02  5.10280000e-07 -9.98970745e-06 
 5.11280000e-07  5.11280000e-07  5.11280000e-07  1.16339995e-02  5.11280000e-07 -9.98970745e-06 
 5.12280000e-07  5.12280000e-07  5.12280000e-07  1.16339995e-02  5.12280000e-07 -9.98970745e-06 
 5.13280000e-07  5.13280000e-07  5.13280000e-07  1.16339995e-02  5.13280000e-07 -9.98970745e-06 
 5.14280000e-07  5.14280000e-07  5.14280000e-07  1.16339995e-02  5.14280000e-07 -9.98970745e-06 
 5.15280000e-07  5.15280000e-07  5.15280000e-07  1.16339995e-02  5.15280000e-07 -9.98970745e-06 
 5.16280000e-07  5.16280000e-07  5.16280000e-07  1.16339995e-02  5.16280000e-07 -9.98970745e-06 
 5.17280000e-07  5.17280000e-07  5.17280000e-07  1.16339995e-02  5.17280000e-07 -9.98970745e-06 
 5.18280000e-07  5.18280000e-07  5.18280000e-07  1.16339995e-02  5.18280000e-07 -9.98970745e-06 
 5.19280000e-07  5.19280000e-07  5.19280000e-07  1.16339995e-02  5.19280000e-07 -9.98970745e-06 
 5.20280000e-07  5.20280000e-07  5.20280000e-07  1.16339995e-02  5.20280000e-07 -9.98970745e-06 
 5.21280000e-07  5.21280000e-07  5.21280000e-07  1.16339995e-02  5.21280000e-07 -9.98970745e-06 
 5.22280000e-07  5.22280000e-07  5.22280000e-07  1.16339995e-02  5.22280000e-07 -9.98970745e-06 
 5.23280000e-07  5.23280000e-07  5.23280000e-07  1.16339995e-02  5.23280000e-07 -9.98970745e-06 
 5.24280000e-07  5.24280000e-07  5.24280000e-07  1.16339995e-02  5.24280000e-07 -9.98970745e-06 
 5.25280000e-07  5.25280000e-07  5.25280000e-07  1.16339995e-02  5.25280000e-07 -9.98970745e-06 
 5.26280000e-07  5.26280000e-07  5.26280000e-07  1.16339995e-02  5.26280000e-07 -9.98970745e-06 
 5.27280000e-07  5.27280000e-07  5.27280000e-07  1.16339995e-02  5.27280000e-07 -9.98970745e-06 
 5.28280000e-07  5.28280000e-07  5.28280000e-07  1.16339995e-02  5.28280000e-07 -9.98970745e-06 
 5.29280000e-07  5.29280000e-07  5.29280000e-07  1.16339995e-02  5.29280000e-07 -9.98970745e-06 
 5.30280000e-07  5.30280000e-07  5.30280000e-07  1.16339995e-02  5.30280000e-07 -9.98970745e-06 
 5.31280000e-07  5.31280000e-07  5.31280000e-07  1.16339995e-02  5.31280000e-07 -9.98970745e-06 
 5.32280000e-07  5.32280000e-07  5.32280000e-07  1.16339995e-02  5.32280000e-07 -9.98970745e-06 
 5.33280000e-07  5.33280000e-07  5.33280000e-07  1.16339995e-02  5.33280000e-07 -9.98970745e-06 
 5.34280000e-07  5.34280000e-07  5.34280000e-07  1.16339995e-02  5.34280000e-07 -9.98970745e-06 
 5.35280000e-07  5.35280000e-07  5.35280000e-07  1.16339995e-02  5.35280000e-07 -9.98970745e-06 
 5.36280000e-07  5.36280000e-07  5.36280000e-07  1.16339995e-02  5.36280000e-07 -9.98970745e-06 
 5.37280000e-07  5.37280000e-07  5.37280000e-07  1.16339995e-02  5.37280000e-07 -9.98970745e-06 
 5.38280000e-07  5.38280000e-07  5.38280000e-07  1.16339995e-02  5.38280000e-07 -9.98970745e-06 
 5.39280000e-07  5.39280000e-07  5.39280000e-07  1.16339995e-02  5.39280000e-07 -9.98970745e-06 
 5.40280000e-07  5.40280000e-07  5.40280000e-07  1.16339995e-02  5.40280000e-07 -9.98970745e-06 
 5.41280000e-07  5.41280000e-07  5.41280000e-07  1.16339995e-02  5.41280000e-07 -9.98970745e-06 
 5.42280000e-07  5.42280000e-07  5.42280000e-07  1.16339995e-02  5.42280000e-07 -9.98970745e-06 
 5.43280000e-07  5.43280000e-07  5.43280000e-07  1.16339995e-02  5.43280000e-07 -9.98970745e-06 
 5.44280000e-07  5.44280000e-07  5.44280000e-07  1.16339995e-02  5.44280000e-07 -9.98970745e-06 
 5.45280000e-07  5.45280000e-07  5.45280000e-07  1.16339995e-02  5.45280000e-07 -9.98970745e-06 
 5.46280000e-07  5.46280000e-07  5.46280000e-07  1.16339995e-02  5.46280000e-07 -9.98970745e-06 
 5.47280000e-07  5.47280000e-07  5.47280000e-07  1.16339995e-02  5.47280000e-07 -9.98970745e-06 
 5.48280000e-07  5.48280000e-07  5.48280000e-07  1.16339995e-02  5.48280000e-07 -9.98970745e-06 
 5.49280000e-07  5.49280000e-07  5.49280000e-07  1.16339995e-02  5.49280000e-07 -9.98970745e-06 
 5.50280000e-07  5.50280000e-07  5.50280000e-07  1.16339995e-02  5.50280000e-07 -9.98970745e-06 
 5.51280000e-07  5.51280000e-07  5.51280000e-07  1.16339995e-02  5.51280000e-07 -9.98970745e-06 
 5.52280000e-07  5.52280000e-07  5.52280000e-07  1.16339995e-02  5.52280000e-07 -9.98970745e-06 
 5.53280000e-07  5.53280000e-07  5.53280000e-07  1.16339995e-02  5.53280000e-07 -9.98970745e-06 
 5.54280000e-07  5.54280000e-07  5.54280000e-07  1.16339995e-02  5.54280000e-07 -9.98970745e-06 
 5.55280000e-07  5.55280000e-07  5.55280000e-07  1.16339995e-02  5.55280000e-07 -9.98970745e-06 
 5.56280000e-07  5.56280000e-07  5.56280000e-07  1.16339995e-02  5.56280000e-07 -9.98970745e-06 
 5.57280000e-07  5.57280000e-07  5.57280000e-07  1.16339995e-02  5.57280000e-07 -9.98970745e-06 
 5.58280000e-07  5.58280000e-07  5.58280000e-07  1.16339995e-02  5.58280000e-07 -9.98970745e-06 
 5.59280000e-07  5.59280000e-07  5.59280000e-07  1.16339995e-02  5.59280000e-07 -9.98970745e-06 
 5.60280000e-07  5.60280000e-07  5.60280000e-07  1.16339995e-02  5.60280000e-07 -9.98970745e-06 
 5.61280000e-07  5.61280000e-07  5.61280000e-07  1.16339995e-02  5.61280000e-07 -9.98970745e-06 
 5.62280000e-07  5.62280000e-07  5.62280000e-07  1.16339995e-02  5.62280000e-07 -9.98970745e-06 
 5.63280000e-07  5.63280000e-07  5.63280000e-07  1.16339995e-02  5.63280000e-07 -9.98970745e-06 
 5.64280000e-07  5.64280000e-07  5.64280000e-07  1.16339995e-02  5.64280000e-07 -9.98970745e-06 
 5.65280000e-07  5.65280000e-07  5.65280000e-07  1.16339995e-02  5.65280000e-07 -9.98970745e-06 
 5.66280000e-07  5.66280000e-07  5.66280000e-07  1.16339995e-02  5.66280000e-07 -9.98970745e-06 
 5.67280000e-07  5.67280000e-07  5.67280000e-07  1.16339995e-02  5.67280000e-07 -9.98970745e-06 
 5.68280000e-07  5.68280000e-07  5.68280000e-07  1.16339995e-02  5.68280000e-07 -9.98970745e-06 
 5.69280000e-07  5.69280000e-07  5.69280000e-07  1.16339995e-02  5.69280000e-07 -9.98970745e-06 
 5.70280000e-07  5.70280000e-07  5.70280000e-07  1.16339995e-02  5.70280000e-07 -9.98970745e-06 
 5.71280000e-07  5.71280000e-07  5.71280000e-07  1.16339995e-02  5.71280000e-07 -9.98970745e-06 
 5.72280000e-07  5.72280000e-07  5.72280000e-07  1.16339995e-02  5.72280000e-07 -9.98970745e-06 
 5.73280000e-07  5.73280000e-07  5.73280000e-07  1.16339995e-02  5.73280000e-07 -9.98970745e-06 
 5.74280000e-07  5.74280000e-07  5.74280000e-07  1.16339995e-02  5.74280000e-07 -9.98970745e-06 
 5.75280000e-07  5.75280000e-07  5.75280000e-07  1.16339995e-02  5.75280000e-07 -9.98970745e-06 
 5.76280000e-07  5.76280000e-07  5.76280000e-07  1.16339995e-02  5.76280000e-07 -9.98970745e-06 
 5.77280000e-07  5.77280000e-07  5.77280000e-07  1.16339995e-02  5.77280000e-07 -9.98970745e-06 
 5.78280000e-07  5.78280000e-07  5.78280000e-07  1.16339995e-02  5.78280000e-07 -9.98970745e-06 
 5.79280000e-07  5.79280000e-07  5.79280000e-07  1.16339995e-02  5.79280000e-07 -9.98970745e-06 
 5.80280000e-07  5.80280000e-07  5.80280000e-07  1.16339995e-02  5.80280000e-07 -9.98970745e-06 
 5.81280000e-07  5.81280000e-07  5.81280000e-07  1.16339995e-02  5.81280000e-07 -9.98970745e-06 
 5.82280000e-07  5.82280000e-07  5.82280000e-07  1.16339995e-02  5.82280000e-07 -9.98970745e-06 
 5.83280000e-07  5.83280000e-07  5.83280000e-07  1.16339995e-02  5.83280000e-07 -9.98970745e-06 
 5.84280000e-07  5.84280000e-07  5.84280000e-07  1.16339995e-02  5.84280000e-07 -9.98970745e-06 
 5.85280000e-07  5.85280000e-07  5.85280000e-07  1.16339995e-02  5.85280000e-07 -9.98970745e-06 
 5.86280000e-07  5.86280000e-07  5.86280000e-07  1.16339995e-02  5.86280000e-07 -9.98970745e-06 
 5.87280000e-07  5.87280000e-07  5.87280000e-07  1.16339995e-02  5.87280000e-07 -9.98970745e-06 
 5.88280000e-07  5.88280000e-07  5.88280000e-07  1.16339995e-02  5.88280000e-07 -9.98970745e-06 
 5.89280000e-07  5.89280000e-07  5.89280000e-07  1.16339995e-02  5.89280000e-07 -9.98970745e-06 
 5.90280000e-07  5.90280000e-07  5.90280000e-07  1.16339995e-02  5.90280000e-07 -9.98970745e-06 
 5.91280000e-07  5.91280000e-07  5.91280000e-07  1.16339995e-02  5.91280000e-07 -9.98970745e-06 
 5.92280000e-07  5.92280000e-07  5.92280000e-07  1.16339995e-02  5.92280000e-07 -9.98970745e-06 
 5.93280000e-07  5.93280000e-07  5.93280000e-07  1.16339995e-02  5.93280000e-07 -9.98970745e-06 
 5.94280000e-07  5.94280000e-07  5.94280000e-07  1.16339995e-02  5.94280000e-07 -9.98970745e-06 
 5.95280000e-07  5.95280000e-07  5.95280000e-07  1.16339995e-02  5.95280000e-07 -9.98970745e-06 
 5.96280000e-07  5.96280000e-07  5.96280000e-07  1.16339995e-02  5.96280000e-07 -9.98970745e-06 
 5.97280000e-07  5.97280000e-07  5.97280000e-07  1.16339995e-02  5.97280000e-07 -9.98970745e-06 
 5.98280000e-07  5.98280000e-07  5.98280000e-07  1.16339995e-02  5.98280000e-07 -9.98970745e-06 
 5.99280000e-07  5.99280000e-07  5.99280000e-07  1.16339995e-02  5.99280000e-07 -9.98970745e-06 
 6.00280000e-07  6.00280000e-07  6.00280000e-07  1.16339995e-02  6.00280000e-07 -9.98970745e-06 
 6.01280000e-07  6.01280000e-07  6.01280000e-07  1.16339995e-02  6.01280000e-07 -9.98970745e-06 
 6.02280000e-07  6.02280000e-07  6.02280000e-07  1.16339995e-02  6.02280000e-07 -9.98970745e-06 
 6.03280000e-07  6.03280000e-07  6.03280000e-07  1.16339995e-02  6.03280000e-07 -9.98970745e-06 
 6.04280000e-07  6.04280000e-07  6.04280000e-07  1.16339995e-02  6.04280000e-07 -9.98970745e-06 
 6.05280000e-07  6.05280000e-07  6.05280000e-07  1.16339995e-02  6.05280000e-07 -9.98970745e-06 
 6.06280000e-07  6.06280000e-07  6.06280000e-07  1.16339995e-02  6.06280000e-07 -9.98970745e-06 
 6.07280000e-07  6.07280000e-07  6.07280000e-07  1.16339995e-02  6.07280000e-07 -9.98970745e-06 
 6.08280000e-07  6.08280000e-07  6.08280000e-07  1.16339995e-02  6.08280000e-07 -9.98970745e-06 
 6.09280000e-07  6.09280000e-07  6.09280000e-07  1.16339995e-02  6.09280000e-07 -9.98970745e-06 
 6.10280000e-07  6.10280000e-07  6.10280000e-07  1.16339995e-02  6.10280000e-07 -9.98970745e-06 
 6.11280000e-07  6.11280000e-07  6.11280000e-07  1.16339995e-02  6.11280000e-07 -9.98970745e-06 
 6.12280000e-07  6.12280000e-07  6.12280000e-07  1.16339995e-02  6.12280000e-07 -9.98970745e-06 
 6.13280000e-07  6.13280000e-07  6.13280000e-07  1.16339995e-02  6.13280000e-07 -9.98970745e-06 
 6.14280000e-07  6.14280000e-07  6.14280000e-07  1.16339995e-02  6.14280000e-07 -9.98970745e-06 
 6.15280000e-07  6.15280000e-07  6.15280000e-07  1.16339995e-02  6.15280000e-07 -9.98970745e-06 
 6.16280000e-07  6.16280000e-07  6.16280000e-07  1.16339995e-02  6.16280000e-07 -9.98970745e-06 
 6.17280000e-07  6.17280000e-07  6.17280000e-07  1.16339995e-02  6.17280000e-07 -9.98970745e-06 
 6.18280000e-07  6.18280000e-07  6.18280000e-07  1.16339995e-02  6.18280000e-07 -9.98970745e-06 
 6.19280000e-07  6.19280000e-07  6.19280000e-07  1.16339995e-02  6.19280000e-07 -9.98970745e-06 
 6.20280000e-07  6.20280000e-07  6.20280000e-07  1.16339995e-02  6.20280000e-07 -9.98970745e-06 
 6.21280000e-07  6.21280000e-07  6.21280000e-07  1.16339995e-02  6.21280000e-07 -9.98970745e-06 
 6.22280000e-07  6.22280000e-07  6.22280000e-07  1.16339995e-02  6.22280000e-07 -9.98970745e-06 
 6.23280000e-07  6.23280000e-07  6.23280000e-07  1.16339995e-02  6.23280000e-07 -9.98970745e-06 
 6.24280000e-07  6.24280000e-07  6.24280000e-07  1.16339995e-02  6.24280000e-07 -9.98970745e-06 
 6.25280000e-07  6.25280000e-07  6.25280000e-07  1.16339995e-02  6.25280000e-07 -9.98970745e-06 
 6.26280000e-07  6.26280000e-07  6.26280000e-07  1.16339995e-02  6.26280000e-07 -9.98970745e-06 
 6.27280000e-07  6.27280000e-07  6.27280000e-07  1.16339995e-02  6.27280000e-07 -9.98970745e-06 
 6.28280000e-07  6.28280000e-07  6.28280000e-07  1.16339995e-02  6.28280000e-07 -9.98970745e-06 
 6.29280000e-07  6.29280000e-07  6.29280000e-07  1.16339995e-02  6.29280000e-07 -9.98970745e-06 
 6.30280000e-07  6.30280000e-07  6.30280000e-07  1.16339995e-02  6.30280000e-07 -9.98970745e-06 
 6.31280000e-07  6.31280000e-07  6.31280000e-07  1.16339995e-02  6.31280000e-07 -9.98970745e-06 
 6.32280000e-07  6.32280000e-07  6.32280000e-07  1.16339995e-02  6.32280000e-07 -9.98970745e-06 
 6.33280000e-07  6.33280000e-07  6.33280000e-07  1.16339995e-02  6.33280000e-07 -9.98970745e-06 
 6.34280000e-07  6.34280000e-07  6.34280000e-07  1.16339995e-02  6.34280000e-07 -9.98970745e-06 
 6.35280000e-07  6.35280000e-07  6.35280000e-07  1.16339995e-02  6.35280000e-07 -9.98970745e-06 
 6.36280000e-07  6.36280000e-07  6.36280000e-07  1.16339995e-02  6.36280000e-07 -9.98970745e-06 
 6.37280000e-07  6.37280000e-07  6.37280000e-07  1.16339995e-02  6.37280000e-07 -9.98970745e-06 
 6.38280000e-07  6.38280000e-07  6.38280000e-07  1.16339995e-02  6.38280000e-07 -9.98970745e-06 
 6.39280000e-07  6.39280000e-07  6.39280000e-07  1.16339995e-02  6.39280000e-07 -9.98970745e-06 
 6.40280000e-07  6.40280000e-07  6.40280000e-07  1.16339995e-02  6.40280000e-07 -9.98970745e-06 
 6.41280000e-07  6.41280000e-07  6.41280000e-07  1.16339995e-02  6.41280000e-07 -9.98970745e-06 
 6.42280000e-07  6.42280000e-07  6.42280000e-07  1.16339995e-02  6.42280000e-07 -9.98970745e-06 
 6.43280000e-07  6.43280000e-07  6.43280000e-07  1.16339995e-02  6.43280000e-07 -9.98970745e-06 
 6.44280000e-07  6.44280000e-07  6.44280000e-07  1.16339995e-02  6.44280000e-07 -9.98970745e-06 
 6.45280000e-07  6.45280000e-07  6.45280000e-07  1.16339995e-02  6.45280000e-07 -9.98970745e-06 
 6.46280000e-07  6.46280000e-07  6.46280000e-07  1.16339995e-02  6.46280000e-07 -9.98970745e-06 
 6.47280000e-07  6.47280000e-07  6.47280000e-07  1.16339995e-02  6.47280000e-07 -9.98970745e-06 
 6.48280000e-07  6.48280000e-07  6.48280000e-07  1.16339995e-02  6.48280000e-07 -9.98970745e-06 
 6.49280000e-07  6.49280000e-07  6.49280000e-07  1.16339995e-02  6.49280000e-07 -9.98970745e-06 
 6.50280000e-07  6.50280000e-07  6.50280000e-07  1.16339995e-02  6.50280000e-07 -9.98970745e-06 
 6.51280000e-07  6.51280000e-07  6.51280000e-07  1.16339995e-02  6.51280000e-07 -9.98970745e-06 
 6.52280000e-07  6.52280000e-07  6.52280000e-07  1.16339995e-02  6.52280000e-07 -9.98970745e-06 
 6.53280000e-07  6.53280000e-07  6.53280000e-07  1.16339995e-02  6.53280000e-07 -9.98970745e-06 
 6.54280000e-07  6.54280000e-07  6.54280000e-07  1.16339995e-02  6.54280000e-07 -9.98970745e-06 
 6.55280000e-07  6.55280000e-07  6.55280000e-07  1.16339995e-02  6.55280000e-07 -9.98970745e-06 
 6.56280000e-07  6.56280000e-07  6.56280000e-07  1.16339995e-02  6.56280000e-07 -9.98970745e-06 
 6.57280000e-07  6.57280000e-07  6.57280000e-07  1.16339995e-02  6.57280000e-07 -9.98970745e-06 
 6.58280000e-07  6.58280000e-07  6.58280000e-07  1.16339995e-02  6.58280000e-07 -9.98970745e-06 
 6.59280000e-07  6.59280000e-07  6.59280000e-07  1.16339995e-02  6.59280000e-07 -9.98970745e-06 
 6.60280000e-07  6.60280000e-07  6.60280000e-07  1.16339995e-02  6.60280000e-07 -9.98970745e-06 
 6.61280000e-07  6.61280000e-07  6.61280000e-07  1.16339995e-02  6.61280000e-07 -9.98970745e-06 
 6.62280000e-07  6.62280000e-07  6.62280000e-07  1.16339995e-02  6.62280000e-07 -9.98970745e-06 
 6.63280000e-07  6.63280000e-07  6.63280000e-07  1.16339995e-02  6.63280000e-07 -9.98970745e-06 
 6.64280000e-07  6.64280000e-07  6.64280000e-07  1.16339995e-02  6.64280000e-07 -9.98970745e-06 
 6.65280000e-07  6.65280000e-07  6.65280000e-07  1.16339995e-02  6.65280000e-07 -9.98970745e-06 
 6.66280000e-07  6.66280000e-07  6.66280000e-07  1.16339995e-02  6.66280000e-07 -9.98970745e-06 
 6.67280000e-07  6.67280000e-07  6.67280000e-07  1.16339995e-02  6.67280000e-07 -9.98970745e-06 
 6.68280000e-07  6.68280000e-07  6.68280000e-07  1.16339995e-02  6.68280000e-07 -9.98970745e-06 
 6.69280000e-07  6.69280000e-07  6.69280000e-07  1.16339995e-02  6.69280000e-07 -9.98970745e-06 
 6.70280000e-07  6.70280000e-07  6.70280000e-07  1.16339995e-02  6.70280000e-07 -9.98970745e-06 
 6.71280000e-07  6.71280000e-07  6.71280000e-07  1.16339995e-02  6.71280000e-07 -9.98970745e-06 
 6.72280000e-07  6.72280000e-07  6.72280000e-07  1.16339995e-02  6.72280000e-07 -9.98970745e-06 
 6.73280000e-07  6.73280000e-07  6.73280000e-07  1.16339995e-02  6.73280000e-07 -9.98970745e-06 
 6.74280000e-07  6.74280000e-07  6.74280000e-07  1.16339995e-02  6.74280000e-07 -9.98970745e-06 
 6.75280000e-07  6.75280000e-07  6.75280000e-07  1.16339995e-02  6.75280000e-07 -9.98970745e-06 
 6.76280000e-07  6.76280000e-07  6.76280000e-07  1.16339995e-02  6.76280000e-07 -9.98970745e-06 
 6.77280000e-07  6.77280000e-07  6.77280000e-07  1.16339995e-02  6.77280000e-07 -9.98970745e-06 
 6.78280000e-07  6.78280000e-07  6.78280000e-07  1.16339995e-02  6.78280000e-07 -9.98970745e-06 
 6.79280000e-07  6.79280000e-07  6.79280000e-07  1.16339995e-02  6.79280000e-07 -9.98970745e-06 
 6.80280000e-07  6.80280000e-07  6.80280000e-07  1.16339995e-02  6.80280000e-07 -9.98970745e-06 
 6.81280000e-07  6.81280000e-07  6.81280000e-07  1.16339995e-02  6.81280000e-07 -9.98970745e-06 
 6.82280000e-07  6.82280000e-07  6.82280000e-07  1.16339995e-02  6.82280000e-07 -9.98970745e-06 
 6.83280000e-07  6.83280000e-07  6.83280000e-07  1.16339995e-02  6.83280000e-07 -9.98970745e-06 
 6.84280000e-07  6.84280000e-07  6.84280000e-07  1.16339995e-02  6.84280000e-07 -9.98970745e-06 
 6.85280000e-07  6.85280000e-07  6.85280000e-07  1.16339995e-02  6.85280000e-07 -9.98970745e-06 
 6.86280000e-07  6.86280000e-07  6.86280000e-07  1.16339995e-02  6.86280000e-07 -9.98970745e-06 
 6.87280000e-07  6.87280000e-07  6.87280000e-07  1.16339995e-02  6.87280000e-07 -9.98970745e-06 
 6.88280000e-07  6.88280000e-07  6.88280000e-07  1.16339995e-02  6.88280000e-07 -9.98970745e-06 
 6.89280000e-07  6.89280000e-07  6.89280000e-07  1.16339995e-02  6.89280000e-07 -9.98970745e-06 
 6.90280000e-07  6.90280000e-07  6.90280000e-07  1.16339995e-02  6.90280000e-07 -9.98970745e-06 
 6.91280000e-07  6.91280000e-07  6.91280000e-07  1.16339995e-02  6.91280000e-07 -9.98970745e-06 
 6.92280000e-07  6.92280000e-07  6.92280000e-07  1.16339995e-02  6.92280000e-07 -9.98970745e-06 
 6.93280000e-07  6.93280000e-07  6.93280000e-07  1.16339995e-02  6.93280000e-07 -9.98970745e-06 
 6.94280000e-07  6.94280000e-07  6.94280000e-07  1.16339995e-02  6.94280000e-07 -9.98970745e-06 
 6.95280000e-07  6.95280000e-07  6.95280000e-07  1.16339995e-02  6.95280000e-07 -9.98970745e-06 
 6.96280000e-07  6.96280000e-07  6.96280000e-07  1.16339995e-02  6.96280000e-07 -9.98970745e-06 
 6.97280000e-07  6.97280000e-07  6.97280000e-07  1.16339995e-02  6.97280000e-07 -9.98970745e-06 
 6.98280000e-07  6.98280000e-07  6.98280000e-07  1.16339995e-02  6.98280000e-07 -9.98970745e-06 
 6.99280000e-07  6.99280000e-07  6.99280000e-07  1.16339995e-02  6.99280000e-07 -9.98970745e-06 
 7.00280000e-07  7.00280000e-07  7.00280000e-07  1.16339995e-02  7.00280000e-07 -9.98970745e-06 
 7.01280000e-07  7.01280000e-07  7.01280000e-07  1.16339995e-02  7.01280000e-07 -9.98970745e-06 
 7.02280000e-07  7.02280000e-07  7.02280000e-07  1.16339995e-02  7.02280000e-07 -9.98970745e-06 
 7.03280000e-07  7.03280000e-07  7.03280000e-07  1.16339995e-02  7.03280000e-07 -9.98970745e-06 
 7.04280000e-07  7.04280000e-07  7.04280000e-07  1.16339995e-02  7.04280000e-07 -9.98970745e-06 
 7.05280000e-07  7.05280000e-07  7.05280000e-07  1.16339995e-02  7.05280000e-07 -9.98970745e-06 
 7.06280000e-07  7.06280000e-07  7.06280000e-07  1.16339995e-02  7.06280000e-07 -9.98970745e-06 
 7.07280000e-07  7.07280000e-07  7.07280000e-07  1.16339995e-02  7.07280000e-07 -9.98970745e-06 
 7.08280000e-07  7.08280000e-07  7.08280000e-07  1.16339995e-02  7.08280000e-07 -9.98970745e-06 
 7.09280000e-07  7.09280000e-07  7.09280000e-07  1.16339995e-02  7.09280000e-07 -9.98970745e-06 
 7.10280000e-07  7.10280000e-07  7.10280000e-07  1.16339995e-02  7.10280000e-07 -9.98970745e-06 
 7.11280000e-07  7.11280000e-07  7.11280000e-07  1.16339995e-02  7.11280000e-07 -9.98970745e-06 
 7.12280000e-07  7.12280000e-07  7.12280000e-07  1.16339995e-02  7.12280000e-07 -9.98970745e-06 
 7.13280000e-07  7.13280000e-07  7.13280000e-07  1.16339995e-02  7.13280000e-07 -9.98970745e-06 
 7.14280000e-07  7.14280000e-07  7.14280000e-07  1.16339995e-02  7.14280000e-07 -9.98970745e-06 
 7.15280000e-07  7.15280000e-07  7.15280000e-07  1.16339995e-02  7.15280000e-07 -9.98970745e-06 
 7.16280000e-07  7.16280000e-07  7.16280000e-07  1.16339995e-02  7.16280000e-07 -9.98970745e-06 
 7.17280000e-07  7.17280000e-07  7.17280000e-07  1.16339995e-02  7.17280000e-07 -9.98970745e-06 
 7.18280000e-07  7.18280000e-07  7.18280000e-07  1.16339995e-02  7.18280000e-07 -9.98970745e-06 
 7.19280000e-07  7.19280000e-07  7.19280000e-07  1.16339995e-02  7.19280000e-07 -9.98970745e-06 
 7.20280000e-07  7.20280000e-07  7.20280000e-07  1.16339995e-02  7.20280000e-07 -9.98970745e-06 
 7.21280000e-07  7.21280000e-07  7.21280000e-07  1.16339995e-02  7.21280000e-07 -9.98970745e-06 
 7.22280000e-07  7.22280000e-07  7.22280000e-07  1.16339995e-02  7.22280000e-07 -9.98970745e-06 
 7.23280000e-07  7.23280000e-07  7.23280000e-07  1.16339995e-02  7.23280000e-07 -9.98970745e-06 
 7.24280000e-07  7.24280000e-07  7.24280000e-07  1.16339995e-02  7.24280000e-07 -9.98970745e-06 
 7.25280000e-07  7.25280000e-07  7.25280000e-07  1.16339995e-02  7.25280000e-07 -9.98970745e-06 
 7.26280000e-07  7.26280000e-07  7.26280000e-07  1.16339995e-02  7.26280000e-07 -9.98970745e-06 
 7.27280000e-07  7.27280000e-07  7.27280000e-07  1.16339995e-02  7.27280000e-07 -9.98970745e-06 
 7.28280000e-07  7.28280000e-07  7.28280000e-07  1.16339995e-02  7.28280000e-07 -9.98970745e-06 
 7.29280000e-07  7.29280000e-07  7.29280000e-07  1.16339995e-02  7.29280000e-07 -9.98970745e-06 
 7.30280000e-07  7.30280000e-07  7.30280000e-07  1.16339995e-02  7.30280000e-07 -9.98970745e-06 
 7.31280000e-07  7.31280000e-07  7.31280000e-07  1.16339995e-02  7.31280000e-07 -9.98970745e-06 
 7.32280000e-07  7.32280000e-07  7.32280000e-07  1.16339995e-02  7.32280000e-07 -9.98970745e-06 
 7.33280000e-07  7.33280000e-07  7.33280000e-07  1.16339995e-02  7.33280000e-07 -9.98970745e-06 
 7.34280000e-07  7.34280000e-07  7.34280000e-07  1.16339995e-02  7.34280000e-07 -9.98970745e-06 
 7.35280000e-07  7.35280000e-07  7.35280000e-07  1.16339995e-02  7.35280000e-07 -9.98970745e-06 
 7.36280000e-07  7.36280000e-07  7.36280000e-07  1.16339995e-02  7.36280000e-07 -9.98970745e-06 
 7.37280000e-07  7.37280000e-07  7.37280000e-07  1.16339995e-02  7.37280000e-07 -9.98970745e-06 
 7.38280000e-07  7.38280000e-07  7.38280000e-07  1.16339995e-02  7.38280000e-07 -9.98970745e-06 
 7.39280000e-07  7.39280000e-07  7.39280000e-07  1.16339995e-02  7.39280000e-07 -9.98970745e-06 
 7.40280000e-07  7.40280000e-07  7.40280000e-07  1.16339995e-02  7.40280000e-07 -9.98970745e-06 
 7.41280000e-07  7.41280000e-07  7.41280000e-07  1.16339995e-02  7.41280000e-07 -9.98970745e-06 
 7.42280000e-07  7.42280000e-07  7.42280000e-07  1.16339995e-02  7.42280000e-07 -9.98970745e-06 
 7.43280000e-07  7.43280000e-07  7.43280000e-07  1.16339995e-02  7.43280000e-07 -9.98970745e-06 
 7.44280000e-07  7.44280000e-07  7.44280000e-07  1.16339995e-02  7.44280000e-07 -9.98970745e-06 
 7.45280000e-07  7.45280000e-07  7.45280000e-07  1.16339995e-02  7.45280000e-07 -9.98970745e-06 
 7.46280000e-07  7.46280000e-07  7.46280000e-07  1.16339995e-02  7.46280000e-07 -9.98970745e-06 
 7.47280000e-07  7.47280000e-07  7.47280000e-07  1.16339995e-02  7.47280000e-07 -9.98970745e-06 
 7.48280000e-07  7.48280000e-07  7.48280000e-07  1.16339995e-02  7.48280000e-07 -9.98970745e-06 
 7.49280000e-07  7.49280000e-07  7.49280000e-07  1.16339995e-02  7.49280000e-07 -9.98970745e-06 
 7.50280000e-07  7.50280000e-07  7.50280000e-07  1.16339995e-02  7.50280000e-07 -9.98970745e-06 
 7.51280000e-07  7.51280000e-07  7.51280000e-07  1.16339995e-02  7.51280000e-07 -9.98970745e-06 
 7.52280000e-07  7.52280000e-07  7.52280000e-07  1.16339995e-02  7.52280000e-07 -9.98970745e-06 
 7.53280000e-07  7.53280000e-07  7.53280000e-07  1.16339995e-02  7.53280000e-07 -9.98970745e-06 
 7.54280000e-07  7.54280000e-07  7.54280000e-07  1.16339995e-02  7.54280000e-07 -9.98970745e-06 
 7.55280000e-07  7.55280000e-07  7.55280000e-07  1.16339995e-02  7.55280000e-07 -9.98970745e-06 
 7.56280000e-07  7.56280000e-07  7.56280000e-07  1.16339995e-02  7.56280000e-07 -9.98970745e-06 
 7.57280000e-07  7.57280000e-07  7.57280000e-07  1.16339995e-02  7.57280000e-07 -9.98970745e-06 
 7.58280000e-07  7.58280000e-07  7.58280000e-07  1.16339995e-02  7.58280000e-07 -9.98970745e-06 
 7.59280000e-07  7.59280000e-07  7.59280000e-07  1.16339995e-02  7.59280000e-07 -9.98970745e-06 
 7.60280000e-07  7.60280000e-07  7.60280000e-07  1.16339995e-02  7.60280000e-07 -9.98970745e-06 
 7.61280000e-07  7.61280000e-07  7.61280000e-07  1.16339995e-02  7.61280000e-07 -9.98970745e-06 
 7.62280000e-07  7.62280000e-07  7.62280000e-07  1.16339995e-02  7.62280000e-07 -9.98970745e-06 
 7.63280000e-07  7.63280000e-07  7.63280000e-07  1.16339995e-02  7.63280000e-07 -9.98970745e-06 
 7.64280000e-07  7.64280000e-07  7.64280000e-07  1.16339995e-02  7.64280000e-07 -9.98970745e-06 
 7.65280000e-07  7.65280000e-07  7.65280000e-07  1.16339995e-02  7.65280000e-07 -9.98970745e-06 
 7.66280000e-07  7.66280000e-07  7.66280000e-07  1.16339995e-02  7.66280000e-07 -9.98970745e-06 
 7.67280000e-07  7.67280000e-07  7.67280000e-07  1.16339995e-02  7.67280000e-07 -9.98970745e-06 
 7.68280000e-07  7.68280000e-07  7.68280000e-07  1.16339995e-02  7.68280000e-07 -9.98970745e-06 
 7.69280000e-07  7.69280000e-07  7.69280000e-07  1.16339995e-02  7.69280000e-07 -9.98970745e-06 
 7.70280000e-07  7.70280000e-07  7.70280000e-07  1.16339995e-02  7.70280000e-07 -9.98970745e-06 
 7.71280000e-07  7.71280000e-07  7.71280000e-07  1.16339995e-02  7.71280000e-07 -9.98970745e-06 
 7.72280000e-07  7.72280000e-07  7.72280000e-07  1.16339995e-02  7.72280000e-07 -9.98970745e-06 
 7.73280000e-07  7.73280000e-07  7.73280000e-07  1.16339995e-02  7.73280000e-07 -9.98970745e-06 
 7.74280000e-07  7.74280000e-07  7.74280000e-07  1.16339995e-02  7.74280000e-07 -9.98970745e-06 
 7.75280000e-07  7.75280000e-07  7.75280000e-07  1.16339995e-02  7.75280000e-07 -9.98970745e-06 
 7.76280000e-07  7.76280000e-07  7.76280000e-07  1.16339995e-02  7.76280000e-07 -9.98970745e-06 
 7.77280000e-07  7.77280000e-07  7.77280000e-07  1.16339995e-02  7.77280000e-07 -9.98970745e-06 
 7.78280000e-07  7.78280000e-07  7.78280000e-07  1.16339995e-02  7.78280000e-07 -9.98970745e-06 
 7.79280000e-07  7.79280000e-07  7.79280000e-07  1.16339995e-02  7.79280000e-07 -9.98970745e-06 
 7.80280000e-07  7.80280000e-07  7.80280000e-07  1.16339995e-02  7.80280000e-07 -9.98970745e-06 
 7.81280000e-07  7.81280000e-07  7.81280000e-07  1.16339995e-02  7.81280000e-07 -9.98970745e-06 
 7.82280000e-07  7.82280000e-07  7.82280000e-07  1.16339995e-02  7.82280000e-07 -9.98970745e-06 
 7.83280000e-07  7.83280000e-07  7.83280000e-07  1.16339995e-02  7.83280000e-07 -9.98970745e-06 
 7.84280000e-07  7.84280000e-07  7.84280000e-07  1.16339995e-02  7.84280000e-07 -9.98970745e-06 
 7.85280000e-07  7.85280000e-07  7.85280000e-07  1.16339995e-02  7.85280000e-07 -9.98970745e-06 
 7.86280000e-07  7.86280000e-07  7.86280000e-07  1.16339995e-02  7.86280000e-07 -9.98970745e-06 
 7.87280000e-07  7.87280000e-07  7.87280000e-07  1.16339995e-02  7.87280000e-07 -9.98970745e-06 
 7.88280000e-07  7.88280000e-07  7.88280000e-07  1.16339995e-02  7.88280000e-07 -9.98970745e-06 
 7.89280000e-07  7.89280000e-07  7.89280000e-07  1.16339995e-02  7.89280000e-07 -9.98970745e-06 
 7.90280000e-07  7.90280000e-07  7.90280000e-07  1.16339995e-02  7.90280000e-07 -9.98970745e-06 
 7.91280000e-07  7.91280000e-07  7.91280000e-07  1.16339995e-02  7.91280000e-07 -9.98970745e-06 
 7.92280000e-07  7.92280000e-07  7.92280000e-07  1.16339995e-02  7.92280000e-07 -9.98970745e-06 
 7.93280000e-07  7.93280000e-07  7.93280000e-07  1.16339995e-02  7.93280000e-07 -9.98970745e-06 
 7.94280000e-07  7.94280000e-07  7.94280000e-07  1.16339995e-02  7.94280000e-07 -9.98970745e-06 
 7.95280000e-07  7.95280000e-07  7.95280000e-07  1.16339995e-02  7.95280000e-07 -9.98970745e-06 
 7.96280000e-07  7.96280000e-07  7.96280000e-07  1.16339995e-02  7.96280000e-07 -9.98970745e-06 
 7.97280000e-07  7.97280000e-07  7.97280000e-07  1.16339995e-02  7.97280000e-07 -9.98970745e-06 
 7.98280000e-07  7.98280000e-07  7.98280000e-07  1.16339995e-02  7.98280000e-07 -9.98970745e-06 
 7.99280000e-07  7.99280000e-07  7.99280000e-07  1.16339995e-02  7.99280000e-07 -9.98970745e-06 
 8.00280000e-07  8.00280000e-07  8.00280000e-07  1.16339995e-02  8.00280000e-07 -9.98970745e-06 
 8.01280000e-07  8.01280000e-07  8.01280000e-07  1.16339995e-02  8.01280000e-07 -9.98970745e-06 
 8.02280000e-07  8.02280000e-07  8.02280000e-07  1.16339995e-02  8.02280000e-07 -9.98970745e-06 
 8.03280000e-07  8.03280000e-07  8.03280000e-07  1.16339995e-02  8.03280000e-07 -9.98970745e-06 
 8.04280000e-07  8.04280000e-07  8.04280000e-07  1.16339995e-02  8.04280000e-07 -9.98970745e-06 
 8.05280000e-07  8.05280000e-07  8.05280000e-07  1.16339995e-02  8.05280000e-07 -9.98970745e-06 
 8.06280000e-07  8.06280000e-07  8.06280000e-07  1.16339995e-02  8.06280000e-07 -9.98970745e-06 
 8.07280000e-07  8.07280000e-07  8.07280000e-07  1.16339995e-02  8.07280000e-07 -9.98970745e-06 
 8.08280000e-07  8.08280000e-07  8.08280000e-07  1.16339995e-02  8.08280000e-07 -9.98970745e-06 
 8.09280000e-07  8.09280000e-07  8.09280000e-07  1.16339995e-02  8.09280000e-07 -9.98970745e-06 
 8.10280000e-07  8.10280000e-07  8.10280000e-07  1.16339995e-02  8.10280000e-07 -9.98970745e-06 
 8.11280000e-07  8.11280000e-07  8.11280000e-07  1.16339995e-02  8.11280000e-07 -9.98970745e-06 
 8.12280000e-07  8.12280000e-07  8.12280000e-07  1.16339995e-02  8.12280000e-07 -9.98970745e-06 
 8.13280000e-07  8.13280000e-07  8.13280000e-07  1.16339995e-02  8.13280000e-07 -9.98970745e-06 
 8.14280000e-07  8.14280000e-07  8.14280000e-07  1.16339995e-02  8.14280000e-07 -9.98970745e-06 
 8.15280000e-07  8.15280000e-07  8.15280000e-07  1.16339995e-02  8.15280000e-07 -9.98970745e-06 
 8.16280000e-07  8.16280000e-07  8.16280000e-07  1.16339995e-02  8.16280000e-07 -9.98970745e-06 
 8.17280000e-07  8.17280000e-07  8.17280000e-07  1.16339995e-02  8.17280000e-07 -9.98970745e-06 
 8.18280000e-07  8.18280000e-07  8.18280000e-07  1.16339995e-02  8.18280000e-07 -9.98970745e-06 
 8.19280000e-07  8.19280000e-07  8.19280000e-07  1.16339995e-02  8.19280000e-07 -9.98970745e-06 
 8.20280000e-07  8.20280000e-07  8.20280000e-07  1.16339995e-02  8.20280000e-07 -9.98970745e-06 
 8.21280000e-07  8.21280000e-07  8.21280000e-07  1.16339995e-02  8.21280000e-07 -9.98970745e-06 
 8.22280000e-07  8.22280000e-07  8.22280000e-07  1.16339995e-02  8.22280000e-07 -9.98970745e-06 
 8.23280000e-07  8.23280000e-07  8.23280000e-07  1.16339995e-02  8.23280000e-07 -9.98970745e-06 
 8.24280000e-07  8.24280000e-07  8.24280000e-07  1.16339995e-02  8.24280000e-07 -9.98970745e-06 
 8.25280000e-07  8.25280000e-07  8.25280000e-07  1.16339995e-02  8.25280000e-07 -9.98970745e-06 
 8.26280000e-07  8.26280000e-07  8.26280000e-07  1.16339995e-02  8.26280000e-07 -9.98970745e-06 
 8.27280000e-07  8.27280000e-07  8.27280000e-07  1.16339995e-02  8.27280000e-07 -9.98970745e-06 
 8.28280000e-07  8.28280000e-07  8.28280000e-07  1.16339995e-02  8.28280000e-07 -9.98970745e-06 
 8.29280000e-07  8.29280000e-07  8.29280000e-07  1.16339995e-02  8.29280000e-07 -9.98970745e-06 
 8.30280000e-07  8.30280000e-07  8.30280000e-07  1.16339995e-02  8.30280000e-07 -9.98970745e-06 
 8.31280000e-07  8.31280000e-07  8.31280000e-07  1.16339995e-02  8.31280000e-07 -9.98970745e-06 
 8.32280000e-07  8.32280000e-07  8.32280000e-07  1.16339995e-02  8.32280000e-07 -9.98970745e-06 
 8.33280000e-07  8.33280000e-07  8.33280000e-07  1.16339995e-02  8.33280000e-07 -9.98970745e-06 
 8.34280000e-07  8.34280000e-07  8.34280000e-07  1.16339995e-02  8.34280000e-07 -9.98970745e-06 
 8.35280000e-07  8.35280000e-07  8.35280000e-07  1.16339995e-02  8.35280000e-07 -9.98970745e-06 
 8.36280000e-07  8.36280000e-07  8.36280000e-07  1.16339995e-02  8.36280000e-07 -9.98970745e-06 
 8.37280000e-07  8.37280000e-07  8.37280000e-07  1.16339995e-02  8.37280000e-07 -9.98970745e-06 
 8.38280000e-07  8.38280000e-07  8.38280000e-07  1.16339995e-02  8.38280000e-07 -9.98970745e-06 
 8.39280000e-07  8.39280000e-07  8.39280000e-07  1.16339995e-02  8.39280000e-07 -9.98970745e-06 
 8.40280000e-07  8.40280000e-07  8.40280000e-07  1.16339995e-02  8.40280000e-07 -9.98970745e-06 
 8.41280000e-07  8.41280000e-07  8.41280000e-07  1.16339995e-02  8.41280000e-07 -9.98970745e-06 
 8.42280000e-07  8.42280000e-07  8.42280000e-07  1.16339995e-02  8.42280000e-07 -9.98970745e-06 
 8.43280000e-07  8.43280000e-07  8.43280000e-07  1.16339995e-02  8.43280000e-07 -9.98970745e-06 
 8.44280000e-07  8.44280000e-07  8.44280000e-07  1.16339995e-02  8.44280000e-07 -9.98970745e-06 
 8.45280000e-07  8.45280000e-07  8.45280000e-07  1.16339995e-02  8.45280000e-07 -9.98970745e-06 
 8.46280000e-07  8.46280000e-07  8.46280000e-07  1.16339995e-02  8.46280000e-07 -9.98970745e-06 
 8.47280000e-07  8.47280000e-07  8.47280000e-07  1.16339995e-02  8.47280000e-07 -9.98970745e-06 
 8.48280000e-07  8.48280000e-07  8.48280000e-07  1.16339995e-02  8.48280000e-07 -9.98970745e-06 
 8.49280000e-07  8.49280000e-07  8.49280000e-07  1.16339995e-02  8.49280000e-07 -9.98970745e-06 
 8.50280000e-07  8.50280000e-07  8.50280000e-07  1.16339995e-02  8.50280000e-07 -9.98970745e-06 
 8.51280000e-07  8.51280000e-07  8.51280000e-07  1.16339995e-02  8.51280000e-07 -9.98970745e-06 
 8.52280000e-07  8.52280000e-07  8.52280000e-07  1.16339995e-02  8.52280000e-07 -9.98970745e-06 
 8.53280000e-07  8.53280000e-07  8.53280000e-07  1.16339995e-02  8.53280000e-07 -9.98970745e-06 
 8.54280000e-07  8.54280000e-07  8.54280000e-07  1.16339995e-02  8.54280000e-07 -9.98970745e-06 
 8.55280000e-07  8.55280000e-07  8.55280000e-07  1.16339995e-02  8.55280000e-07 -9.98970745e-06 
 8.56280000e-07  8.56280000e-07  8.56280000e-07  1.16339995e-02  8.56280000e-07 -9.98970745e-06 
 8.57280000e-07  8.57280000e-07  8.57280000e-07  1.16339995e-02  8.57280000e-07 -9.98970745e-06 
 8.58280000e-07  8.58280000e-07  8.58280000e-07  1.16339995e-02  8.58280000e-07 -9.98970745e-06 
 8.59280000e-07  8.59280000e-07  8.59280000e-07  1.16339995e-02  8.59280000e-07 -9.98970745e-06 
 8.60280000e-07  8.60280000e-07  8.60280000e-07  1.16339995e-02  8.60280000e-07 -9.98970745e-06 
 8.61280000e-07  8.61280000e-07  8.61280000e-07  1.16339995e-02  8.61280000e-07 -9.98970745e-06 
 8.62280000e-07  8.62280000e-07  8.62280000e-07  1.16339995e-02  8.62280000e-07 -9.98970745e-06 
 8.63280000e-07  8.63280000e-07  8.63280000e-07  1.16339995e-02  8.63280000e-07 -9.98970745e-06 
 8.64280000e-07  8.64280000e-07  8.64280000e-07  1.16339995e-02  8.64280000e-07 -9.98970745e-06 
 8.65280000e-07  8.65280000e-07  8.65280000e-07  1.16339995e-02  8.65280000e-07 -9.98970745e-06 
 8.66280000e-07  8.66280000e-07  8.66280000e-07  1.16339995e-02  8.66280000e-07 -9.98970745e-06 
 8.67280000e-07  8.67280000e-07  8.67280000e-07  1.16339995e-02  8.67280000e-07 -9.98970745e-06 
 8.68280000e-07  8.68280000e-07  8.68280000e-07  1.16339995e-02  8.68280000e-07 -9.98970745e-06 
 8.69280000e-07  8.69280000e-07  8.69280000e-07  1.16339995e-02  8.69280000e-07 -9.98970745e-06 
 8.70280000e-07  8.70280000e-07  8.70280000e-07  1.16339995e-02  8.70280000e-07 -9.98970745e-06 
 8.71280000e-07  8.71280000e-07  8.71280000e-07  1.16339995e-02  8.71280000e-07 -9.98970745e-06 
 8.72280000e-07  8.72280000e-07  8.72280000e-07  1.16339995e-02  8.72280000e-07 -9.98970745e-06 
 8.73280000e-07  8.73280000e-07  8.73280000e-07  1.16339995e-02  8.73280000e-07 -9.98970745e-06 
 8.74280000e-07  8.74280000e-07  8.74280000e-07  1.16339995e-02  8.74280000e-07 -9.98970745e-06 
 8.75280000e-07  8.75280000e-07  8.75280000e-07  1.16339995e-02  8.75280000e-07 -9.98970745e-06 
 8.76280000e-07  8.76280000e-07  8.76280000e-07  1.16339995e-02  8.76280000e-07 -9.98970745e-06 
 8.77280000e-07  8.77280000e-07  8.77280000e-07  1.16339995e-02  8.77280000e-07 -9.98970745e-06 
 8.78280000e-07  8.78280000e-07  8.78280000e-07  1.16339995e-02  8.78280000e-07 -9.98970745e-06 
 8.79280000e-07  8.79280000e-07  8.79280000e-07  1.16339995e-02  8.79280000e-07 -9.98970745e-06 
 8.80280000e-07  8.80280000e-07  8.80280000e-07  1.16339995e-02  8.80280000e-07 -9.98970745e-06 
 8.81280000e-07  8.81280000e-07  8.81280000e-07  1.16339995e-02  8.81280000e-07 -9.98970745e-06 
 8.82280000e-07  8.82280000e-07  8.82280000e-07  1.16339995e-02  8.82280000e-07 -9.98970745e-06 
 8.83280000e-07  8.83280000e-07  8.83280000e-07  1.16339995e-02  8.83280000e-07 -9.98970745e-06 
 8.84280000e-07  8.84280000e-07  8.84280000e-07  1.16339995e-02  8.84280000e-07 -9.98970745e-06 
 8.85280000e-07  8.85280000e-07  8.85280000e-07  1.16339995e-02  8.85280000e-07 -9.98970745e-06 
 8.86280000e-07  8.86280000e-07  8.86280000e-07  1.16339995e-02  8.86280000e-07 -9.98970745e-06 
 8.87280000e-07  8.87280000e-07  8.87280000e-07  1.16339995e-02  8.87280000e-07 -9.98970745e-06 
 8.88280000e-07  8.88280000e-07  8.88280000e-07  1.16339995e-02  8.88280000e-07 -9.98970745e-06 
 8.89280000e-07  8.89280000e-07  8.89280000e-07  1.16339995e-02  8.89280000e-07 -9.98970745e-06 
 8.90280000e-07  8.90280000e-07  8.90280000e-07  1.16339995e-02  8.90280000e-07 -9.98970745e-06 
 8.91280000e-07  8.91280000e-07  8.91280000e-07  1.16339995e-02  8.91280000e-07 -9.98970745e-06 
 8.92280000e-07  8.92280000e-07  8.92280000e-07  1.16339995e-02  8.92280000e-07 -9.98970745e-06 
 8.93280000e-07  8.93280000e-07  8.93280000e-07  1.16339995e-02  8.93280000e-07 -9.98970745e-06 
 8.94280000e-07  8.94280000e-07  8.94280000e-07  1.16339995e-02  8.94280000e-07 -9.98970745e-06 
 8.95280000e-07  8.95280000e-07  8.95280000e-07  1.16339995e-02  8.95280000e-07 -9.98970745e-06 
 8.96280000e-07  8.96280000e-07  8.96280000e-07  1.16339995e-02  8.96280000e-07 -9.98970745e-06 
 8.97280000e-07  8.97280000e-07  8.97280000e-07  1.16339995e-02  8.97280000e-07 -9.98970745e-06 
 8.98280000e-07  8.98280000e-07  8.98280000e-07  1.16339995e-02  8.98280000e-07 -9.98970745e-06 
 8.99280000e-07  8.99280000e-07  8.99280000e-07  1.16339995e-02  8.99280000e-07 -9.98970745e-06 
 9.00280000e-07  9.00280000e-07  9.00280000e-07  1.16339995e-02  9.00280000e-07 -9.98970745e-06 
 9.01280000e-07  9.01280000e-07  9.01280000e-07  1.16339995e-02  9.01280000e-07 -9.98970745e-06 
 9.02280000e-07  9.02280000e-07  9.02280000e-07  1.16339995e-02  9.02280000e-07 -9.98970745e-06 
 9.03280000e-07  9.03280000e-07  9.03280000e-07  1.16339995e-02  9.03280000e-07 -9.98970745e-06 
 9.04280000e-07  9.04280000e-07  9.04280000e-07  1.16339995e-02  9.04280000e-07 -9.98970745e-06 
 9.05280000e-07  9.05280000e-07  9.05280000e-07  1.16339995e-02  9.05280000e-07 -9.98970745e-06 
 9.06280000e-07  9.06280000e-07  9.06280000e-07  1.16339995e-02  9.06280000e-07 -9.98970745e-06 
 9.07280000e-07  9.07280000e-07  9.07280000e-07  1.16339995e-02  9.07280000e-07 -9.98970745e-06 
 9.08280000e-07  9.08280000e-07  9.08280000e-07  1.16339995e-02  9.08280000e-07 -9.98970745e-06 
 9.09280000e-07  9.09280000e-07  9.09280000e-07  1.16339995e-02  9.09280000e-07 -9.98970745e-06 
 9.10280000e-07  9.10280000e-07  9.10280000e-07  1.16339995e-02  9.10280000e-07 -9.98970745e-06 
 9.11280000e-07  9.11280000e-07  9.11280000e-07  1.16339995e-02  9.11280000e-07 -9.98970745e-06 
 9.12280000e-07  9.12280000e-07  9.12280000e-07  1.16339995e-02  9.12280000e-07 -9.98970745e-06 
 9.13280000e-07  9.13280000e-07  9.13280000e-07  1.16339995e-02  9.13280000e-07 -9.98970745e-06 
 9.14280000e-07  9.14280000e-07  9.14280000e-07  1.16339995e-02  9.14280000e-07 -9.98970745e-06 
 9.15280000e-07  9.15280000e-07  9.15280000e-07  1.16339995e-02  9.15280000e-07 -9.98970745e-06 
 9.16280000e-07  9.16280000e-07  9.16280000e-07  1.16339995e-02  9.16280000e-07 -9.98970745e-06 
 9.17280000e-07  9.17280000e-07  9.17280000e-07  1.16339995e-02  9.17280000e-07 -9.98970745e-06 
 9.18280000e-07  9.18280000e-07  9.18280000e-07  1.16339995e-02  9.18280000e-07 -9.98970745e-06 
 9.19280000e-07  9.19280000e-07  9.19280000e-07  1.16339995e-02  9.19280000e-07 -9.98970745e-06 
 9.20280000e-07  9.20280000e-07  9.20280000e-07  1.16339995e-02  9.20280000e-07 -9.98970745e-06 
 9.21280000e-07  9.21280000e-07  9.21280000e-07  1.16339995e-02  9.21280000e-07 -9.98970745e-06 
 9.22280000e-07  9.22280000e-07  9.22280000e-07  1.16339995e-02  9.22280000e-07 -9.98970745e-06 
 9.23280000e-07  9.23280000e-07  9.23280000e-07  1.16339995e-02  9.23280000e-07 -9.98970745e-06 
 9.24280000e-07  9.24280000e-07  9.24280000e-07  1.16339995e-02  9.24280000e-07 -9.98970745e-06 
 9.25280000e-07  9.25280000e-07  9.25280000e-07  1.16339995e-02  9.25280000e-07 -9.98970745e-06 
 9.26280000e-07  9.26280000e-07  9.26280000e-07  1.16339995e-02  9.26280000e-07 -9.98970745e-06 
 9.27280000e-07  9.27280000e-07  9.27280000e-07  1.16339995e-02  9.27280000e-07 -9.98970745e-06 
 9.28280000e-07  9.28280000e-07  9.28280000e-07  1.16339995e-02  9.28280000e-07 -9.98970745e-06 
 9.29280000e-07  9.29280000e-07  9.29280000e-07  1.16339995e-02  9.29280000e-07 -9.98970745e-06 
 9.30280000e-07  9.30280000e-07  9.30280000e-07  1.16339995e-02  9.30280000e-07 -9.98970745e-06 
 9.31280000e-07  9.31280000e-07  9.31280000e-07  1.16339995e-02  9.31280000e-07 -9.98970745e-06 
 9.32280000e-07  9.32280000e-07  9.32280000e-07  1.16339995e-02  9.32280000e-07 -9.98970745e-06 
 9.33280000e-07  9.33280000e-07  9.33280000e-07  1.16339995e-02  9.33280000e-07 -9.98970745e-06 
 9.34280000e-07  9.34280000e-07  9.34280000e-07  1.16339995e-02  9.34280000e-07 -9.98970745e-06 
 9.35280000e-07  9.35280000e-07  9.35280000e-07  1.16339995e-02  9.35280000e-07 -9.98970745e-06 
 9.36280000e-07  9.36280000e-07  9.36280000e-07  1.16339995e-02  9.36280000e-07 -9.98970745e-06 
 9.37280000e-07  9.37280000e-07  9.37280000e-07  1.16339995e-02  9.37280000e-07 -9.98970745e-06 
 9.38280000e-07  9.38280000e-07  9.38280000e-07  1.16339995e-02  9.38280000e-07 -9.98970745e-06 
 9.39280000e-07  9.39280000e-07  9.39280000e-07  1.16339995e-02  9.39280000e-07 -9.98970745e-06 
 9.40280000e-07  9.40280000e-07  9.40280000e-07  1.16339995e-02  9.40280000e-07 -9.98970745e-06 
 9.41280000e-07  9.41280000e-07  9.41280000e-07  1.16339995e-02  9.41280000e-07 -9.98970745e-06 
 9.42280000e-07  9.42280000e-07  9.42280000e-07  1.16339995e-02  9.42280000e-07 -9.98970745e-06 
 9.43280000e-07  9.43280000e-07  9.43280000e-07  1.16339995e-02  9.43280000e-07 -9.98970745e-06 
 9.44280000e-07  9.44280000e-07  9.44280000e-07  1.16339995e-02  9.44280000e-07 -9.98970745e-06 
 9.45280000e-07  9.45280000e-07  9.45280000e-07  1.16339995e-02  9.45280000e-07 -9.98970745e-06 
 9.46280000e-07  9.46280000e-07  9.46280000e-07  1.16339995e-02  9.46280000e-07 -9.98970745e-06 
 9.47280000e-07  9.47280000e-07  9.47280000e-07  1.16339995e-02  9.47280000e-07 -9.98970745e-06 
 9.48280000e-07  9.48280000e-07  9.48280000e-07  1.16339995e-02  9.48280000e-07 -9.98970745e-06 
 9.49280000e-07  9.49280000e-07  9.49280000e-07  1.16339995e-02  9.49280000e-07 -9.98970745e-06 
 9.50280000e-07  9.50280000e-07  9.50280000e-07  1.16339995e-02  9.50280000e-07 -9.98970745e-06 
 9.51280000e-07  9.51280000e-07  9.51280000e-07  1.16339995e-02  9.51280000e-07 -9.98970745e-06 
 9.52280000e-07  9.52280000e-07  9.52280000e-07  1.16339995e-02  9.52280000e-07 -9.98970745e-06 
 9.53280000e-07  9.53280000e-07  9.53280000e-07  1.16339995e-02  9.53280000e-07 -9.98970745e-06 
 9.54280000e-07  9.54280000e-07  9.54280000e-07  1.16339995e-02  9.54280000e-07 -9.98970745e-06 
 9.55280000e-07  9.55280000e-07  9.55280000e-07  1.16339995e-02  9.55280000e-07 -9.98970745e-06 
 9.56280000e-07  9.56280000e-07  9.56280000e-07  1.16339995e-02  9.56280000e-07 -9.98970745e-06 
 9.57280000e-07  9.57280000e-07  9.57280000e-07  1.16339995e-02  9.57280000e-07 -9.98970745e-06 
 9.58280000e-07  9.58280000e-07  9.58280000e-07  1.16339995e-02  9.58280000e-07 -9.98970745e-06 
 9.59280000e-07  9.59280000e-07  9.59280000e-07  1.16339995e-02  9.59280000e-07 -9.98970745e-06 
 9.60280000e-07  9.60280000e-07  9.60280000e-07  1.16339995e-02  9.60280000e-07 -9.98970745e-06 
 9.61280000e-07  9.61280000e-07  9.61280000e-07  1.16339995e-02  9.61280000e-07 -9.98970745e-06 
 9.62280000e-07  9.62280000e-07  9.62280000e-07  1.16339995e-02  9.62280000e-07 -9.98970745e-06 
 9.63280000e-07  9.63280000e-07  9.63280000e-07  1.16339995e-02  9.63280000e-07 -9.98970745e-06 
 9.64280000e-07  9.64280000e-07  9.64280000e-07  1.16339995e-02  9.64280000e-07 -9.98970745e-06 
 9.65280000e-07  9.65280000e-07  9.65280000e-07  1.16339995e-02  9.65280000e-07 -9.98970745e-06 
 9.66280000e-07  9.66280000e-07  9.66280000e-07  1.16339995e-02  9.66280000e-07 -9.98970745e-06 
 9.67280000e-07  9.67280000e-07  9.67280000e-07  1.16339995e-02  9.67280000e-07 -9.98970745e-06 
 9.68280000e-07  9.68280000e-07  9.68280000e-07  1.16339995e-02  9.68280000e-07 -9.98970745e-06 
 9.69280000e-07  9.69280000e-07  9.69280000e-07  1.16339995e-02  9.69280000e-07 -9.98970745e-06 
 9.70280000e-07  9.70280000e-07  9.70280000e-07  1.16339995e-02  9.70280000e-07 -9.98970745e-06 
 9.71280000e-07  9.71280000e-07  9.71280000e-07  1.16339995e-02  9.71280000e-07 -9.98970745e-06 
 9.72280000e-07  9.72280000e-07  9.72280000e-07  1.16339995e-02  9.72280000e-07 -9.98970745e-06 
 9.73280000e-07  9.73280000e-07  9.73280000e-07  1.16339995e-02  9.73280000e-07 -9.98970745e-06 
 9.74280000e-07  9.74280000e-07  9.74280000e-07  1.16339995e-02  9.74280000e-07 -9.98970745e-06 
 9.75280000e-07  9.75280000e-07  9.75280000e-07  1.16339995e-02  9.75280000e-07 -9.98970745e-06 
 9.76280000e-07  9.76280000e-07  9.76280000e-07  1.16339995e-02  9.76280000e-07 -9.98970745e-06 
 9.77280000e-07  9.77280000e-07  9.77280000e-07  1.16339995e-02  9.77280000e-07 -9.98970745e-06 
 9.78280000e-07  9.78280000e-07  9.78280000e-07  1.16339995e-02  9.78280000e-07 -9.98970745e-06 
 9.79280000e-07  9.79280000e-07  9.79280000e-07  1.16339995e-02  9.79280000e-07 -9.98970745e-06 
 9.80280000e-07  9.80280000e-07  9.80280000e-07  1.16339995e-02  9.80280000e-07 -9.98970745e-06 
 9.81280000e-07  9.81280000e-07  9.81280000e-07  1.16339995e-02  9.81280000e-07 -9.98970745e-06 
 9.82280000e-07  9.82280000e-07  9.82280000e-07  1.16339995e-02  9.82280000e-07 -9.98970745e-06 
 9.83280000e-07  9.83280000e-07  9.83280000e-07  1.16339995e-02  9.83280000e-07 -9.98970745e-06 
 9.84280000e-07  9.84280000e-07  9.84280000e-07  1.16339995e-02  9.84280000e-07 -9.98970745e-06 
 9.85280000e-07  9.85280000e-07  9.85280000e-07  1.16339995e-02  9.85280000e-07 -9.98970745e-06 
 9.86280000e-07  9.86280000e-07  9.86280000e-07  1.16339995e-02  9.86280000e-07 -9.98970745e-06 
 9.87280000e-07  9.87280000e-07  9.87280000e-07  1.16339995e-02  9.87280000e-07 -9.98970745e-06 
 9.88280000e-07  9.88280000e-07  9.88280000e-07  1.16339995e-02  9.88280000e-07 -9.98970745e-06 
 9.89280000e-07  9.89280000e-07  9.89280000e-07  1.16339995e-02  9.89280000e-07 -9.98970745e-06 
 9.90280000e-07  9.90280000e-07  9.90280000e-07  1.16339995e-02  9.90280000e-07 -9.98970745e-06 
 9.91280000e-07  9.91280000e-07  9.91280000e-07  1.16339995e-02  9.91280000e-07 -9.98970745e-06 
 9.92280000e-07  9.92280000e-07  9.92280000e-07  1.16339995e-02  9.92280000e-07 -9.98970745e-06 
 9.93280000e-07  9.93280000e-07  9.93280000e-07  1.16339995e-02  9.93280000e-07 -9.98970745e-06 
 9.94280000e-07  9.94280000e-07  9.94280000e-07  1.16339995e-02  9.94280000e-07 -9.98970745e-06 
 9.95280000e-07  9.95280000e-07  9.95280000e-07  1.16339995e-02  9.95280000e-07 -9.98970745e-06 
 9.96280000e-07  9.96280000e-07  9.96280000e-07  1.16339995e-02  9.96280000e-07 -9.98970745e-06 
 9.97280000e-07  9.97280000e-07  9.97280000e-07  1.16339995e-02  9.97280000e-07 -9.98970745e-06 
 9.98280000e-07  9.98280000e-07  9.98280000e-07  1.16339995e-02  9.98280000e-07 -9.98970745e-06 
 9.99280000e-07  9.99280000e-07  9.99280000e-07  1.16339995e-02  9.99280000e-07 -9.98970745e-06 
 1.00000000e-06  1.00000000e-06  1.00000000e-06  1.16339995e-02  1.00000000e-06 -9.98970745e-06 
 1.00010000e-06  1.00010000e-06  1.00010000e-06  1.16360213e-02  1.00010000e-06 -9.98380587e-06 
 1.00030000e-06  1.00030000e-06  1.00030000e-06  1.16449120e-02  1.00030000e-06 -9.96743270e-06 
 1.00070000e-06  1.00070000e-06  1.00070000e-06  1.16717700e-02  1.00070000e-06 -9.98353619e-06 
 1.00100000e-06  1.00100000e-06  1.00100000e-06  1.16890870e-02  1.00100000e-06 -9.99104167e-06 
 1.00108000e-06  1.00108000e-06  1.00108000e-06  1.16914872e-02  1.00108000e-06 -9.99619056e-06 
 1.00124000e-06  1.00124000e-06  1.00124000e-06  1.16916579e-02  1.00124000e-06 -1.00163802e-05 
 1.00156000e-06  1.00156000e-06  1.00156000e-06  1.16780646e-02  1.00156000e-06 -1.00086251e-05 
 1.00220000e-06  1.00220000e-06  1.00220000e-06  1.16379217e-02  1.00220000e-06 -9.99443717e-06 
 1.00320000e-06  1.00320000e-06  1.00320000e-06  1.15706148e-02  1.00320000e-06 -9.99143966e-06 
 1.00420000e-06  1.00420000e-06  1.00420000e-06  1.15087923e-02  1.00420000e-06 -9.99066272e-06 
 1.00520000e-06  1.00520000e-06  1.00520000e-06  1.14547253e-02  1.00520000e-06 -9.99090237e-06 
 1.00620000e-06  1.00620000e-06  1.00620000e-06  1.14072781e-02  1.00620000e-06 -9.99053278e-06 
 1.00720000e-06  1.00720000e-06  1.00720000e-06  1.13657635e-02  1.00720000e-06 -9.99059159e-06 
 1.00820000e-06  1.00820000e-06  1.00820000e-06  1.13293638e-02  1.00820000e-06 -9.99038694e-06 
 1.00920000e-06  1.00920000e-06  1.00920000e-06  1.12974995e-02  1.00920000e-06 -9.99038229e-06 
 1.01020000e-06  1.01020000e-06  1.01020000e-06  1.12695745e-02  1.01020000e-06 -9.99025576e-06 
 1.01120000e-06  1.01120000e-06  1.01120000e-06  1.12451229e-02  1.01120000e-06 -9.99023385e-06 
 1.01220000e-06  1.01220000e-06  1.01220000e-06  1.12237002e-02  1.01220000e-06 -9.99014717e-06 
 1.01320000e-06  1.01320000e-06  1.01320000e-06  1.12049398e-02  1.01320000e-06 -9.99012493e-06 
 1.01420000e-06  1.01420000e-06  1.01420000e-06  1.11885060e-02  1.01420000e-06 -9.99006058e-06 
 1.01520000e-06  1.01520000e-06  1.01520000e-06  1.11741138e-02  1.01520000e-06 -9.99004341e-06 
 1.01620000e-06  1.01620000e-06  1.01620000e-06  1.11615075e-02  1.01620000e-06 -9.98999280e-06 
 1.01720000e-06  1.01720000e-06  1.01720000e-06  1.11504672e-02  1.01720000e-06 -9.98998170e-06 
 1.01820000e-06  1.01820000e-06  1.01820000e-06  1.11407974e-02  1.01820000e-06 -9.98994024e-06 
 1.01920000e-06  1.01920000e-06  1.01920000e-06  1.11323287e-02  1.01920000e-06 -9.98993470e-06 
 1.02020000e-06  1.02020000e-06  1.02020000e-06  1.11249116e-02  1.02020000e-06 -9.98989969e-06 
 1.02120000e-06  1.02120000e-06  1.02120000e-06  1.11184159e-02  1.02120000e-06 -9.98989879e-06 
 1.02220000e-06  1.02220000e-06  1.02220000e-06  1.11127268e-02  1.02220000e-06 -9.98986849e-06 
 1.02320000e-06  1.02320000e-06  1.02320000e-06  1.11077445e-02  1.02320000e-06 -9.98987130e-06 
 1.02420000e-06  1.02420000e-06  1.02420000e-06  1.11033810e-02  1.02420000e-06 -9.98984451e-06 
 1.02520000e-06  1.02520000e-06  1.02520000e-06  1.10995595e-02  1.02520000e-06 -9.98985024e-06 
 1.02620000e-06  1.02620000e-06  1.02620000e-06  1.10962128e-02  1.02620000e-06 -9.98982611e-06 
 1.02720000e-06  1.02720000e-06  1.02720000e-06  1.10932818e-02  1.02720000e-06 -9.98983409e-06 
 1.02820000e-06  1.02820000e-06  1.02820000e-06  1.10907149e-02  1.02820000e-06 -9.98981199e-06 
 1.02920000e-06  1.02920000e-06  1.02920000e-06  1.10884669e-02  1.02920000e-06 -9.98982171e-06 
 1.03020000e-06  1.03020000e-06  1.03020000e-06  1.10864981e-02  1.03020000e-06 -9.98980115e-06 
 1.03120000e-06  1.03120000e-06  1.03120000e-06  1.10847740e-02  1.03120000e-06 -9.98981222e-06 
 1.03220000e-06  1.03220000e-06  1.03220000e-06  1.10832640e-02  1.03220000e-06 -9.98979284e-06 
 1.03320000e-06  1.03320000e-06  1.03320000e-06  1.10819417e-02  1.03320000e-06 -9.98980493e-06 
 1.03420000e-06  1.03420000e-06  1.03420000e-06  1.10807836e-02  1.03420000e-06 -9.98978646e-06 
 1.03520000e-06  1.03520000e-06  1.03520000e-06  1.10797694e-02  1.03520000e-06 -9.98979935e-06 
 1.03620000e-06  1.03620000e-06  1.03620000e-06  1.10788812e-02  1.03620000e-06 -9.98978157e-06 
 1.03720000e-06  1.03720000e-06  1.03720000e-06  1.10781034e-02  1.03720000e-06 -9.98979507e-06 
 1.03820000e-06  1.03820000e-06  1.03820000e-06  1.10774221e-02  1.03820000e-06 -9.98977782e-06 
 1.03920000e-06  1.03920000e-06  1.03920000e-06  1.10768256e-02  1.03920000e-06 -9.98979178e-06 
 1.04020000e-06  1.04020000e-06  1.04020000e-06  1.10763031e-02  1.04020000e-06 -9.98977494e-06 
 1.04120000e-06  1.04120000e-06  1.04120000e-06  1.10758456e-02  1.04120000e-06 -9.98978926e-06 
 1.04220000e-06  1.04220000e-06  1.04220000e-06  1.10754449e-02  1.04220000e-06 -9.98977274e-06 
 1.04320000e-06  1.04320000e-06  1.04320000e-06  1.10750940e-02  1.04320000e-06 -9.98978733e-06 
 1.04420000e-06  1.04420000e-06  1.04420000e-06  1.10747866e-02  1.04420000e-06 -9.98977104e-06 
 1.04520000e-06  1.04520000e-06  1.04520000e-06  1.10745175e-02  1.04520000e-06 -9.98978585e-06 
 1.04620000e-06  1.04620000e-06  1.04620000e-06  1.10742818e-02  1.04620000e-06 -9.98976975e-06 
 1.04720000e-06  1.04720000e-06  1.04720000e-06  1.10740754e-02  1.04720000e-06 -9.98978471e-06 
 1.04820000e-06  1.04820000e-06  1.04820000e-06  1.10738946e-02  1.04820000e-06 -9.98976875e-06 
 1.04920000e-06  1.04920000e-06  1.04920000e-06  1.10737363e-02  1.04920000e-06 -9.98978384e-06 
 1.05020000e-06  1.05020000e-06  1.05020000e-06  1.10735977e-02  1.05020000e-06 -9.98976799e-06 
 1.05120000e-06  1.05120000e-06  1.05120000e-06  1.10734763e-02  1.05120000e-06 -9.98978317e-06 
 1.05220000e-06  1.05220000e-06  1.05220000e-06  1.10733700e-02  1.05220000e-06 -9.98976740e-06 
 1.05320000e-06  1.05320000e-06  1.05320000e-06  1.10732768e-02  1.05320000e-06 -9.98978266e-06 
 1.05420000e-06  1.05420000e-06  1.05420000e-06  1.10731953e-02  1.05420000e-06 -9.98976695e-06 
 1.05520000e-06  1.05520000e-06  1.05520000e-06  1.10731239e-02  1.05520000e-06 -9.98978226e-06 
 1.05620000e-06  1.05620000e-06  1.05620000e-06  1.10730613e-02  1.05620000e-06 -9.98976661e-06 
 1.05720000e-06  1.05720000e-06  1.05720000e-06  1.10730066e-02  1.05720000e-06 -9.98978196e-06 
 1.05820000e-06  1.05820000e-06  1.05820000e-06  1.10729586e-02  1.05820000e-06 -9.98976634e-06 
 1.05920000e-06  1.05920000e-06  1.05920000e-06  1.10729166e-02  1.05920000e-06 -9.98978173e-06 
 1.06020000e-06  1.06020000e-06  1.06020000e-06  1.10728798e-02  1.06020000e-06 -9.98976614e-06 
 1.06120000e-06  1.06120000e-06  1.06120000e-06  1.10728476e-02  1.06120000e-06 -9.98978155e-06 
 1.06220000e-06  1.06220000e-06  1.06220000e-06  1.10728194e-02  1.06220000e-06 -9.98976599e-06 
 1.06320000e-06  1.06320000e-06  1.06320000e-06  1.10727946e-02  1.06320000e-06 -9.98978142e-06 
 1.06420000e-06  1.06420000e-06  1.06420000e-06  1.10727730e-02  1.06420000e-06 -9.98976587e-06 
 1.06520000e-06  1.06520000e-06  1.06520000e-06  1.10727541e-02  1.06520000e-06 -9.98978131e-06 
 1.06620000e-06  1.06620000e-06  1.06620000e-06  1.10727375e-02  1.06620000e-06 -9.98976578e-06 
 1.06720000e-06  1.06720000e-06  1.06720000e-06  1.10727229e-02  1.06720000e-06 -9.98978123e-06 
 1.06820000e-06  1.06820000e-06  1.06820000e-06  1.10727102e-02  1.06820000e-06 -9.98976571e-06 
 1.06920000e-06  1.06920000e-06  1.06920000e-06  1.10726991e-02  1.06920000e-06 -9.98978117e-06 
 1.07020000e-06  1.07020000e-06  1.07020000e-06  1.10726893e-02  1.07020000e-06 -9.98976565e-06 
 1.07120000e-06  1.07120000e-06  1.07120000e-06  1.10726807e-02  1.07120000e-06 -9.98978113e-06 
 1.07220000e-06  1.07220000e-06  1.07220000e-06  1.10726733e-02  1.07220000e-06 -9.98976561e-06 
 1.07320000e-06  1.07320000e-06  1.07320000e-06  1.10726667e-02  1.07320000e-06 -9.98978109e-06 
 1.07420000e-06  1.07420000e-06  1.07420000e-06  1.10726610e-02  1.07420000e-06 -9.98976558e-06 
 1.07520000e-06  1.07520000e-06  1.07520000e-06  1.10726559e-02  1.07520000e-06 -9.98978106e-06 
 1.07620000e-06  1.07620000e-06  1.07620000e-06  1.10726515e-02  1.07620000e-06 -9.98976555e-06 
 1.07720000e-06  1.07720000e-06  1.07720000e-06  1.10726477e-02  1.07720000e-06 -9.98978104e-06 
 1.07820000e-06  1.07820000e-06  1.07820000e-06  1.10726443e-02  1.07820000e-06 -9.98976554e-06 
 1.07920000e-06  1.07920000e-06  1.07920000e-06  1.10726413e-02  1.07920000e-06 -9.98978102e-06 
 1.08020000e-06  1.08020000e-06  1.08020000e-06  1.10726387e-02  1.08020000e-06 -9.98976552e-06 
 1.08120000e-06  1.08120000e-06  1.08120000e-06  1.10726365e-02  1.08120000e-06 -9.98978101e-06 
 1.08220000e-06  1.08220000e-06  1.08220000e-06  1.10726345e-02  1.08220000e-06 -9.98976551e-06 
 1.08320000e-06  1.08320000e-06  1.08320000e-06  1.10726327e-02  1.08320000e-06 -9.98978100e-06 
 1.08420000e-06  1.08420000e-06  1.08420000e-06  1.10726312e-02  1.08420000e-06 -9.98976550e-06 
 1.08520000e-06  1.08520000e-06  1.08520000e-06  1.10726299e-02  1.08520000e-06 -9.98978099e-06 
 1.08620000e-06  1.08620000e-06  1.08620000e-06  1.10726287e-02  1.08620000e-06 -9.98976550e-06 
 1.08720000e-06  1.08720000e-06  1.08720000e-06  1.10726277e-02  1.08720000e-06 -9.98978099e-06 
 1.08820000e-06  1.08820000e-06  1.08820000e-06  1.10726268e-02  1.08820000e-06 -9.98976549e-06 
 1.08920000e-06  1.08920000e-06  1.08920000e-06  1.10726260e-02  1.08920000e-06 -9.98978098e-06 
 1.09020000e-06  1.09020000e-06  1.09020000e-06  1.10726253e-02  1.09020000e-06 -9.98976549e-06 
 1.09120000e-06  1.09120000e-06  1.09120000e-06  1.10726247e-02  1.09120000e-06 -9.98978098e-06 
 1.09220000e-06  1.09220000e-06  1.09220000e-06  1.10726242e-02  1.09220000e-06 -9.98976548e-06 
 1.09320000e-06  1.09320000e-06  1.09320000e-06  1.10726237e-02  1.09320000e-06 -9.98978098e-06 
 1.09420000e-06  1.09420000e-06  1.09420000e-06  1.10726233e-02  1.09420000e-06 -9.98976548e-06 
 1.09520000e-06  1.09520000e-06  1.09520000e-06  1.10726230e-02  1.09520000e-06 -9.98978098e-06 
 1.09620000e-06  1.09620000e-06  1.09620000e-06  1.10726227e-02  1.09620000e-06 -9.98976548e-06 
 1.09720000e-06  1.09720000e-06  1.09720000e-06  1.10726224e-02  1.09720000e-06 -9.98978098e-06 
 1.09820000e-06  1.09820000e-06  1.09820000e-06  1.10726222e-02  1.09820000e-06 -9.98976548e-06 
 1.09920000e-06  1.09920000e-06  1.09920000e-06  1.10726220e-02  1.09920000e-06 -9.98978097e-06 
 1.10020000e-06  1.10020000e-06  1.10020000e-06  1.10726218e-02  1.10020000e-06 -9.98976548e-06 
 1.10120000e-06  1.10120000e-06  1.10120000e-06  1.10726216e-02  1.10120000e-06 -9.98978097e-06 
 1.10220000e-06  1.10220000e-06  1.10220000e-06  1.10726215e-02  1.10220000e-06 -9.98976548e-06 
 1.10320000e-06  1.10320000e-06  1.10320000e-06  1.10726213e-02  1.10320000e-06 -9.98978097e-06 
 1.10420000e-06  1.10420000e-06  1.10420000e-06  1.10726212e-02  1.10420000e-06 -9.98976548e-06 
 1.10520000e-06  1.10520000e-06  1.10520000e-06  1.10726211e-02  1.10520000e-06 -9.98978097e-06 
 1.10620000e-06  1.10620000e-06  1.10620000e-06  1.10726211e-02  1.10620000e-06 -9.98976548e-06 
 1.10720000e-06  1.10720000e-06  1.10720000e-06  1.10726210e-02  1.10720000e-06 -9.98978097e-06 
 1.10820000e-06  1.10820000e-06  1.10820000e-06  1.10726209e-02  1.10820000e-06 -9.98976548e-06 
 1.10920000e-06  1.10920000e-06  1.10920000e-06  1.10726209e-02  1.10920000e-06 -9.98978097e-06 
 1.11020000e-06  1.11020000e-06  1.11020000e-06  1.10726208e-02  1.11020000e-06 -9.98976548e-06 
 1.11120000e-06  1.11120000e-06  1.11120000e-06  1.10726208e-02  1.11120000e-06 -9.98978097e-06 
 1.11220000e-06  1.11220000e-06  1.11220000e-06  1.10726207e-02  1.11220000e-06 -9.98976548e-06 
 1.11320000e-06  1.11320000e-06  1.11320000e-06  1.10726207e-02  1.11320000e-06 -9.98978097e-06 
 1.11420000e-06  1.11420000e-06  1.11420000e-06  1.10726207e-02  1.11420000e-06 -9.98976547e-06 
 1.11520000e-06  1.11520000e-06  1.11520000e-06  1.10726207e-02  1.11520000e-06 -9.98978097e-06 
 1.11620000e-06  1.11620000e-06  1.11620000e-06  1.10726206e-02  1.11620000e-06 -9.98976547e-06 
 1.11720000e-06  1.11720000e-06  1.11720000e-06  1.10726206e-02  1.11720000e-06 -9.98978097e-06 
 1.11820000e-06  1.11820000e-06  1.11820000e-06  1.10726206e-02  1.11820000e-06 -9.98976547e-06 
 1.11920000e-06  1.11920000e-06  1.11920000e-06  1.10726206e-02  1.11920000e-06 -9.98978097e-06 
 1.12020000e-06  1.12020000e-06  1.12020000e-06  1.10726206e-02  1.12020000e-06 -9.98976547e-06 
 1.12120000e-06  1.12120000e-06  1.12120000e-06  1.10726206e-02  1.12120000e-06 -9.98978097e-06 
 1.12220000e-06  1.12220000e-06  1.12220000e-06  1.10726206e-02  1.12220000e-06 -9.98976547e-06 
 1.12320000e-06  1.12320000e-06  1.12320000e-06  1.10726205e-02  1.12320000e-06 -9.98978097e-06 
 1.12420000e-06  1.12420000e-06  1.12420000e-06  1.10726205e-02  1.12420000e-06 -9.98976547e-06 
 1.12520000e-06  1.12520000e-06  1.12520000e-06  1.10726205e-02  1.12520000e-06 -9.98978097e-06 
 1.12620000e-06  1.12620000e-06  1.12620000e-06  1.10726205e-02  1.12620000e-06 -9.98976547e-06 
 1.12720000e-06  1.12720000e-06  1.12720000e-06  1.10726205e-02  1.12720000e-06 -9.98978097e-06 
 1.12820000e-06  1.12820000e-06  1.12820000e-06  1.10726205e-02  1.12820000e-06 -9.98976547e-06 
 1.12920000e-06  1.12920000e-06  1.12920000e-06  1.10726205e-02  1.12920000e-06 -9.98978097e-06 
 1.13020000e-06  1.13020000e-06  1.13020000e-06  1.10726205e-02  1.13020000e-06 -9.98976547e-06 
 1.13120000e-06  1.13120000e-06  1.13120000e-06  1.10726205e-02  1.13120000e-06 -9.98978097e-06 
 1.13220000e-06  1.13220000e-06  1.13220000e-06  1.10726205e-02  1.13220000e-06 -9.98976547e-06 
 1.13320000e-06  1.13320000e-06  1.13320000e-06  1.10726205e-02  1.13320000e-06 -9.98978097e-06 
 1.13420000e-06  1.13420000e-06  1.13420000e-06  1.10726205e-02  1.13420000e-06 -9.98976547e-06 
 1.13520000e-06  1.13520000e-06  1.13520000e-06  1.10726205e-02  1.13520000e-06 -9.98978097e-06 
 1.13620000e-06  1.13620000e-06  1.13620000e-06  1.10726205e-02  1.13620000e-06 -9.98976547e-06 
 1.13720000e-06  1.13720000e-06  1.13720000e-06  1.10726205e-02  1.13720000e-06 -9.98978097e-06 
 1.13820000e-06  1.13820000e-06  1.13820000e-06  1.10726205e-02  1.13820000e-06 -9.98976547e-06 
 1.13920000e-06  1.13920000e-06  1.13920000e-06  1.10726205e-02  1.13920000e-06 -9.98978097e-06 
 1.14020000e-06  1.14020000e-06  1.14020000e-06  1.10726205e-02  1.14020000e-06 -9.98976547e-06 
 1.14120000e-06  1.14120000e-06  1.14120000e-06  1.10726205e-02  1.14120000e-06 -9.98978097e-06 
 1.14220000e-06  1.14220000e-06  1.14220000e-06  1.10726205e-02  1.14220000e-06 -9.98976547e-06 
 1.14320000e-06  1.14320000e-06  1.14320000e-06  1.10726205e-02  1.14320000e-06 -9.98978097e-06 
 1.14420000e-06  1.14420000e-06  1.14420000e-06  1.10726205e-02  1.14420000e-06 -9.98976547e-06 
 1.14520000e-06  1.14520000e-06  1.14520000e-06  1.10726205e-02  1.14520000e-06 -9.98978097e-06 
 1.14620000e-06  1.14620000e-06  1.14620000e-06  1.10726205e-02  1.14620000e-06 -9.98976547e-06 
 1.14720000e-06  1.14720000e-06  1.14720000e-06  1.10726205e-02  1.14720000e-06 -9.98978097e-06 
 1.14820000e-06  1.14820000e-06  1.14820000e-06  1.10726205e-02  1.14820000e-06 -9.98976547e-06 
 1.14920000e-06  1.14920000e-06  1.14920000e-06  1.10726205e-02  1.14920000e-06 -9.98978097e-06 
 1.15020000e-06  1.15020000e-06  1.15020000e-06  1.10726205e-02  1.15020000e-06 -9.98976547e-06 
 1.15120000e-06  1.15120000e-06  1.15120000e-06  1.10726205e-02  1.15120000e-06 -9.98978097e-06 
 1.15220000e-06  1.15220000e-06  1.15220000e-06  1.10726205e-02  1.15220000e-06 -9.98976547e-06 
 1.15320000e-06  1.15320000e-06  1.15320000e-06  1.10726205e-02  1.15320000e-06 -9.98978097e-06 
 1.15420000e-06  1.15420000e-06  1.15420000e-06  1.10726205e-02  1.15420000e-06 -9.98976547e-06 
 1.15520000e-06  1.15520000e-06  1.15520000e-06  1.10726205e-02  1.15520000e-06 -9.98978097e-06 
 1.15620000e-06  1.15620000e-06  1.15620000e-06  1.10726205e-02  1.15620000e-06 -9.98976547e-06 
 1.15720000e-06  1.15720000e-06  1.15720000e-06  1.10726205e-02  1.15720000e-06 -9.98978097e-06 
 1.15820000e-06  1.15820000e-06  1.15820000e-06  1.10726205e-02  1.15820000e-06 -9.98976547e-06 
 1.15920000e-06  1.15920000e-06  1.15920000e-06  1.10726205e-02  1.15920000e-06 -9.98978097e-06 
 1.16020000e-06  1.16020000e-06  1.16020000e-06  1.10726205e-02  1.16020000e-06 -9.98976547e-06 
 1.16120000e-06  1.16120000e-06  1.16120000e-06  1.10726205e-02  1.16120000e-06 -9.98978097e-06 
 1.16220000e-06  1.16220000e-06  1.16220000e-06  1.10726205e-02  1.16220000e-06 -9.98976547e-06 
 1.16320000e-06  1.16320000e-06  1.16320000e-06  1.10726205e-02  1.16320000e-06 -9.98978097e-06 
 1.16420000e-06  1.16420000e-06  1.16420000e-06  1.10726205e-02  1.16420000e-06 -9.98976547e-06 
 1.16520000e-06  1.16520000e-06  1.16520000e-06  1.10726205e-02  1.16520000e-06 -9.98978097e-06 
 1.16620000e-06  1.16620000e-06  1.16620000e-06  1.10726205e-02  1.16620000e-06 -9.98976547e-06 
 1.16720000e-06  1.16720000e-06  1.16720000e-06  1.10726205e-02  1.16720000e-06 -9.98978097e-06 
 1.16820000e-06  1.16820000e-06  1.16820000e-06  1.10726205e-02  1.16820000e-06 -9.98976547e-06 
 1.16920000e-06  1.16920000e-06  1.16920000e-06  1.10726205e-02  1.16920000e-06 -9.98978097e-06 
 1.17020000e-06  1.17020000e-06  1.17020000e-06  1.10726205e-02  1.17020000e-06 -9.98976547e-06 
 1.17120000e-06  1.17120000e-06  1.17120000e-06  1.10726205e-02  1.17120000e-06 -9.98978097e-06 
 1.17220000e-06  1.17220000e-06  1.17220000e-06  1.10726205e-02  1.17220000e-06 -9.98976547e-06 
 1.17320000e-06  1.17320000e-06  1.17320000e-06  1.10726205e-02  1.17320000e-06 -9.98978097e-06 
 1.17420000e-06  1.17420000e-06  1.17420000e-06  1.10726205e-02  1.17420000e-06 -9.98976547e-06 
 1.17520000e-06  1.17520000e-06  1.17520000e-06  1.10726205e-02  1.17520000e-06 -9.98978097e-06 
 1.17620000e-06  1.17620000e-06  1.17620000e-06  1.10726205e-02  1.17620000e-06 -9.98976547e-06 
 1.17720000e-06  1.17720000e-06  1.17720000e-06  1.10726205e-02  1.17720000e-06 -9.98978097e-06 
 1.17820000e-06  1.17820000e-06  1.17820000e-06  1.10726205e-02  1.17820000e-06 -9.98976547e-06 
 1.17920000e-06  1.17920000e-06  1.17920000e-06  1.10726205e-02  1.17920000e-06 -9.98978097e-06 
 1.18020000e-06  1.18020000e-06  1.18020000e-06  1.10726205e-02  1.18020000e-06 -9.98976547e-06 
 1.18120000e-06  1.18120000e-06  1.18120000e-06  1.10726205e-02  1.18120000e-06 -9.98978097e-06 
 1.18220000e-06  1.18220000e-06  1.18220000e-06  1.10726205e-02  1.18220000e-06 -9.98976547e-06 
 1.18320000e-06  1.18320000e-06  1.18320000e-06  1.10726205e-02  1.18320000e-06 -9.98978097e-06 
 1.18420000e-06  1.18420000e-06  1.18420000e-06  1.10726205e-02  1.18420000e-06 -9.98976547e-06 
 1.18520000e-06  1.18520000e-06  1.18520000e-06  1.10726205e-02  1.18520000e-06 -9.98978097e-06 
 1.18620000e-06  1.18620000e-06  1.18620000e-06  1.10726205e-02  1.18620000e-06 -9.98976547e-06 
 1.18720000e-06  1.18720000e-06  1.18720000e-06  1.10726205e-02  1.18720000e-06 -9.98978097e-06 
 1.18820000e-06  1.18820000e-06  1.18820000e-06  1.10726205e-02  1.18820000e-06 -9.98976547e-06 
 1.18920000e-06  1.18920000e-06  1.18920000e-06  1.10726205e-02  1.18920000e-06 -9.98978097e-06 
 1.19020000e-06  1.19020000e-06  1.19020000e-06  1.10726205e-02  1.19020000e-06 -9.98976547e-06 
 1.19120000e-06  1.19120000e-06  1.19120000e-06  1.10726205e-02  1.19120000e-06 -9.98978097e-06 
 1.19220000e-06  1.19220000e-06  1.19220000e-06  1.10726205e-02  1.19220000e-06 -9.98976547e-06 
 1.19320000e-06  1.19320000e-06  1.19320000e-06  1.10726205e-02  1.19320000e-06 -9.98978097e-06 
 1.19420000e-06  1.19420000e-06  1.19420000e-06  1.10726205e-02  1.19420000e-06 -9.98976547e-06 
 1.19520000e-06  1.19520000e-06  1.19520000e-06  1.10726205e-02  1.19520000e-06 -9.98978097e-06 
 1.19620000e-06  1.19620000e-06  1.19620000e-06  1.10726205e-02  1.19620000e-06 -9.98976547e-06 
 1.19720000e-06  1.19720000e-06  1.19720000e-06  1.10726205e-02  1.19720000e-06 -9.98978097e-06 
 1.19820000e-06  1.19820000e-06  1.19820000e-06  1.10726205e-02  1.19820000e-06 -9.98976547e-06 
 1.19920000e-06  1.19920000e-06  1.19920000e-06  1.10726205e-02  1.19920000e-06 -9.98978097e-06 
 1.20020000e-06  1.20020000e-06  1.20020000e-06  1.10726205e-02  1.20020000e-06 -9.98976547e-06 
 1.20120000e-06  1.20120000e-06  1.20120000e-06  1.10726205e-02  1.20120000e-06 -9.98978097e-06 
 1.20220000e-06  1.20220000e-06  1.20220000e-06  1.10726205e-02  1.20220000e-06 -9.98976547e-06 
 1.20320000e-06  1.20320000e-06  1.20320000e-06  1.10726205e-02  1.20320000e-06 -9.98978097e-06 
 1.20420000e-06  1.20420000e-06  1.20420000e-06  1.10726205e-02  1.20420000e-06 -9.98976547e-06 
 1.20520000e-06  1.20520000e-06  1.20520000e-06  1.10726205e-02  1.20520000e-06 -9.98978097e-06 
 1.20620000e-06  1.20620000e-06  1.20620000e-06  1.10726205e-02  1.20620000e-06 -9.98976547e-06 
 1.20720000e-06  1.20720000e-06  1.20720000e-06  1.10726205e-02  1.20720000e-06 -9.98978097e-06 
 1.20820000e-06  1.20820000e-06  1.20820000e-06  1.10726205e-02  1.20820000e-06 -9.98976547e-06 
 1.20920000e-06  1.20920000e-06  1.20920000e-06  1.10726205e-02  1.20920000e-06 -9.98978097e-06 
 1.21020000e-06  1.21020000e-06  1.21020000e-06  1.10726205e-02  1.21020000e-06 -9.98976547e-06 
 1.21120000e-06  1.21120000e-06  1.21120000e-06  1.10726205e-02  1.21120000e-06 -9.98978097e-06 
 1.21220000e-06  1.21220000e-06  1.21220000e-06  1.10726205e-02  1.21220000e-06 -9.98976547e-06 
 1.21320000e-06  1.21320000e-06  1.21320000e-06  1.10726205e-02  1.21320000e-06 -9.98978097e-06 
 1.21420000e-06  1.21420000e-06  1.21420000e-06  1.10726205e-02  1.21420000e-06 -9.98976547e-06 
 1.21520000e-06  1.21520000e-06  1.21520000e-06  1.10726205e-02  1.21520000e-06 -9.98978097e-06 
 1.21620000e-06  1.21620000e-06  1.21620000e-06  1.10726205e-02  1.21620000e-06 -9.98976547e-06 
 1.21720000e-06  1.21720000e-06  1.21720000e-06  1.10726205e-02  1.21720000e-06 -9.98978097e-06 
 1.21820000e-06  1.21820000e-06  1.21820000e-06  1.10726205e-02  1.21820000e-06 -9.98976547e-06 
 1.21920000e-06  1.21920000e-06  1.21920000e-06  1.10726205e-02  1.21920000e-06 -9.98978097e-06 
 1.22020000e-06  1.22020000e-06  1.22020000e-06  1.10726205e-02  1.22020000e-06 -9.98976547e-06 
 1.22120000e-06  1.22120000e-06  1.22120000e-06  1.10726205e-02  1.22120000e-06 -9.98978097e-06 
 1.22220000e-06  1.22220000e-06  1.22220000e-06  1.10726205e-02  1.22220000e-06 -9.98976547e-06 
 1.22320000e-06  1.22320000e-06  1.22320000e-06  1.10726205e-02  1.22320000e-06 -9.98978097e-06 
 1.22420000e-06  1.22420000e-06  1.22420000e-06  1.10726205e-02  1.22420000e-06 -9.98976547e-06 
 1.22520000e-06  1.22520000e-06  1.22520000e-06  1.10726205e-02  1.22520000e-06 -9.98978097e-06 
 1.22620000e-06  1.22620000e-06  1.22620000e-06  1.10726205e-02  1.22620000e-06 -9.98976547e-06 
 1.22720000e-06  1.22720000e-06  1.22720000e-06  1.10726205e-02  1.22720000e-06 -9.98978097e-06 
 1.22820000e-06  1.22820000e-06  1.22820000e-06  1.10726205e-02  1.22820000e-06 -9.98976547e-06 
 1.22920000e-06  1.22920000e-06  1.22920000e-06  1.10726205e-02  1.22920000e-06 -9.98978097e-06 
 1.23020000e-06  1.23020000e-06  1.23020000e-06  1.10726205e-02  1.23020000e-06 -9.98976547e-06 
 1.23120000e-06  1.23120000e-06  1.23120000e-06  1.10726205e-02  1.23120000e-06 -9.98978097e-06 
 1.23220000e-06  1.23220000e-06  1.23220000e-06  1.10726205e-02  1.23220000e-06 -9.98976547e-06 
 1.23320000e-06  1.23320000e-06  1.23320000e-06  1.10726205e-02  1.23320000e-06 -9.98978097e-06 
 1.23420000e-06  1.23420000e-06  1.23420000e-06  1.10726205e-02  1.23420000e-06 -9.98976547e-06 
 1.23520000e-06  1.23520000e-06  1.23520000e-06  1.10726205e-02  1.23520000e-06 -9.98978097e-06 
 1.23620000e-06  1.23620000e-06  1.23620000e-06  1.10726205e-02  1.23620000e-06 -9.98976547e-06 
 1.23720000e-06  1.23720000e-06  1.23720000e-06  1.10726205e-02  1.23720000e-06 -9.98978097e-06 
 1.23820000e-06  1.23820000e-06  1.23820000e-06  1.10726205e-02  1.23820000e-06 -9.98976547e-06 
 1.23920000e-06  1.23920000e-06  1.23920000e-06  1.10726205e-02  1.23920000e-06 -9.98978097e-06 
 1.24020000e-06  1.24020000e-06  1.24020000e-06  1.10726205e-02  1.24020000e-06 -9.98976547e-06 
 1.24120000e-06  1.24120000e-06  1.24120000e-06  1.10726205e-02  1.24120000e-06 -9.98978097e-06 
 1.24220000e-06  1.24220000e-06  1.24220000e-06  1.10726205e-02  1.24220000e-06 -9.98976547e-06 
 1.24320000e-06  1.24320000e-06  1.24320000e-06  1.10726205e-02  1.24320000e-06 -9.98978097e-06 
 1.24420000e-06  1.24420000e-06  1.24420000e-06  1.10726205e-02  1.24420000e-06 -9.98976547e-06 
 1.24520000e-06  1.24520000e-06  1.24520000e-06  1.10726205e-02  1.24520000e-06 -9.98978097e-06 
 1.24620000e-06  1.24620000e-06  1.24620000e-06  1.10726205e-02  1.24620000e-06 -9.98976547e-06 
 1.24720000e-06  1.24720000e-06  1.24720000e-06  1.10726205e-02  1.24720000e-06 -9.98978097e-06 
 1.24820000e-06  1.24820000e-06  1.24820000e-06  1.10726205e-02  1.24820000e-06 -9.98976547e-06 
 1.24920000e-06  1.24920000e-06  1.24920000e-06  1.10726205e-02  1.24920000e-06 -9.98978097e-06 
 1.25020000e-06  1.25020000e-06  1.25020000e-06  1.10726205e-02  1.25020000e-06 -9.98976547e-06 
 1.25120000e-06  1.25120000e-06  1.25120000e-06  1.10726205e-02  1.25120000e-06 -9.98978097e-06 
 1.25220000e-06  1.25220000e-06  1.25220000e-06  1.10726205e-02  1.25220000e-06 -9.98976547e-06 
 1.25320000e-06  1.25320000e-06  1.25320000e-06  1.10726205e-02  1.25320000e-06 -9.98978097e-06 
 1.25420000e-06  1.25420000e-06  1.25420000e-06  1.10726205e-02  1.25420000e-06 -9.98976547e-06 
 1.25520000e-06  1.25520000e-06  1.25520000e-06  1.10726205e-02  1.25520000e-06 -9.98978097e-06 
 1.25620000e-06  1.25620000e-06  1.25620000e-06  1.10726205e-02  1.25620000e-06 -9.98976547e-06 
 1.25720000e-06  1.25720000e-06  1.25720000e-06  1.10726205e-02  1.25720000e-06 -9.98978097e-06 
 1.25820000e-06  1.25820000e-06  1.25820000e-06  1.10726205e-02  1.25820000e-06 -9.98976547e-06 
 1.25920000e-06  1.25920000e-06  1.25920000e-06  1.10726205e-02  1.25920000e-06 -9.98978097e-06 
 1.26020000e-06  1.26020000e-06  1.26020000e-06  1.10726205e-02  1.26020000e-06 -9.98976547e-06 
 1.26120000e-06  1.26120000e-06  1.26120000e-06  1.10726205e-02  1.26120000e-06 -9.98978097e-06 
 1.26220000e-06  1.26220000e-06  1.26220000e-06  1.10726205e-02  1.26220000e-06 -9.98976547e-06 
 1.26320000e-06  1.26320000e-06  1.26320000e-06  1.10726205e-02  1.26320000e-06 -9.98978097e-06 
 1.26420000e-06  1.26420000e-06  1.26420000e-06  1.10726205e-02  1.26420000e-06 -9.98976547e-06 
 1.26520000e-06  1.26520000e-06  1.26520000e-06  1.10726205e-02  1.26520000e-06 -9.98978097e-06 
 1.26620000e-06  1.26620000e-06  1.26620000e-06  1.10726205e-02  1.26620000e-06 -9.98976547e-06 
 1.26720000e-06  1.26720000e-06  1.26720000e-06  1.10726205e-02  1.26720000e-06 -9.98978097e-06 
 1.26820000e-06  1.26820000e-06  1.26820000e-06  1.10726205e-02  1.26820000e-06 -9.98976547e-06 
 1.26920000e-06  1.26920000e-06  1.26920000e-06  1.10726205e-02  1.26920000e-06 -9.98978097e-06 
 1.27020000e-06  1.27020000e-06  1.27020000e-06  1.10726205e-02  1.27020000e-06 -9.98976547e-06 
 1.27120000e-06  1.27120000e-06  1.27120000e-06  1.10726205e-02  1.27120000e-06 -9.98978097e-06 
 1.27220000e-06  1.27220000e-06  1.27220000e-06  1.10726205e-02  1.27220000e-06 -9.98976547e-06 
 1.27320000e-06  1.27320000e-06  1.27320000e-06  1.10726205e-02  1.27320000e-06 -9.98978097e-06 
 1.27420000e-06  1.27420000e-06  1.27420000e-06  1.10726205e-02  1.27420000e-06 -9.98976547e-06 
 1.27520000e-06  1.27520000e-06  1.27520000e-06  1.10726205e-02  1.27520000e-06 -9.98978097e-06 
 1.27620000e-06  1.27620000e-06  1.27620000e-06  1.10726205e-02  1.27620000e-06 -9.98976547e-06 
 1.27720000e-06  1.27720000e-06  1.27720000e-06  1.10726205e-02  1.27720000e-06 -9.98978097e-06 
 1.27820000e-06  1.27820000e-06  1.27820000e-06  1.10726205e-02  1.27820000e-06 -9.98976547e-06 
 1.27920000e-06  1.27920000e-06  1.27920000e-06  1.10726205e-02  1.27920000e-06 -9.98978097e-06 
 1.28020000e-06  1.28020000e-06  1.28020000e-06  1.10726205e-02  1.28020000e-06 -9.98976547e-06 
 1.28120000e-06  1.28120000e-06  1.28120000e-06  1.10726205e-02  1.28120000e-06 -9.98978097e-06 
 1.28220000e-06  1.28220000e-06  1.28220000e-06  1.10726205e-02  1.28220000e-06 -9.98976547e-06 
 1.28320000e-06  1.28320000e-06  1.28320000e-06  1.10726205e-02  1.28320000e-06 -9.98978097e-06 
 1.28420000e-06  1.28420000e-06  1.28420000e-06  1.10726205e-02  1.28420000e-06 -9.98976547e-06 
 1.28520000e-06  1.28520000e-06  1.28520000e-06  1.10726205e-02  1.28520000e-06 -9.98978097e-06 
 1.28620000e-06  1.28620000e-06  1.28620000e-06  1.10726205e-02  1.28620000e-06 -9.98976547e-06 
 1.28720000e-06  1.28720000e-06  1.28720000e-06  1.10726205e-02  1.28720000e-06 -9.98978097e-06 
 1.28820000e-06  1.28820000e-06  1.28820000e-06  1.10726205e-02  1.28820000e-06 -9.98976547e-06 
 1.28920000e-06  1.28920000e-06  1.28920000e-06  1.10726205e-02  1.28920000e-06 -9.98978097e-06 
 1.29020000e-06  1.29020000e-06  1.29020000e-06  1.10726205e-02  1.29020000e-06 -9.98976547e-06 
 1.29120000e-06  1.29120000e-06  1.29120000e-06  1.10726205e-02  1.29120000e-06 -9.98978097e-06 
 1.29220000e-06  1.29220000e-06  1.29220000e-06  1.10726205e-02  1.29220000e-06 -9.98976547e-06 
 1.29320000e-06  1.29320000e-06  1.29320000e-06  1.10726205e-02  1.29320000e-06 -9.98978097e-06 
 1.29420000e-06  1.29420000e-06  1.29420000e-06  1.10726205e-02  1.29420000e-06 -9.98976547e-06 
 1.29520000e-06  1.29520000e-06  1.29520000e-06  1.10726205e-02  1.29520000e-06 -9.98978097e-06 
 1.29620000e-06  1.29620000e-06  1.29620000e-06  1.10726205e-02  1.29620000e-06 -9.98976547e-06 
 1.29720000e-06  1.29720000e-06  1.29720000e-06  1.10726205e-02  1.29720000e-06 -9.98978097e-06 
 1.29820000e-06  1.29820000e-06  1.29820000e-06  1.10726205e-02  1.29820000e-06 -9.98976547e-06 
 1.29920000e-06  1.29920000e-06  1.29920000e-06  1.10726205e-02  1.29920000e-06 -9.98978097e-06 
 1.30020000e-06  1.30020000e-06  1.30020000e-06  1.10726205e-02  1.30020000e-06 -9.98976547e-06 
 1.30120000e-06  1.30120000e-06  1.30120000e-06  1.10726205e-02  1.30120000e-06 -9.98978097e-06 
 1.30220000e-06  1.30220000e-06  1.30220000e-06  1.10726205e-02  1.30220000e-06 -9.98976547e-06 
 1.30320000e-06  1.30320000e-06  1.30320000e-06  1.10726205e-02  1.30320000e-06 -9.98978097e-06 
 1.30420000e-06  1.30420000e-06  1.30420000e-06  1.10726205e-02  1.30420000e-06 -9.98976547e-06 
 1.30520000e-06  1.30520000e-06  1.30520000e-06  1.10726205e-02  1.30520000e-06 -9.98978097e-06 
 1.30620000e-06  1.30620000e-06  1.30620000e-06  1.10726205e-02  1.30620000e-06 -9.98976547e-06 
 1.30720000e-06  1.30720000e-06  1.30720000e-06  1.10726205e-02  1.30720000e-06 -9.98978097e-06 
 1.30820000e-06  1.30820000e-06  1.30820000e-06  1.10726205e-02  1.30820000e-06 -9.98976547e-06 
 1.30920000e-06  1.30920000e-06  1.30920000e-06  1.10726205e-02  1.30920000e-06 -9.98978097e-06 
 1.31020000e-06  1.31020000e-06  1.31020000e-06  1.10726205e-02  1.31020000e-06 -9.98976547e-06 
 1.31120000e-06  1.31120000e-06  1.31120000e-06  1.10726205e-02  1.31120000e-06 -9.98978097e-06 
 1.31220000e-06  1.31220000e-06  1.31220000e-06  1.10726205e-02  1.31220000e-06 -9.98976547e-06 
 1.31320000e-06  1.31320000e-06  1.31320000e-06  1.10726205e-02  1.31320000e-06 -9.98978097e-06 
 1.31420000e-06  1.31420000e-06  1.31420000e-06  1.10726205e-02  1.31420000e-06 -9.98976547e-06 
 1.31520000e-06  1.31520000e-06  1.31520000e-06  1.10726205e-02  1.31520000e-06 -9.98978097e-06 
 1.31620000e-06  1.31620000e-06  1.31620000e-06  1.10726205e-02  1.31620000e-06 -9.98976547e-06 
 1.31720000e-06  1.31720000e-06  1.31720000e-06  1.10726205e-02  1.31720000e-06 -9.98978097e-06 
 1.31820000e-06  1.31820000e-06  1.31820000e-06  1.10726205e-02  1.31820000e-06 -9.98976547e-06 
 1.31920000e-06  1.31920000e-06  1.31920000e-06  1.10726205e-02  1.31920000e-06 -9.98978097e-06 
 1.32020000e-06  1.32020000e-06  1.32020000e-06  1.10726205e-02  1.32020000e-06 -9.98976547e-06 
 1.32120000e-06  1.32120000e-06  1.32120000e-06  1.10726205e-02  1.32120000e-06 -9.98978097e-06 
 1.32220000e-06  1.32220000e-06  1.32220000e-06  1.10726205e-02  1.32220000e-06 -9.98976547e-06 
 1.32320000e-06  1.32320000e-06  1.32320000e-06  1.10726205e-02  1.32320000e-06 -9.98978097e-06 
 1.32420000e-06  1.32420000e-06  1.32420000e-06  1.10726205e-02  1.32420000e-06 -9.98976547e-06 
 1.32520000e-06  1.32520000e-06  1.32520000e-06  1.10726205e-02  1.32520000e-06 -9.98978097e-06 
 1.32620000e-06  1.32620000e-06  1.32620000e-06  1.10726205e-02  1.32620000e-06 -9.98976547e-06 
 1.32720000e-06  1.32720000e-06  1.32720000e-06  1.10726205e-02  1.32720000e-06 -9.98978097e-06 
 1.32820000e-06  1.32820000e-06  1.32820000e-06  1.10726205e-02  1.32820000e-06 -9.98976547e-06 
 1.32920000e-06  1.32920000e-06  1.32920000e-06  1.10726205e-02  1.32920000e-06 -9.98978097e-06 
 1.33020000e-06  1.33020000e-06  1.33020000e-06  1.10726205e-02  1.33020000e-06 -9.98976547e-06 
 1.33120000e-06  1.33120000e-06  1.33120000e-06  1.10726205e-02  1.33120000e-06 -9.98978097e-06 
 1.33220000e-06  1.33220000e-06  1.33220000e-06  1.10726205e-02  1.33220000e-06 -9.98976547e-06 
 1.33320000e-06  1.33320000e-06  1.33320000e-06  1.10726205e-02  1.33320000e-06 -9.98978097e-06 
 1.33420000e-06  1.33420000e-06  1.33420000e-06  1.10726205e-02  1.33420000e-06 -9.98976547e-06 
 1.33520000e-06  1.33520000e-06  1.33520000e-06  1.10726205e-02  1.33520000e-06 -9.98978097e-06 
 1.33620000e-06  1.33620000e-06  1.33620000e-06  1.10726205e-02  1.33620000e-06 -9.98976547e-06 
 1.33720000e-06  1.33720000e-06  1.33720000e-06  1.10726205e-02  1.33720000e-06 -9.98978097e-06 
 1.33820000e-06  1.33820000e-06  1.33820000e-06  1.10726205e-02  1.33820000e-06 -9.98976547e-06 
 1.33920000e-06  1.33920000e-06  1.33920000e-06  1.10726205e-02  1.33920000e-06 -9.98978097e-06 
 1.34020000e-06  1.34020000e-06  1.34020000e-06  1.10726205e-02  1.34020000e-06 -9.98976547e-06 
 1.34120000e-06  1.34120000e-06  1.34120000e-06  1.10726205e-02  1.34120000e-06 -9.98978097e-06 
 1.34220000e-06  1.34220000e-06  1.34220000e-06  1.10726205e-02  1.34220000e-06 -9.98976547e-06 
 1.34320000e-06  1.34320000e-06  1.34320000e-06  1.10726205e-02  1.34320000e-06 -9.98978097e-06 
 1.34420000e-06  1.34420000e-06  1.34420000e-06  1.10726205e-02  1.34420000e-06 -9.98976547e-06 
 1.34520000e-06  1.34520000e-06  1.34520000e-06  1.10726205e-02  1.34520000e-06 -9.98978097e-06 
 1.34620000e-06  1.34620000e-06  1.34620000e-06  1.10726205e-02  1.34620000e-06 -9.98976547e-06 
 1.34720000e-06  1.34720000e-06  1.34720000e-06  1.10726205e-02  1.34720000e-06 -9.98978097e-06 
 1.34820000e-06  1.34820000e-06  1.34820000e-06  1.10726205e-02  1.34820000e-06 -9.98976547e-06 
 1.34920000e-06  1.34920000e-06  1.34920000e-06  1.10726205e-02  1.34920000e-06 -9.98978097e-06 
 1.35020000e-06  1.35020000e-06  1.35020000e-06  1.10726205e-02  1.35020000e-06 -9.98976547e-06 
 1.35120000e-06  1.35120000e-06  1.35120000e-06  1.10726205e-02  1.35120000e-06 -9.98978097e-06 
 1.35220000e-06  1.35220000e-06  1.35220000e-06  1.10726205e-02  1.35220000e-06 -9.98976547e-06 
 1.35320000e-06  1.35320000e-06  1.35320000e-06  1.10726205e-02  1.35320000e-06 -9.98978097e-06 
 1.35420000e-06  1.35420000e-06  1.35420000e-06  1.10726205e-02  1.35420000e-06 -9.98976547e-06 
 1.35520000e-06  1.35520000e-06  1.35520000e-06  1.10726205e-02  1.35520000e-06 -9.98978097e-06 
 1.35620000e-06  1.35620000e-06  1.35620000e-06  1.10726205e-02  1.35620000e-06 -9.98976547e-06 
 1.35720000e-06  1.35720000e-06  1.35720000e-06  1.10726205e-02  1.35720000e-06 -9.98978097e-06 
 1.35820000e-06  1.35820000e-06  1.35820000e-06  1.10726205e-02  1.35820000e-06 -9.98976547e-06 
 1.35920000e-06  1.35920000e-06  1.35920000e-06  1.10726205e-02  1.35920000e-06 -9.98978097e-06 
 1.36020000e-06  1.36020000e-06  1.36020000e-06  1.10726205e-02  1.36020000e-06 -9.98976547e-06 
 1.36120000e-06  1.36120000e-06  1.36120000e-06  1.10726205e-02  1.36120000e-06 -9.98978097e-06 
 1.36220000e-06  1.36220000e-06  1.36220000e-06  1.10726205e-02  1.36220000e-06 -9.98976547e-06 
 1.36320000e-06  1.36320000e-06  1.36320000e-06  1.10726205e-02  1.36320000e-06 -9.98978097e-06 
 1.36420000e-06  1.36420000e-06  1.36420000e-06  1.10726205e-02  1.36420000e-06 -9.98976547e-06 
 1.36520000e-06  1.36520000e-06  1.36520000e-06  1.10726205e-02  1.36520000e-06 -9.98978097e-06 
 1.36620000e-06  1.36620000e-06  1.36620000e-06  1.10726205e-02  1.36620000e-06 -9.98976547e-06 
 1.36720000e-06  1.36720000e-06  1.36720000e-06  1.10726205e-02  1.36720000e-06 -9.98978097e-06 
 1.36820000e-06  1.36820000e-06  1.36820000e-06  1.10726205e-02  1.36820000e-06 -9.98976547e-06 
 1.36920000e-06  1.36920000e-06  1.36920000e-06  1.10726205e-02  1.36920000e-06 -9.98978097e-06 
 1.37020000e-06  1.37020000e-06  1.37020000e-06  1.10726205e-02  1.37020000e-06 -9.98976547e-06 
 1.37120000e-06  1.37120000e-06  1.37120000e-06  1.10726205e-02  1.37120000e-06 -9.98978097e-06 
 1.37220000e-06  1.37220000e-06  1.37220000e-06  1.10726205e-02  1.37220000e-06 -9.98976547e-06 
 1.37320000e-06  1.37320000e-06  1.37320000e-06  1.10726205e-02  1.37320000e-06 -9.98978097e-06 
 1.37420000e-06  1.37420000e-06  1.37420000e-06  1.10726205e-02  1.37420000e-06 -9.98976547e-06 
 1.37520000e-06  1.37520000e-06  1.37520000e-06  1.10726205e-02  1.37520000e-06 -9.98978097e-06 
 1.37620000e-06  1.37620000e-06  1.37620000e-06  1.10726205e-02  1.37620000e-06 -9.98976547e-06 
 1.37720000e-06  1.37720000e-06  1.37720000e-06  1.10726205e-02  1.37720000e-06 -9.98978097e-06 
 1.37820000e-06  1.37820000e-06  1.37820000e-06  1.10726205e-02  1.37820000e-06 -9.98976547e-06 
 1.37920000e-06  1.37920000e-06  1.37920000e-06  1.10726205e-02  1.37920000e-06 -9.98978097e-06 
 1.38020000e-06  1.38020000e-06  1.38020000e-06  1.10726205e-02  1.38020000e-06 -9.98976547e-06 
 1.38120000e-06  1.38120000e-06  1.38120000e-06  1.10726205e-02  1.38120000e-06 -9.98978097e-06 
 1.38220000e-06  1.38220000e-06  1.38220000e-06  1.10726205e-02  1.38220000e-06 -9.98976547e-06 
 1.38320000e-06  1.38320000e-06  1.38320000e-06  1.10726205e-02  1.38320000e-06 -9.98978097e-06 
 1.38420000e-06  1.38420000e-06  1.38420000e-06  1.10726205e-02  1.38420000e-06 -9.98976547e-06 
 1.38520000e-06  1.38520000e-06  1.38520000e-06  1.10726205e-02  1.38520000e-06 -9.98978097e-06 
 1.38620000e-06  1.38620000e-06  1.38620000e-06  1.10726205e-02  1.38620000e-06 -9.98976547e-06 
 1.38720000e-06  1.38720000e-06  1.38720000e-06  1.10726205e-02  1.38720000e-06 -9.98978097e-06 
 1.38820000e-06  1.38820000e-06  1.38820000e-06  1.10726205e-02  1.38820000e-06 -9.98976547e-06 
 1.38920000e-06  1.38920000e-06  1.38920000e-06  1.10726205e-02  1.38920000e-06 -9.98978097e-06 
 1.39020000e-06  1.39020000e-06  1.39020000e-06  1.10726205e-02  1.39020000e-06 -9.98976547e-06 
 1.39120000e-06  1.39120000e-06  1.39120000e-06  1.10726205e-02  1.39120000e-06 -9.98978097e-06 
 1.39220000e-06  1.39220000e-06  1.39220000e-06  1.10726205e-02  1.39220000e-06 -9.98976547e-06 
 1.39320000e-06  1.39320000e-06  1.39320000e-06  1.10726205e-02  1.39320000e-06 -9.98978097e-06 
 1.39420000e-06  1.39420000e-06  1.39420000e-06  1.10726205e-02  1.39420000e-06 -9.98976547e-06 
 1.39520000e-06  1.39520000e-06  1.39520000e-06  1.10726205e-02  1.39520000e-06 -9.98978097e-06 
 1.39620000e-06  1.39620000e-06  1.39620000e-06  1.10726205e-02  1.39620000e-06 -9.98976547e-06 
 1.39720000e-06  1.39720000e-06  1.39720000e-06  1.10726205e-02  1.39720000e-06 -9.98978097e-06 
 1.39820000e-06  1.39820000e-06  1.39820000e-06  1.10726205e-02  1.39820000e-06 -9.98976547e-06 
 1.39920000e-06  1.39920000e-06  1.39920000e-06  1.10726205e-02  1.39920000e-06 -9.98978097e-06 
 1.40020000e-06  1.40020000e-06  1.40020000e-06  1.10726205e-02  1.40020000e-06 -9.98976547e-06 
 1.40120000e-06  1.40120000e-06  1.40120000e-06  1.10726205e-02  1.40120000e-06 -9.98978097e-06 
 1.40220000e-06  1.40220000e-06  1.40220000e-06  1.10726205e-02  1.40220000e-06 -9.98976547e-06 
 1.40320000e-06  1.40320000e-06  1.40320000e-06  1.10726205e-02  1.40320000e-06 -9.98978097e-06 
 1.40420000e-06  1.40420000e-06  1.40420000e-06  1.10726205e-02  1.40420000e-06 -9.98976547e-06 
 1.40520000e-06  1.40520000e-06  1.40520000e-06  1.10726205e-02  1.40520000e-06 -9.98978097e-06 
 1.40620000e-06  1.40620000e-06  1.40620000e-06  1.10726205e-02  1.40620000e-06 -9.98976547e-06 
 1.40720000e-06  1.40720000e-06  1.40720000e-06  1.10726205e-02  1.40720000e-06 -9.98978097e-06 
 1.40820000e-06  1.40820000e-06  1.40820000e-06  1.10726205e-02  1.40820000e-06 -9.98976547e-06 
 1.40920000e-06  1.40920000e-06  1.40920000e-06  1.10726205e-02  1.40920000e-06 -9.98978097e-06 
 1.41020000e-06  1.41020000e-06  1.41020000e-06  1.10726205e-02  1.41020000e-06 -9.98976547e-06 
 1.41120000e-06  1.41120000e-06  1.41120000e-06  1.10726205e-02  1.41120000e-06 -9.98978097e-06 
 1.41220000e-06  1.41220000e-06  1.41220000e-06  1.10726205e-02  1.41220000e-06 -9.98976547e-06 
 1.41320000e-06  1.41320000e-06  1.41320000e-06  1.10726205e-02  1.41320000e-06 -9.98978097e-06 
 1.41420000e-06  1.41420000e-06  1.41420000e-06  1.10726205e-02  1.41420000e-06 -9.98976547e-06 
 1.41520000e-06  1.41520000e-06  1.41520000e-06  1.10726205e-02  1.41520000e-06 -9.98978097e-06 
 1.41620000e-06  1.41620000e-06  1.41620000e-06  1.10726205e-02  1.41620000e-06 -9.98976547e-06 
 1.41720000e-06  1.41720000e-06  1.41720000e-06  1.10726205e-02  1.41720000e-06 -9.98978097e-06 
 1.41820000e-06  1.41820000e-06  1.41820000e-06  1.10726205e-02  1.41820000e-06 -9.98976547e-06 
 1.41920000e-06  1.41920000e-06  1.41920000e-06  1.10726205e-02  1.41920000e-06 -9.98978097e-06 
 1.42020000e-06  1.42020000e-06  1.42020000e-06  1.10726205e-02  1.42020000e-06 -9.98976547e-06 
 1.42120000e-06  1.42120000e-06  1.42120000e-06  1.10726205e-02  1.42120000e-06 -9.98978097e-06 
 1.42220000e-06  1.42220000e-06  1.42220000e-06  1.10726205e-02  1.42220000e-06 -9.98976547e-06 
 1.42320000e-06  1.42320000e-06  1.42320000e-06  1.10726205e-02  1.42320000e-06 -9.98978097e-06 
 1.42420000e-06  1.42420000e-06  1.42420000e-06  1.10726205e-02  1.42420000e-06 -9.98976547e-06 
 1.42520000e-06  1.42520000e-06  1.42520000e-06  1.10726205e-02  1.42520000e-06 -9.98978097e-06 
 1.42620000e-06  1.42620000e-06  1.42620000e-06  1.10726205e-02  1.42620000e-06 -9.98976547e-06 
 1.42720000e-06  1.42720000e-06  1.42720000e-06  1.10726205e-02  1.42720000e-06 -9.98978097e-06 
 1.42820000e-06  1.42820000e-06  1.42820000e-06  1.10726205e-02  1.42820000e-06 -9.98976547e-06 
 1.42920000e-06  1.42920000e-06  1.42920000e-06  1.10726205e-02  1.42920000e-06 -9.98978097e-06 
 1.43020000e-06  1.43020000e-06  1.43020000e-06  1.10726205e-02  1.43020000e-06 -9.98976547e-06 
 1.43120000e-06  1.43120000e-06  1.43120000e-06  1.10726205e-02  1.43120000e-06 -9.98978097e-06 
 1.43220000e-06  1.43220000e-06  1.43220000e-06  1.10726205e-02  1.43220000e-06 -9.98976547e-06 
 1.43320000e-06  1.43320000e-06  1.43320000e-06  1.10726205e-02  1.43320000e-06 -9.98978097e-06 
 1.43420000e-06  1.43420000e-06  1.43420000e-06  1.10726205e-02  1.43420000e-06 -9.98976547e-06 
 1.43520000e-06  1.43520000e-06  1.43520000e-06  1.10726205e-02  1.43520000e-06 -9.98978097e-06 
 1.43620000e-06  1.43620000e-06  1.43620000e-06  1.10726205e-02  1.43620000e-06 -9.98976547e-06 
 1.43720000e-06  1.43720000e-06  1.43720000e-06  1.10726205e-02  1.43720000e-06 -9.98978097e-06 
 1.43820000e-06  1.43820000e-06  1.43820000e-06  1.10726205e-02  1.43820000e-06 -9.98976547e-06 
 1.43920000e-06  1.43920000e-06  1.43920000e-06  1.10726205e-02  1.43920000e-06 -9.98978097e-06 
 1.44020000e-06  1.44020000e-06  1.44020000e-06  1.10726205e-02  1.44020000e-06 -9.98976547e-06 
 1.44120000e-06  1.44120000e-06  1.44120000e-06  1.10726205e-02  1.44120000e-06 -9.98978097e-06 
 1.44220000e-06  1.44220000e-06  1.44220000e-06  1.10726205e-02  1.44220000e-06 -9.98976547e-06 
 1.44320000e-06  1.44320000e-06  1.44320000e-06  1.10726205e-02  1.44320000e-06 -9.98978097e-06 
 1.44420000e-06  1.44420000e-06  1.44420000e-06  1.10726205e-02  1.44420000e-06 -9.98976547e-06 
 1.44520000e-06  1.44520000e-06  1.44520000e-06  1.10726205e-02  1.44520000e-06 -9.98978097e-06 
 1.44620000e-06  1.44620000e-06  1.44620000e-06  1.10726205e-02  1.44620000e-06 -9.98976547e-06 
 1.44720000e-06  1.44720000e-06  1.44720000e-06  1.10726205e-02  1.44720000e-06 -9.98978097e-06 
 1.44820000e-06  1.44820000e-06  1.44820000e-06  1.10726205e-02  1.44820000e-06 -9.98976547e-06 
 1.44920000e-06  1.44920000e-06  1.44920000e-06  1.10726205e-02  1.44920000e-06 -9.98978097e-06 
 1.45020000e-06  1.45020000e-06  1.45020000e-06  1.10726205e-02  1.45020000e-06 -9.98976547e-06 
 1.45120000e-06  1.45120000e-06  1.45120000e-06  1.10726205e-02  1.45120000e-06 -9.98978097e-06 
 1.45220000e-06  1.45220000e-06  1.45220000e-06  1.10726205e-02  1.45220000e-06 -9.98976547e-06 
 1.45320000e-06  1.45320000e-06  1.45320000e-06  1.10726205e-02  1.45320000e-06 -9.98978097e-06 
 1.45420000e-06  1.45420000e-06  1.45420000e-06  1.10726205e-02  1.45420000e-06 -9.98976547e-06 
 1.45520000e-06  1.45520000e-06  1.45520000e-06  1.10726205e-02  1.45520000e-06 -9.98978097e-06 
 1.45620000e-06  1.45620000e-06  1.45620000e-06  1.10726205e-02  1.45620000e-06 -9.98976547e-06 
 1.45720000e-06  1.45720000e-06  1.45720000e-06  1.10726205e-02  1.45720000e-06 -9.98978097e-06 
 1.45820000e-06  1.45820000e-06  1.45820000e-06  1.10726205e-02  1.45820000e-06 -9.98976547e-06 
 1.45920000e-06  1.45920000e-06  1.45920000e-06  1.10726205e-02  1.45920000e-06 -9.98978097e-06 
 1.46020000e-06  1.46020000e-06  1.46020000e-06  1.10726205e-02  1.46020000e-06 -9.98976547e-06 
 1.46120000e-06  1.46120000e-06  1.46120000e-06  1.10726205e-02  1.46120000e-06 -9.98978097e-06 
 1.46220000e-06  1.46220000e-06  1.46220000e-06  1.10726205e-02  1.46220000e-06 -9.98976547e-06 
 1.46320000e-06  1.46320000e-06  1.46320000e-06  1.10726205e-02  1.46320000e-06 -9.98978097e-06 
 1.46420000e-06  1.46420000e-06  1.46420000e-06  1.10726205e-02  1.46420000e-06 -9.98976547e-06 
 1.46520000e-06  1.46520000e-06  1.46520000e-06  1.10726205e-02  1.46520000e-06 -9.98978097e-06 
 1.46620000e-06  1.46620000e-06  1.46620000e-06  1.10726205e-02  1.46620000e-06 -9.98976547e-06 
 1.46720000e-06  1.46720000e-06  1.46720000e-06  1.10726205e-02  1.46720000e-06 -9.98978097e-06 
 1.46820000e-06  1.46820000e-06  1.46820000e-06  1.10726205e-02  1.46820000e-06 -9.98976547e-06 
 1.46920000e-06  1.46920000e-06  1.46920000e-06  1.10726205e-02  1.46920000e-06 -9.98978097e-06 
 1.47020000e-06  1.47020000e-06  1.47020000e-06  1.10726205e-02  1.47020000e-06 -9.98976547e-06 
 1.47120000e-06  1.47120000e-06  1.47120000e-06  1.10726205e-02  1.47120000e-06 -9.98978097e-06 
 1.47220000e-06  1.47220000e-06  1.47220000e-06  1.10726205e-02  1.47220000e-06 -9.98976547e-06 
 1.47320000e-06  1.47320000e-06  1.47320000e-06  1.10726205e-02  1.47320000e-06 -9.98978097e-06 
 1.47420000e-06  1.47420000e-06  1.47420000e-06  1.10726205e-02  1.47420000e-06 -9.98976547e-06 
 1.47520000e-06  1.47520000e-06  1.47520000e-06  1.10726205e-02  1.47520000e-06 -9.98978097e-06 
 1.47620000e-06  1.47620000e-06  1.47620000e-06  1.10726205e-02  1.47620000e-06 -9.98976547e-06 
 1.47720000e-06  1.47720000e-06  1.47720000e-06  1.10726205e-02  1.47720000e-06 -9.98978097e-06 
 1.47820000e-06  1.47820000e-06  1.47820000e-06  1.10726205e-02  1.47820000e-06 -9.98976547e-06 
 1.47920000e-06  1.47920000e-06  1.47920000e-06  1.10726205e-02  1.47920000e-06 -9.98978097e-06 
 1.48020000e-06  1.48020000e-06  1.48020000e-06  1.10726205e-02  1.48020000e-06 -9.98976547e-06 
 1.48120000e-06  1.48120000e-06  1.48120000e-06  1.10726205e-02  1.48120000e-06 -9.98978097e-06 
 1.48220000e-06  1.48220000e-06  1.48220000e-06  1.10726205e-02  1.48220000e-06 -9.98976547e-06 
 1.48320000e-06  1.48320000e-06  1.48320000e-06  1.10726205e-02  1.48320000e-06 -9.98978097e-06 
 1.48420000e-06  1.48420000e-06  1.48420000e-06  1.10726205e-02  1.48420000e-06 -9.98976547e-06 
 1.48520000e-06  1.48520000e-06  1.48520000e-06  1.10726205e-02  1.48520000e-06 -9.98978097e-06 
 1.48620000e-06  1.48620000e-06  1.48620000e-06  1.10726205e-02  1.48620000e-06 -9.98976547e-06 
 1.48720000e-06  1.48720000e-06  1.48720000e-06  1.10726205e-02  1.48720000e-06 -9.98978097e-06 
 1.48820000e-06  1.48820000e-06  1.48820000e-06  1.10726205e-02  1.48820000e-06 -9.98976547e-06 
 1.48920000e-06  1.48920000e-06  1.48920000e-06  1.10726205e-02  1.48920000e-06 -9.98978097e-06 
 1.49020000e-06  1.49020000e-06  1.49020000e-06  1.10726205e-02  1.49020000e-06 -9.98976547e-06 
 1.49120000e-06  1.49120000e-06  1.49120000e-06  1.10726205e-02  1.49120000e-06 -9.98978097e-06 
 1.49220000e-06  1.49220000e-06  1.49220000e-06  1.10726205e-02  1.49220000e-06 -9.98976547e-06 
 1.49320000e-06  1.49320000e-06  1.49320000e-06  1.10726205e-02  1.49320000e-06 -9.98978097e-06 
 1.49420000e-06  1.49420000e-06  1.49420000e-06  1.10726205e-02  1.49420000e-06 -9.98976547e-06 
 1.49520000e-06  1.49520000e-06  1.49520000e-06  1.10726205e-02  1.49520000e-06 -9.98978097e-06 
 1.49620000e-06  1.49620000e-06  1.49620000e-06  1.10726205e-02  1.49620000e-06 -9.98976547e-06 
 1.49720000e-06  1.49720000e-06  1.49720000e-06  1.10726205e-02  1.49720000e-06 -9.98978097e-06 
 1.49820000e-06  1.49820000e-06  1.49820000e-06  1.10726205e-02  1.49820000e-06 -9.98976547e-06 
 1.49920000e-06  1.49920000e-06  1.49920000e-06  1.10726205e-02  1.49920000e-06 -9.98978097e-06 
 1.50020000e-06  1.50020000e-06  1.50020000e-06  1.10726205e-02  1.50020000e-06 -9.98976547e-06 
 1.50120000e-06  1.50120000e-06  1.50120000e-06  1.10726205e-02  1.50120000e-06 -9.98978097e-06 
 1.50220000e-06  1.50220000e-06  1.50220000e-06  1.10726205e-02  1.50220000e-06 -9.98976547e-06 
 1.50320000e-06  1.50320000e-06  1.50320000e-06  1.10726205e-02  1.50320000e-06 -9.98978097e-06 
 1.50420000e-06  1.50420000e-06  1.50420000e-06  1.10726205e-02  1.50420000e-06 -9.98976547e-06 
 1.50520000e-06  1.50520000e-06  1.50520000e-06  1.10726205e-02  1.50520000e-06 -9.98978097e-06 
 1.50620000e-06  1.50620000e-06  1.50620000e-06  1.10726205e-02  1.50620000e-06 -9.98976547e-06 
 1.50720000e-06  1.50720000e-06  1.50720000e-06  1.10726205e-02  1.50720000e-06 -9.98978097e-06 
 1.50820000e-06  1.50820000e-06  1.50820000e-06  1.10726205e-02  1.50820000e-06 -9.98976547e-06 
 1.50920000e-06  1.50920000e-06  1.50920000e-06  1.10726205e-02  1.50920000e-06 -9.98978097e-06 
 1.51020000e-06  1.51020000e-06  1.51020000e-06  1.10726205e-02  1.51020000e-06 -9.98976547e-06 
 1.51120000e-06  1.51120000e-06  1.51120000e-06  1.10726205e-02  1.51120000e-06 -9.98978097e-06 
 1.51220000e-06  1.51220000e-06  1.51220000e-06  1.10726205e-02  1.51220000e-06 -9.98976547e-06 
 1.51320000e-06  1.51320000e-06  1.51320000e-06  1.10726205e-02  1.51320000e-06 -9.98978097e-06 
 1.51420000e-06  1.51420000e-06  1.51420000e-06  1.10726205e-02  1.51420000e-06 -9.98976547e-06 
 1.51520000e-06  1.51520000e-06  1.51520000e-06  1.10726205e-02  1.51520000e-06 -9.98978097e-06 
 1.51620000e-06  1.51620000e-06  1.51620000e-06  1.10726205e-02  1.51620000e-06 -9.98976547e-06 
 1.51720000e-06  1.51720000e-06  1.51720000e-06  1.10726205e-02  1.51720000e-06 -9.98978097e-06 
 1.51820000e-06  1.51820000e-06  1.51820000e-06  1.10726205e-02  1.51820000e-06 -9.98976547e-06 
 1.51920000e-06  1.51920000e-06  1.51920000e-06  1.10726205e-02  1.51920000e-06 -9.98978097e-06 
 1.52020000e-06  1.52020000e-06  1.52020000e-06  1.10726205e-02  1.52020000e-06 -9.98976547e-06 
 1.52120000e-06  1.52120000e-06  1.52120000e-06  1.10726205e-02  1.52120000e-06 -9.98978097e-06 
 1.52220000e-06  1.52220000e-06  1.52220000e-06  1.10726205e-02  1.52220000e-06 -9.98976547e-06 
 1.52320000e-06  1.52320000e-06  1.52320000e-06  1.10726205e-02  1.52320000e-06 -9.98978097e-06 
 1.52420000e-06  1.52420000e-06  1.52420000e-06  1.10726205e-02  1.52420000e-06 -9.98976547e-06 
 1.52520000e-06  1.52520000e-06  1.52520000e-06  1.10726205e-02  1.52520000e-06 -9.98978097e-06 
 1.52620000e-06  1.52620000e-06  1.52620000e-06  1.10726205e-02  1.52620000e-06 -9.98976547e-06 
 1.52720000e-06  1.52720000e-06  1.52720000e-06  1.10726205e-02  1.52720000e-06 -9.98978097e-06 
 1.52820000e-06  1.52820000e-06  1.52820000e-06  1.10726205e-02  1.52820000e-06 -9.98976547e-06 
 1.52920000e-06  1.52920000e-06  1.52920000e-06  1.10726205e-02  1.52920000e-06 -9.98978097e-06 
 1.53020000e-06  1.53020000e-06  1.53020000e-06  1.10726205e-02  1.53020000e-06 -9.98976547e-06 
 1.53120000e-06  1.53120000e-06  1.53120000e-06  1.10726205e-02  1.53120000e-06 -9.98978097e-06 
 1.53220000e-06  1.53220000e-06  1.53220000e-06  1.10726205e-02  1.53220000e-06 -9.98976547e-06 
 1.53320000e-06  1.53320000e-06  1.53320000e-06  1.10726205e-02  1.53320000e-06 -9.98978097e-06 
 1.53420000e-06  1.53420000e-06  1.53420000e-06  1.10726205e-02  1.53420000e-06 -9.98976547e-06 
 1.53520000e-06  1.53520000e-06  1.53520000e-06  1.10726205e-02  1.53520000e-06 -9.98978097e-06 
 1.53620000e-06  1.53620000e-06  1.53620000e-06  1.10726205e-02  1.53620000e-06 -9.98976547e-06 
 1.53720000e-06  1.53720000e-06  1.53720000e-06  1.10726205e-02  1.53720000e-06 -9.98978097e-06 
 1.53820000e-06  1.53820000e-06  1.53820000e-06  1.10726205e-02  1.53820000e-06 -9.98976547e-06 
 1.53920000e-06  1.53920000e-06  1.53920000e-06  1.10726205e-02  1.53920000e-06 -9.98978097e-06 
 1.54020000e-06  1.54020000e-06  1.54020000e-06  1.10726205e-02  1.54020000e-06 -9.98976547e-06 
 1.54120000e-06  1.54120000e-06  1.54120000e-06  1.10726205e-02  1.54120000e-06 -9.98978097e-06 
 1.54220000e-06  1.54220000e-06  1.54220000e-06  1.10726205e-02  1.54220000e-06 -9.98976547e-06 
 1.54320000e-06  1.54320000e-06  1.54320000e-06  1.10726205e-02  1.54320000e-06 -9.98978097e-06 
 1.54420000e-06  1.54420000e-06  1.54420000e-06  1.10726205e-02  1.54420000e-06 -9.98976547e-06 
 1.54520000e-06  1.54520000e-06  1.54520000e-06  1.10726205e-02  1.54520000e-06 -9.98978097e-06 
 1.54620000e-06  1.54620000e-06  1.54620000e-06  1.10726205e-02  1.54620000e-06 -9.98976547e-06 
 1.54720000e-06  1.54720000e-06  1.54720000e-06  1.10726205e-02  1.54720000e-06 -9.98978097e-06 
 1.54820000e-06  1.54820000e-06  1.54820000e-06  1.10726205e-02  1.54820000e-06 -9.98976547e-06 
 1.54920000e-06  1.54920000e-06  1.54920000e-06  1.10726205e-02  1.54920000e-06 -9.98978097e-06 
 1.55020000e-06  1.55020000e-06  1.55020000e-06  1.10726205e-02  1.55020000e-06 -9.98976547e-06 
 1.55120000e-06  1.55120000e-06  1.55120000e-06  1.10726205e-02  1.55120000e-06 -9.98978097e-06 
 1.55220000e-06  1.55220000e-06  1.55220000e-06  1.10726205e-02  1.55220000e-06 -9.98976547e-06 
 1.55320000e-06  1.55320000e-06  1.55320000e-06  1.10726205e-02  1.55320000e-06 -9.98978097e-06 
 1.55420000e-06  1.55420000e-06  1.55420000e-06  1.10726205e-02  1.55420000e-06 -9.98976547e-06 
 1.55520000e-06  1.55520000e-06  1.55520000e-06  1.10726205e-02  1.55520000e-06 -9.98978097e-06 
 1.55620000e-06  1.55620000e-06  1.55620000e-06  1.10726205e-02  1.55620000e-06 -9.98976547e-06 
 1.55720000e-06  1.55720000e-06  1.55720000e-06  1.10726205e-02  1.55720000e-06 -9.98978097e-06 
 1.55820000e-06  1.55820000e-06  1.55820000e-06  1.10726205e-02  1.55820000e-06 -9.98976547e-06 
 1.55920000e-06  1.55920000e-06  1.55920000e-06  1.10726205e-02  1.55920000e-06 -9.98978097e-06 
 1.56020000e-06  1.56020000e-06  1.56020000e-06  1.10726205e-02  1.56020000e-06 -9.98976547e-06 
 1.56120000e-06  1.56120000e-06  1.56120000e-06  1.10726205e-02  1.56120000e-06 -9.98978097e-06 
 1.56220000e-06  1.56220000e-06  1.56220000e-06  1.10726205e-02  1.56220000e-06 -9.98976547e-06 
 1.56320000e-06  1.56320000e-06  1.56320000e-06  1.10726205e-02  1.56320000e-06 -9.98978097e-06 
 1.56420000e-06  1.56420000e-06  1.56420000e-06  1.10726205e-02  1.56420000e-06 -9.98976547e-06 
 1.56520000e-06  1.56520000e-06  1.56520000e-06  1.10726205e-02  1.56520000e-06 -9.98978097e-06 
 1.56620000e-06  1.56620000e-06  1.56620000e-06  1.10726205e-02  1.56620000e-06 -9.98976547e-06 
 1.56720000e-06  1.56720000e-06  1.56720000e-06  1.10726205e-02  1.56720000e-06 -9.98978097e-06 
 1.56820000e-06  1.56820000e-06  1.56820000e-06  1.10726205e-02  1.56820000e-06 -9.98976547e-06 
 1.56920000e-06  1.56920000e-06  1.56920000e-06  1.10726205e-02  1.56920000e-06 -9.98978097e-06 
 1.57020000e-06  1.57020000e-06  1.57020000e-06  1.10726205e-02  1.57020000e-06 -9.98976547e-06 
 1.57120000e-06  1.57120000e-06  1.57120000e-06  1.10726205e-02  1.57120000e-06 -9.98978097e-06 
 1.57220000e-06  1.57220000e-06  1.57220000e-06  1.10726205e-02  1.57220000e-06 -9.98976547e-06 
 1.57320000e-06  1.57320000e-06  1.57320000e-06  1.10726205e-02  1.57320000e-06 -9.98978097e-06 
 1.57420000e-06  1.57420000e-06  1.57420000e-06  1.10726205e-02  1.57420000e-06 -9.98976547e-06 
 1.57520000e-06  1.57520000e-06  1.57520000e-06  1.10726205e-02  1.57520000e-06 -9.98978097e-06 
 1.57620000e-06  1.57620000e-06  1.57620000e-06  1.10726205e-02  1.57620000e-06 -9.98976547e-06 
 1.57720000e-06  1.57720000e-06  1.57720000e-06  1.10726205e-02  1.57720000e-06 -9.98978097e-06 
 1.57820000e-06  1.57820000e-06  1.57820000e-06  1.10726205e-02  1.57820000e-06 -9.98976547e-06 
 1.57920000e-06  1.57920000e-06  1.57920000e-06  1.10726205e-02  1.57920000e-06 -9.98978097e-06 
 1.58020000e-06  1.58020000e-06  1.58020000e-06  1.10726205e-02  1.58020000e-06 -9.98976547e-06 
 1.58120000e-06  1.58120000e-06  1.58120000e-06  1.10726205e-02  1.58120000e-06 -9.98978097e-06 
 1.58220000e-06  1.58220000e-06  1.58220000e-06  1.10726205e-02  1.58220000e-06 -9.98976547e-06 
 1.58320000e-06  1.58320000e-06  1.58320000e-06  1.10726205e-02  1.58320000e-06 -9.98978097e-06 
 1.58420000e-06  1.58420000e-06  1.58420000e-06  1.10726205e-02  1.58420000e-06 -9.98976547e-06 
 1.58520000e-06  1.58520000e-06  1.58520000e-06  1.10726205e-02  1.58520000e-06 -9.98978097e-06 
 1.58620000e-06  1.58620000e-06  1.58620000e-06  1.10726205e-02  1.58620000e-06 -9.98976547e-06 
 1.58720000e-06  1.58720000e-06  1.58720000e-06  1.10726205e-02  1.58720000e-06 -9.98978097e-06 
 1.58820000e-06  1.58820000e-06  1.58820000e-06  1.10726205e-02  1.58820000e-06 -9.98976547e-06 
 1.58920000e-06  1.58920000e-06  1.58920000e-06  1.10726205e-02  1.58920000e-06 -9.98978097e-06 
 1.59020000e-06  1.59020000e-06  1.59020000e-06  1.10726205e-02  1.59020000e-06 -9.98976547e-06 
 1.59120000e-06  1.59120000e-06  1.59120000e-06  1.10726205e-02  1.59120000e-06 -9.98978097e-06 
 1.59220000e-06  1.59220000e-06  1.59220000e-06  1.10726205e-02  1.59220000e-06 -9.98976547e-06 
 1.59320000e-06  1.59320000e-06  1.59320000e-06  1.10726205e-02  1.59320000e-06 -9.98978097e-06 
 1.59420000e-06  1.59420000e-06  1.59420000e-06  1.10726205e-02  1.59420000e-06 -9.98976547e-06 
 1.59520000e-06  1.59520000e-06  1.59520000e-06  1.10726205e-02  1.59520000e-06 -9.98978097e-06 
 1.59620000e-06  1.59620000e-06  1.59620000e-06  1.10726205e-02  1.59620000e-06 -9.98976547e-06 
 1.59720000e-06  1.59720000e-06  1.59720000e-06  1.10726205e-02  1.59720000e-06 -9.98978097e-06 
 1.59820000e-06  1.59820000e-06  1.59820000e-06  1.10726205e-02  1.59820000e-06 -9.98976547e-06 
 1.59920000e-06  1.59920000e-06  1.59920000e-06  1.10726205e-02  1.59920000e-06 -9.98978097e-06 
 1.60020000e-06  1.60020000e-06  1.60020000e-06  1.10726205e-02  1.60020000e-06 -9.98976547e-06 
 1.60120000e-06  1.60120000e-06  1.60120000e-06  1.10726205e-02  1.60120000e-06 -9.98978097e-06 
 1.60220000e-06  1.60220000e-06  1.60220000e-06  1.10726205e-02  1.60220000e-06 -9.98976547e-06 
 1.60320000e-06  1.60320000e-06  1.60320000e-06  1.10726205e-02  1.60320000e-06 -9.98978097e-06 
 1.60420000e-06  1.60420000e-06  1.60420000e-06  1.10726205e-02  1.60420000e-06 -9.98976547e-06 
 1.60520000e-06  1.60520000e-06  1.60520000e-06  1.10726205e-02  1.60520000e-06 -9.98978097e-06 
 1.60620000e-06  1.60620000e-06  1.60620000e-06  1.10726205e-02  1.60620000e-06 -9.98976547e-06 
 1.60720000e-06  1.60720000e-06  1.60720000e-06  1.10726205e-02  1.60720000e-06 -9.98978097e-06 
 1.60820000e-06  1.60820000e-06  1.60820000e-06  1.10726205e-02  1.60820000e-06 -9.98976547e-06 
 1.60920000e-06  1.60920000e-06  1.60920000e-06  1.10726205e-02  1.60920000e-06 -9.98978097e-06 
 1.61020000e-06  1.61020000e-06  1.61020000e-06  1.10726205e-02  1.61020000e-06 -9.98976547e-06 
 1.61120000e-06  1.61120000e-06  1.61120000e-06  1.10726205e-02  1.61120000e-06 -9.98978097e-06 
 1.61220000e-06  1.61220000e-06  1.61220000e-06  1.10726205e-02  1.61220000e-06 -9.98976547e-06 
 1.61320000e-06  1.61320000e-06  1.61320000e-06  1.10726205e-02  1.61320000e-06 -9.98978097e-06 
 1.61420000e-06  1.61420000e-06  1.61420000e-06  1.10726205e-02  1.61420000e-06 -9.98976547e-06 
 1.61520000e-06  1.61520000e-06  1.61520000e-06  1.10726205e-02  1.61520000e-06 -9.98978097e-06 
 1.61620000e-06  1.61620000e-06  1.61620000e-06  1.10726205e-02  1.61620000e-06 -9.98976547e-06 
 1.61720000e-06  1.61720000e-06  1.61720000e-06  1.10726205e-02  1.61720000e-06 -9.98978097e-06 
 1.61820000e-06  1.61820000e-06  1.61820000e-06  1.10726205e-02  1.61820000e-06 -9.98976547e-06 
 1.61920000e-06  1.61920000e-06  1.61920000e-06  1.10726205e-02  1.61920000e-06 -9.98978097e-06 
 1.62020000e-06  1.62020000e-06  1.62020000e-06  1.10726205e-02  1.62020000e-06 -9.98976547e-06 
 1.62120000e-06  1.62120000e-06  1.62120000e-06  1.10726205e-02  1.62120000e-06 -9.98978097e-06 
 1.62220000e-06  1.62220000e-06  1.62220000e-06  1.10726205e-02  1.62220000e-06 -9.98976547e-06 
 1.62320000e-06  1.62320000e-06  1.62320000e-06  1.10726205e-02  1.62320000e-06 -9.98978097e-06 
 1.62420000e-06  1.62420000e-06  1.62420000e-06  1.10726205e-02  1.62420000e-06 -9.98976547e-06 
 1.62520000e-06  1.62520000e-06  1.62520000e-06  1.10726205e-02  1.62520000e-06 -9.98978097e-06 
 1.62620000e-06  1.62620000e-06  1.62620000e-06  1.10726205e-02  1.62620000e-06 -9.98976547e-06 
 1.62720000e-06  1.62720000e-06  1.62720000e-06  1.10726205e-02  1.62720000e-06 -9.98978097e-06 
 1.62820000e-06  1.62820000e-06  1.62820000e-06  1.10726205e-02  1.62820000e-06 -9.98976547e-06 
 1.62920000e-06  1.62920000e-06  1.62920000e-06  1.10726205e-02  1.62920000e-06 -9.98978097e-06 
 1.63020000e-06  1.63020000e-06  1.63020000e-06  1.10726205e-02  1.63020000e-06 -9.98976547e-06 
 1.63120000e-06  1.63120000e-06  1.63120000e-06  1.10726205e-02  1.63120000e-06 -9.98978097e-06 
 1.63220000e-06  1.63220000e-06  1.63220000e-06  1.10726205e-02  1.63220000e-06 -9.98976547e-06 
 1.63320000e-06  1.63320000e-06  1.63320000e-06  1.10726205e-02  1.63320000e-06 -9.98978097e-06 
 1.63420000e-06  1.63420000e-06  1.63420000e-06  1.10726205e-02  1.63420000e-06 -9.98976547e-06 
 1.63520000e-06  1.63520000e-06  1.63520000e-06  1.10726205e-02  1.63520000e-06 -9.98978097e-06 
 1.63620000e-06  1.63620000e-06  1.63620000e-06  1.10726205e-02  1.63620000e-06 -9.98976547e-06 
 1.63720000e-06  1.63720000e-06  1.63720000e-06  1.10726205e-02  1.63720000e-06 -9.98978097e-06 
 1.63820000e-06  1.63820000e-06  1.63820000e-06  1.10726205e-02  1.63820000e-06 -9.98976547e-06 
 1.63920000e-06  1.63920000e-06  1.63920000e-06  1.10726205e-02  1.63920000e-06 -9.98978097e-06 
 1.64020000e-06  1.64020000e-06  1.64020000e-06  1.10726205e-02  1.64020000e-06 -9.98976547e-06 
 1.64120000e-06  1.64120000e-06  1.64120000e-06  1.10726205e-02  1.64120000e-06 -9.98978097e-06 
 1.64220000e-06  1.64220000e-06  1.64220000e-06  1.10726205e-02  1.64220000e-06 -9.98976547e-06 
 1.64320000e-06  1.64320000e-06  1.64320000e-06  1.10726205e-02  1.64320000e-06 -9.98978097e-06 
 1.64420000e-06  1.64420000e-06  1.64420000e-06  1.10726205e-02  1.64420000e-06 -9.98976547e-06 
 1.64520000e-06  1.64520000e-06  1.64520000e-06  1.10726205e-02  1.64520000e-06 -9.98978097e-06 
 1.64620000e-06  1.64620000e-06  1.64620000e-06  1.10726205e-02  1.64620000e-06 -9.98976547e-06 
 1.64720000e-06  1.64720000e-06  1.64720000e-06  1.10726205e-02  1.64720000e-06 -9.98978097e-06 
 1.64820000e-06  1.64820000e-06  1.64820000e-06  1.10726205e-02  1.64820000e-06 -9.98976547e-06 
 1.64920000e-06  1.64920000e-06  1.64920000e-06  1.10726205e-02  1.64920000e-06 -9.98978097e-06 
 1.65020000e-06  1.65020000e-06  1.65020000e-06  1.10726205e-02  1.65020000e-06 -9.98976547e-06 
 1.65120000e-06  1.65120000e-06  1.65120000e-06  1.10726205e-02  1.65120000e-06 -9.98978097e-06 
 1.65220000e-06  1.65220000e-06  1.65220000e-06  1.10726205e-02  1.65220000e-06 -9.98976547e-06 
 1.65320000e-06  1.65320000e-06  1.65320000e-06  1.10726205e-02  1.65320000e-06 -9.98978097e-06 
 1.65420000e-06  1.65420000e-06  1.65420000e-06  1.10726205e-02  1.65420000e-06 -9.98976547e-06 
 1.65520000e-06  1.65520000e-06  1.65520000e-06  1.10726205e-02  1.65520000e-06 -9.98978097e-06 
 1.65620000e-06  1.65620000e-06  1.65620000e-06  1.10726205e-02  1.65620000e-06 -9.98976547e-06 
 1.65720000e-06  1.65720000e-06  1.65720000e-06  1.10726205e-02  1.65720000e-06 -9.98978097e-06 
 1.65820000e-06  1.65820000e-06  1.65820000e-06  1.10726205e-02  1.65820000e-06 -9.98976547e-06 
 1.65920000e-06  1.65920000e-06  1.65920000e-06  1.10726205e-02  1.65920000e-06 -9.98978097e-06 
 1.66020000e-06  1.66020000e-06  1.66020000e-06  1.10726205e-02  1.66020000e-06 -9.98976547e-06 
 1.66120000e-06  1.66120000e-06  1.66120000e-06  1.10726205e-02  1.66120000e-06 -9.98978097e-06 
 1.66220000e-06  1.66220000e-06  1.66220000e-06  1.10726205e-02  1.66220000e-06 -9.98976547e-06 
 1.66320000e-06  1.66320000e-06  1.66320000e-06  1.10726205e-02  1.66320000e-06 -9.98978097e-06 
 1.66420000e-06  1.66420000e-06  1.66420000e-06  1.10726205e-02  1.66420000e-06 -9.98976547e-06 
 1.66520000e-06  1.66520000e-06  1.66520000e-06  1.10726205e-02  1.66520000e-06 -9.98978097e-06 
 1.66620000e-06  1.66620000e-06  1.66620000e-06  1.10726205e-02  1.66620000e-06 -9.98976547e-06 
 1.66720000e-06  1.66720000e-06  1.66720000e-06  1.10726205e-02  1.66720000e-06 -9.98978097e-06 
 1.66820000e-06  1.66820000e-06  1.66820000e-06  1.10726205e-02  1.66820000e-06 -9.98976547e-06 
 1.66920000e-06  1.66920000e-06  1.66920000e-06  1.10726205e-02  1.66920000e-06 -9.98978097e-06 
 1.67020000e-06  1.67020000e-06  1.67020000e-06  1.10726205e-02  1.67020000e-06 -9.98976547e-06 
 1.67120000e-06  1.67120000e-06  1.67120000e-06  1.10726205e-02  1.67120000e-06 -9.98978097e-06 
 1.67220000e-06  1.67220000e-06  1.67220000e-06  1.10726205e-02  1.67220000e-06 -9.98976547e-06 
 1.67320000e-06  1.67320000e-06  1.67320000e-06  1.10726205e-02  1.67320000e-06 -9.98978097e-06 
 1.67420000e-06  1.67420000e-06  1.67420000e-06  1.10726205e-02  1.67420000e-06 -9.98976547e-06 
 1.67520000e-06  1.67520000e-06  1.67520000e-06  1.10726205e-02  1.67520000e-06 -9.98978097e-06 
 1.67620000e-06  1.67620000e-06  1.67620000e-06  1.10726205e-02  1.67620000e-06 -9.98976547e-06 
 1.67720000e-06  1.67720000e-06  1.67720000e-06  1.10726205e-02  1.67720000e-06 -9.98978097e-06 
 1.67820000e-06  1.67820000e-06  1.67820000e-06  1.10726205e-02  1.67820000e-06 -9.98976547e-06 
 1.67920000e-06  1.67920000e-06  1.67920000e-06  1.10726205e-02  1.67920000e-06 -9.98978097e-06 
 1.68020000e-06  1.68020000e-06  1.68020000e-06  1.10726205e-02  1.68020000e-06 -9.98976547e-06 
 1.68120000e-06  1.68120000e-06  1.68120000e-06  1.10726205e-02  1.68120000e-06 -9.98978097e-06 
 1.68220000e-06  1.68220000e-06  1.68220000e-06  1.10726205e-02  1.68220000e-06 -9.98976547e-06 
 1.68320000e-06  1.68320000e-06  1.68320000e-06  1.10726205e-02  1.68320000e-06 -9.98978097e-06 
 1.68420000e-06  1.68420000e-06  1.68420000e-06  1.10726205e-02  1.68420000e-06 -9.98976547e-06 
 1.68520000e-06  1.68520000e-06  1.68520000e-06  1.10726205e-02  1.68520000e-06 -9.98978097e-06 
 1.68620000e-06  1.68620000e-06  1.68620000e-06  1.10726205e-02  1.68620000e-06 -9.98976547e-06 
 1.68720000e-06  1.68720000e-06  1.68720000e-06  1.10726205e-02  1.68720000e-06 -9.98978097e-06 
 1.68820000e-06  1.68820000e-06  1.68820000e-06  1.10726205e-02  1.68820000e-06 -9.98976547e-06 
 1.68920000e-06  1.68920000e-06  1.68920000e-06  1.10726205e-02  1.68920000e-06 -9.98978097e-06 
 1.69020000e-06  1.69020000e-06  1.69020000e-06  1.10726205e-02  1.69020000e-06 -9.98976547e-06 
 1.69120000e-06  1.69120000e-06  1.69120000e-06  1.10726205e-02  1.69120000e-06 -9.98978097e-06 
 1.69220000e-06  1.69220000e-06  1.69220000e-06  1.10726205e-02  1.69220000e-06 -9.98976547e-06 
 1.69320000e-06  1.69320000e-06  1.69320000e-06  1.10726205e-02  1.69320000e-06 -9.98978097e-06 
 1.69420000e-06  1.69420000e-06  1.69420000e-06  1.10726205e-02  1.69420000e-06 -9.98976547e-06 
 1.69520000e-06  1.69520000e-06  1.69520000e-06  1.10726205e-02  1.69520000e-06 -9.98978097e-06 
 1.69620000e-06  1.69620000e-06  1.69620000e-06  1.10726205e-02  1.69620000e-06 -9.98976547e-06 
 1.69720000e-06  1.69720000e-06  1.69720000e-06  1.10726205e-02  1.69720000e-06 -9.98978097e-06 
 1.69820000e-06  1.69820000e-06  1.69820000e-06  1.10726205e-02  1.69820000e-06 -9.98976547e-06 
 1.69920000e-06  1.69920000e-06  1.69920000e-06  1.10726205e-02  1.69920000e-06 -9.98978097e-06 
 1.70020000e-06  1.70020000e-06  1.70020000e-06  1.10726205e-02  1.70020000e-06 -9.98976547e-06 
 1.70120000e-06  1.70120000e-06  1.70120000e-06  1.10726205e-02  1.70120000e-06 -9.98978097e-06 
 1.70220000e-06  1.70220000e-06  1.70220000e-06  1.10726205e-02  1.70220000e-06 -9.98976547e-06 
 1.70320000e-06  1.70320000e-06  1.70320000e-06  1.10726205e-02  1.70320000e-06 -9.98978097e-06 
 1.70420000e-06  1.70420000e-06  1.70420000e-06  1.10726205e-02  1.70420000e-06 -9.98976547e-06 
 1.70520000e-06  1.70520000e-06  1.70520000e-06  1.10726205e-02  1.70520000e-06 -9.98978097e-06 
 1.70620000e-06  1.70620000e-06  1.70620000e-06  1.10726205e-02  1.70620000e-06 -9.98976547e-06 
 1.70720000e-06  1.70720000e-06  1.70720000e-06  1.10726205e-02  1.70720000e-06 -9.98978097e-06 
 1.70820000e-06  1.70820000e-06  1.70820000e-06  1.10726205e-02  1.70820000e-06 -9.98976547e-06 
 1.70920000e-06  1.70920000e-06  1.70920000e-06  1.10726205e-02  1.70920000e-06 -9.98978097e-06 
 1.71020000e-06  1.71020000e-06  1.71020000e-06  1.10726205e-02  1.71020000e-06 -9.98976547e-06 
 1.71120000e-06  1.71120000e-06  1.71120000e-06  1.10726205e-02  1.71120000e-06 -9.98978097e-06 
 1.71220000e-06  1.71220000e-06  1.71220000e-06  1.10726205e-02  1.71220000e-06 -9.98976547e-06 
 1.71320000e-06  1.71320000e-06  1.71320000e-06  1.10726205e-02  1.71320000e-06 -9.98978097e-06 
 1.71420000e-06  1.71420000e-06  1.71420000e-06  1.10726205e-02  1.71420000e-06 -9.98976547e-06 
 1.71520000e-06  1.71520000e-06  1.71520000e-06  1.10726205e-02  1.71520000e-06 -9.98978097e-06 
 1.71620000e-06  1.71620000e-06  1.71620000e-06  1.10726205e-02  1.71620000e-06 -9.98976547e-06 
 1.71720000e-06  1.71720000e-06  1.71720000e-06  1.10726205e-02  1.71720000e-06 -9.98978097e-06 
 1.71820000e-06  1.71820000e-06  1.71820000e-06  1.10726205e-02  1.71820000e-06 -9.98976547e-06 
 1.71920000e-06  1.71920000e-06  1.71920000e-06  1.10726205e-02  1.71920000e-06 -9.98978097e-06 
 1.72020000e-06  1.72020000e-06  1.72020000e-06  1.10726205e-02  1.72020000e-06 -9.98976547e-06 
 1.72120000e-06  1.72120000e-06  1.72120000e-06  1.10726205e-02  1.72120000e-06 -9.98978097e-06 
 1.72220000e-06  1.72220000e-06  1.72220000e-06  1.10726205e-02  1.72220000e-06 -9.98976547e-06 
 1.72320000e-06  1.72320000e-06  1.72320000e-06  1.10726205e-02  1.72320000e-06 -9.98978097e-06 
 1.72420000e-06  1.72420000e-06  1.72420000e-06  1.10726205e-02  1.72420000e-06 -9.98976547e-06 
 1.72520000e-06  1.72520000e-06  1.72520000e-06  1.10726205e-02  1.72520000e-06 -9.98978097e-06 
 1.72620000e-06  1.72620000e-06  1.72620000e-06  1.10726205e-02  1.72620000e-06 -9.98976547e-06 
 1.72720000e-06  1.72720000e-06  1.72720000e-06  1.10726205e-02  1.72720000e-06 -9.98978097e-06 
 1.72820000e-06  1.72820000e-06  1.72820000e-06  1.10726205e-02  1.72820000e-06 -9.98976547e-06 
 1.72920000e-06  1.72920000e-06  1.72920000e-06  1.10726205e-02  1.72920000e-06 -9.98978097e-06 
 1.73020000e-06  1.73020000e-06  1.73020000e-06  1.10726205e-02  1.73020000e-06 -9.98976547e-06 
 1.73120000e-06  1.73120000e-06  1.73120000e-06  1.10726205e-02  1.73120000e-06 -9.98978097e-06 
 1.73220000e-06  1.73220000e-06  1.73220000e-06  1.10726205e-02  1.73220000e-06 -9.98976547e-06 
 1.73320000e-06  1.73320000e-06  1.73320000e-06  1.10726205e-02  1.73320000e-06 -9.98978097e-06 
 1.73420000e-06  1.73420000e-06  1.73420000e-06  1.10726205e-02  1.73420000e-06 -9.98976547e-06 
 1.73520000e-06  1.73520000e-06  1.73520000e-06  1.10726205e-02  1.73520000e-06 -9.98978097e-06 
 1.73620000e-06  1.73620000e-06  1.73620000e-06  1.10726205e-02  1.73620000e-06 -9.98976547e-06 
 1.73720000e-06  1.73720000e-06  1.73720000e-06  1.10726205e-02  1.73720000e-06 -9.98978097e-06 
 1.73820000e-06  1.73820000e-06  1.73820000e-06  1.10726205e-02  1.73820000e-06 -9.98976547e-06 
 1.73920000e-06  1.73920000e-06  1.73920000e-06  1.10726205e-02  1.73920000e-06 -9.98978097e-06 
 1.74020000e-06  1.74020000e-06  1.74020000e-06  1.10726205e-02  1.74020000e-06 -9.98976547e-06 
 1.74120000e-06  1.74120000e-06  1.74120000e-06  1.10726205e-02  1.74120000e-06 -9.98978097e-06 
 1.74220000e-06  1.74220000e-06  1.74220000e-06  1.10726205e-02  1.74220000e-06 -9.98976547e-06 
 1.74320000e-06  1.74320000e-06  1.74320000e-06  1.10726205e-02  1.74320000e-06 -9.98978097e-06 
 1.74420000e-06  1.74420000e-06  1.74420000e-06  1.10726205e-02  1.74420000e-06 -9.98976547e-06 
 1.74520000e-06  1.74520000e-06  1.74520000e-06  1.10726205e-02  1.74520000e-06 -9.98978097e-06 
 1.74620000e-06  1.74620000e-06  1.74620000e-06  1.10726205e-02  1.74620000e-06 -9.98976547e-06 
 1.74720000e-06  1.74720000e-06  1.74720000e-06  1.10726205e-02  1.74720000e-06 -9.98978097e-06 
 1.74820000e-06  1.74820000e-06  1.74820000e-06  1.10726205e-02  1.74820000e-06 -9.98976547e-06 
 1.74920000e-06  1.74920000e-06  1.74920000e-06  1.10726205e-02  1.74920000e-06 -9.98978097e-06 
 1.75020000e-06  1.75020000e-06  1.75020000e-06  1.10726205e-02  1.75020000e-06 -9.98976547e-06 
 1.75120000e-06  1.75120000e-06  1.75120000e-06  1.10726205e-02  1.75120000e-06 -9.98978097e-06 
 1.75220000e-06  1.75220000e-06  1.75220000e-06  1.10726205e-02  1.75220000e-06 -9.98976547e-06 
 1.75320000e-06  1.75320000e-06  1.75320000e-06  1.10726205e-02  1.75320000e-06 -9.98978097e-06 
 1.75420000e-06  1.75420000e-06  1.75420000e-06  1.10726205e-02  1.75420000e-06 -9.98976547e-06 
 1.75520000e-06  1.75520000e-06  1.75520000e-06  1.10726205e-02  1.75520000e-06 -9.98978097e-06 
 1.75620000e-06  1.75620000e-06  1.75620000e-06  1.10726205e-02  1.75620000e-06 -9.98976547e-06 
 1.75720000e-06  1.75720000e-06  1.75720000e-06  1.10726205e-02  1.75720000e-06 -9.98978097e-06 
 1.75820000e-06  1.75820000e-06  1.75820000e-06  1.10726205e-02  1.75820000e-06 -9.98976547e-06 
 1.75920000e-06  1.75920000e-06  1.75920000e-06  1.10726205e-02  1.75920000e-06 -9.98978097e-06 
 1.76020000e-06  1.76020000e-06  1.76020000e-06  1.10726205e-02  1.76020000e-06 -9.98976547e-06 
 1.76120000e-06  1.76120000e-06  1.76120000e-06  1.10726205e-02  1.76120000e-06 -9.98978097e-06 
 1.76220000e-06  1.76220000e-06  1.76220000e-06  1.10726205e-02  1.76220000e-06 -9.98976547e-06 
 1.76320000e-06  1.76320000e-06  1.76320000e-06  1.10726205e-02  1.76320000e-06 -9.98978097e-06 
 1.76420000e-06  1.76420000e-06  1.76420000e-06  1.10726205e-02  1.76420000e-06 -9.98976547e-06 
 1.76520000e-06  1.76520000e-06  1.76520000e-06  1.10726205e-02  1.76520000e-06 -9.98978097e-06 
 1.76620000e-06  1.76620000e-06  1.76620000e-06  1.10726205e-02  1.76620000e-06 -9.98976547e-06 
 1.76720000e-06  1.76720000e-06  1.76720000e-06  1.10726205e-02  1.76720000e-06 -9.98978097e-06 
 1.76820000e-06  1.76820000e-06  1.76820000e-06  1.10726205e-02  1.76820000e-06 -9.98976547e-06 
 1.76920000e-06  1.76920000e-06  1.76920000e-06  1.10726205e-02  1.76920000e-06 -9.98978097e-06 
 1.77020000e-06  1.77020000e-06  1.77020000e-06  1.10726205e-02  1.77020000e-06 -9.98976547e-06 
 1.77120000e-06  1.77120000e-06  1.77120000e-06  1.10726205e-02  1.77120000e-06 -9.98978097e-06 
 1.77220000e-06  1.77220000e-06  1.77220000e-06  1.10726205e-02  1.77220000e-06 -9.98976547e-06 
 1.77320000e-06  1.77320000e-06  1.77320000e-06  1.10726205e-02  1.77320000e-06 -9.98978097e-06 
 1.77420000e-06  1.77420000e-06  1.77420000e-06  1.10726205e-02  1.77420000e-06 -9.98976547e-06 
 1.77520000e-06  1.77520000e-06  1.77520000e-06  1.10726205e-02  1.77520000e-06 -9.98978097e-06 
 1.77620000e-06  1.77620000e-06  1.77620000e-06  1.10726205e-02  1.77620000e-06 -9.98976547e-06 
 1.77720000e-06  1.77720000e-06  1.77720000e-06  1.10726205e-02  1.77720000e-06 -9.98978097e-06 
 1.77820000e-06  1.77820000e-06  1.77820000e-06  1.10726205e-02  1.77820000e-06 -9.98976547e-06 
 1.77920000e-06  1.77920000e-06  1.77920000e-06  1.10726205e-02  1.77920000e-06 -9.98978097e-06 
 1.78020000e-06  1.78020000e-06  1.78020000e-06  1.10726205e-02  1.78020000e-06 -9.98976547e-06 
 1.78120000e-06  1.78120000e-06  1.78120000e-06  1.10726205e-02  1.78120000e-06 -9.98978097e-06 
 1.78220000e-06  1.78220000e-06  1.78220000e-06  1.10726205e-02  1.78220000e-06 -9.98976547e-06 
 1.78320000e-06  1.78320000e-06  1.78320000e-06  1.10726205e-02  1.78320000e-06 -9.98978097e-06 
 1.78420000e-06  1.78420000e-06  1.78420000e-06  1.10726205e-02  1.78420000e-06 -9.98976547e-06 
 1.78520000e-06  1.78520000e-06  1.78520000e-06  1.10726205e-02  1.78520000e-06 -9.98978097e-06 
 1.78620000e-06  1.78620000e-06  1.78620000e-06  1.10726205e-02  1.78620000e-06 -9.98976547e-06 
 1.78720000e-06  1.78720000e-06  1.78720000e-06  1.10726205e-02  1.78720000e-06 -9.98978097e-06 
 1.78820000e-06  1.78820000e-06  1.78820000e-06  1.10726205e-02  1.78820000e-06 -9.98976547e-06 
 1.78920000e-06  1.78920000e-06  1.78920000e-06  1.10726205e-02  1.78920000e-06 -9.98978097e-06 
 1.79020000e-06  1.79020000e-06  1.79020000e-06  1.10726205e-02  1.79020000e-06 -9.98976547e-06 
 1.79120000e-06  1.79120000e-06  1.79120000e-06  1.10726205e-02  1.79120000e-06 -9.98978097e-06 
 1.79220000e-06  1.79220000e-06  1.79220000e-06  1.10726205e-02  1.79220000e-06 -9.98976547e-06 
 1.79320000e-06  1.79320000e-06  1.79320000e-06  1.10726205e-02  1.79320000e-06 -9.98978097e-06 
 1.79420000e-06  1.79420000e-06  1.79420000e-06  1.10726205e-02  1.79420000e-06 -9.98976547e-06 
 1.79520000e-06  1.79520000e-06  1.79520000e-06  1.10726205e-02  1.79520000e-06 -9.98978097e-06 
 1.79620000e-06  1.79620000e-06  1.79620000e-06  1.10726205e-02  1.79620000e-06 -9.98976547e-06 
 1.79720000e-06  1.79720000e-06  1.79720000e-06  1.10726205e-02  1.79720000e-06 -9.98978097e-06 
 1.79820000e-06  1.79820000e-06  1.79820000e-06  1.10726205e-02  1.79820000e-06 -9.98976547e-06 
 1.79920000e-06  1.79920000e-06  1.79920000e-06  1.10726205e-02  1.79920000e-06 -9.98978097e-06 
 1.80020000e-06  1.80020000e-06  1.80020000e-06  1.10726205e-02  1.80020000e-06 -9.98976547e-06 
 1.80120000e-06  1.80120000e-06  1.80120000e-06  1.10726205e-02  1.80120000e-06 -9.98978097e-06 
 1.80220000e-06  1.80220000e-06  1.80220000e-06  1.10726205e-02  1.80220000e-06 -9.98976547e-06 
 1.80320000e-06  1.80320000e-06  1.80320000e-06  1.10726205e-02  1.80320000e-06 -9.98978097e-06 
 1.80420000e-06  1.80420000e-06  1.80420000e-06  1.10726205e-02  1.80420000e-06 -9.98976547e-06 
 1.80520000e-06  1.80520000e-06  1.80520000e-06  1.10726205e-02  1.80520000e-06 -9.98978097e-06 
 1.80620000e-06  1.80620000e-06  1.80620000e-06  1.10726205e-02  1.80620000e-06 -9.98976547e-06 
 1.80720000e-06  1.80720000e-06  1.80720000e-06  1.10726205e-02  1.80720000e-06 -9.98978097e-06 
 1.80820000e-06  1.80820000e-06  1.80820000e-06  1.10726205e-02  1.80820000e-06 -9.98976547e-06 
 1.80920000e-06  1.80920000e-06  1.80920000e-06  1.10726205e-02  1.80920000e-06 -9.98978097e-06 
 1.81020000e-06  1.81020000e-06  1.81020000e-06  1.10726205e-02  1.81020000e-06 -9.98976547e-06 
 1.81120000e-06  1.81120000e-06  1.81120000e-06  1.10726205e-02  1.81120000e-06 -9.98978097e-06 
 1.81220000e-06  1.81220000e-06  1.81220000e-06  1.10726205e-02  1.81220000e-06 -9.98976547e-06 
 1.81320000e-06  1.81320000e-06  1.81320000e-06  1.10726205e-02  1.81320000e-06 -9.98978097e-06 
 1.81420000e-06  1.81420000e-06  1.81420000e-06  1.10726205e-02  1.81420000e-06 -9.98976547e-06 
 1.81520000e-06  1.81520000e-06  1.81520000e-06  1.10726205e-02  1.81520000e-06 -9.98978097e-06 
 1.81620000e-06  1.81620000e-06  1.81620000e-06  1.10726205e-02  1.81620000e-06 -9.98976547e-06 
 1.81720000e-06  1.81720000e-06  1.81720000e-06  1.10726205e-02  1.81720000e-06 -9.98978097e-06 
 1.81820000e-06  1.81820000e-06  1.81820000e-06  1.10726205e-02  1.81820000e-06 -9.98976547e-06 
 1.81920000e-06  1.81920000e-06  1.81920000e-06  1.10726205e-02  1.81920000e-06 -9.98978097e-06 
 1.82020000e-06  1.82020000e-06  1.82020000e-06  1.10726205e-02  1.82020000e-06 -9.98976547e-06 
 1.82120000e-06  1.82120000e-06  1.82120000e-06  1.10726205e-02  1.82120000e-06 -9.98978097e-06 
 1.82220000e-06  1.82220000e-06  1.82220000e-06  1.10726205e-02  1.82220000e-06 -9.98976547e-06 
 1.82320000e-06  1.82320000e-06  1.82320000e-06  1.10726205e-02  1.82320000e-06 -9.98978097e-06 
 1.82420000e-06  1.82420000e-06  1.82420000e-06  1.10726205e-02  1.82420000e-06 -9.98976547e-06 
 1.82520000e-06  1.82520000e-06  1.82520000e-06  1.10726205e-02  1.82520000e-06 -9.98978097e-06 
 1.82620000e-06  1.82620000e-06  1.82620000e-06  1.10726205e-02  1.82620000e-06 -9.98976547e-06 
 1.82720000e-06  1.82720000e-06  1.82720000e-06  1.10726205e-02  1.82720000e-06 -9.98978097e-06 
 1.82820000e-06  1.82820000e-06  1.82820000e-06  1.10726205e-02  1.82820000e-06 -9.98976547e-06 
 1.82920000e-06  1.82920000e-06  1.82920000e-06  1.10726205e-02  1.82920000e-06 -9.98978097e-06 
 1.83020000e-06  1.83020000e-06  1.83020000e-06  1.10726205e-02  1.83020000e-06 -9.98976547e-06 
 1.83120000e-06  1.83120000e-06  1.83120000e-06  1.10726205e-02  1.83120000e-06 -9.98978097e-06 
 1.83220000e-06  1.83220000e-06  1.83220000e-06  1.10726205e-02  1.83220000e-06 -9.98976547e-06 
 1.83320000e-06  1.83320000e-06  1.83320000e-06  1.10726205e-02  1.83320000e-06 -9.98978097e-06 
 1.83420000e-06  1.83420000e-06  1.83420000e-06  1.10726205e-02  1.83420000e-06 -9.98976547e-06 
 1.83520000e-06  1.83520000e-06  1.83520000e-06  1.10726205e-02  1.83520000e-06 -9.98978097e-06 
 1.83620000e-06  1.83620000e-06  1.83620000e-06  1.10726205e-02  1.83620000e-06 -9.98976547e-06 
 1.83720000e-06  1.83720000e-06  1.83720000e-06  1.10726205e-02  1.83720000e-06 -9.98978097e-06 
 1.83820000e-06  1.83820000e-06  1.83820000e-06  1.10726205e-02  1.83820000e-06 -9.98976547e-06 
 1.83920000e-06  1.83920000e-06  1.83920000e-06  1.10726205e-02  1.83920000e-06 -9.98978097e-06 
 1.84020000e-06  1.84020000e-06  1.84020000e-06  1.10726205e-02  1.84020000e-06 -9.98976547e-06 
 1.84120000e-06  1.84120000e-06  1.84120000e-06  1.10726205e-02  1.84120000e-06 -9.98978097e-06 
 1.84220000e-06  1.84220000e-06  1.84220000e-06  1.10726205e-02  1.84220000e-06 -9.98976547e-06 
 1.84320000e-06  1.84320000e-06  1.84320000e-06  1.10726205e-02  1.84320000e-06 -9.98978097e-06 
 1.84420000e-06  1.84420000e-06  1.84420000e-06  1.10726205e-02  1.84420000e-06 -9.98976547e-06 
 1.84520000e-06  1.84520000e-06  1.84520000e-06  1.10726205e-02  1.84520000e-06 -9.98978097e-06 
 1.84620000e-06  1.84620000e-06  1.84620000e-06  1.10726205e-02  1.84620000e-06 -9.98976547e-06 
 1.84720000e-06  1.84720000e-06  1.84720000e-06  1.10726205e-02  1.84720000e-06 -9.98978097e-06 
 1.84820000e-06  1.84820000e-06  1.84820000e-06  1.10726205e-02  1.84820000e-06 -9.98976547e-06 
 1.84920000e-06  1.84920000e-06  1.84920000e-06  1.10726205e-02  1.84920000e-06 -9.98978097e-06 
 1.85020000e-06  1.85020000e-06  1.85020000e-06  1.10726205e-02  1.85020000e-06 -9.98976547e-06 
 1.85120000e-06  1.85120000e-06  1.85120000e-06  1.10726205e-02  1.85120000e-06 -9.98978097e-06 
 1.85220000e-06  1.85220000e-06  1.85220000e-06  1.10726205e-02  1.85220000e-06 -9.98976547e-06 
 1.85320000e-06  1.85320000e-06  1.85320000e-06  1.10726205e-02  1.85320000e-06 -9.98978097e-06 
 1.85420000e-06  1.85420000e-06  1.85420000e-06  1.10726205e-02  1.85420000e-06 -9.98976547e-06 
 1.85520000e-06  1.85520000e-06  1.85520000e-06  1.10726205e-02  1.85520000e-06 -9.98978097e-06 
 1.85620000e-06  1.85620000e-06  1.85620000e-06  1.10726205e-02  1.85620000e-06 -9.98976547e-06 
 1.85720000e-06  1.85720000e-06  1.85720000e-06  1.10726205e-02  1.85720000e-06 -9.98978097e-06 
 1.85820000e-06  1.85820000e-06  1.85820000e-06  1.10726205e-02  1.85820000e-06 -9.98976547e-06 
 1.85920000e-06  1.85920000e-06  1.85920000e-06  1.10726205e-02  1.85920000e-06 -9.98978097e-06 
 1.86020000e-06  1.86020000e-06  1.86020000e-06  1.10726205e-02  1.86020000e-06 -9.98976547e-06 
 1.86120000e-06  1.86120000e-06  1.86120000e-06  1.10726205e-02  1.86120000e-06 -9.98978097e-06 
 1.86220000e-06  1.86220000e-06  1.86220000e-06  1.10726205e-02  1.86220000e-06 -9.98976547e-06 
 1.86320000e-06  1.86320000e-06  1.86320000e-06  1.10726205e-02  1.86320000e-06 -9.98978097e-06 
 1.86420000e-06  1.86420000e-06  1.86420000e-06  1.10726205e-02  1.86420000e-06 -9.98976547e-06 
 1.86520000e-06  1.86520000e-06  1.86520000e-06  1.10726205e-02  1.86520000e-06 -9.98978097e-06 
 1.86620000e-06  1.86620000e-06  1.86620000e-06  1.10726205e-02  1.86620000e-06 -9.98976547e-06 
 1.86720000e-06  1.86720000e-06  1.86720000e-06  1.10726205e-02  1.86720000e-06 -9.98978097e-06 
 1.86820000e-06  1.86820000e-06  1.86820000e-06  1.10726205e-02  1.86820000e-06 -9.98976547e-06 
 1.86920000e-06  1.86920000e-06  1.86920000e-06  1.10726205e-02  1.86920000e-06 -9.98978097e-06 
 1.87020000e-06  1.87020000e-06  1.87020000e-06  1.10726205e-02  1.87020000e-06 -9.98976547e-06 
 1.87120000e-06  1.87120000e-06  1.87120000e-06  1.10726205e-02  1.87120000e-06 -9.98978097e-06 
 1.87220000e-06  1.87220000e-06  1.87220000e-06  1.10726205e-02  1.87220000e-06 -9.98976547e-06 
 1.87320000e-06  1.87320000e-06  1.87320000e-06  1.10726205e-02  1.87320000e-06 -9.98978097e-06 
 1.87420000e-06  1.87420000e-06  1.87420000e-06  1.10726205e-02  1.87420000e-06 -9.98976547e-06 
 1.87520000e-06  1.87520000e-06  1.87520000e-06  1.10726205e-02  1.87520000e-06 -9.98978097e-06 
 1.87620000e-06  1.87620000e-06  1.87620000e-06  1.10726205e-02  1.87620000e-06 -9.98976547e-06 
 1.87720000e-06  1.87720000e-06  1.87720000e-06  1.10726205e-02  1.87720000e-06 -9.98978097e-06 
 1.87820000e-06  1.87820000e-06  1.87820000e-06  1.10726205e-02  1.87820000e-06 -9.98976547e-06 
 1.87920000e-06  1.87920000e-06  1.87920000e-06  1.10726205e-02  1.87920000e-06 -9.98978097e-06 
 1.88020000e-06  1.88020000e-06  1.88020000e-06  1.10726205e-02  1.88020000e-06 -9.98976547e-06 
 1.88120000e-06  1.88120000e-06  1.88120000e-06  1.10726205e-02  1.88120000e-06 -9.98978097e-06 
 1.88220000e-06  1.88220000e-06  1.88220000e-06  1.10726205e-02  1.88220000e-06 -9.98976547e-06 
 1.88320000e-06  1.88320000e-06  1.88320000e-06  1.10726205e-02  1.88320000e-06 -9.98978097e-06 
 1.88420000e-06  1.88420000e-06  1.88420000e-06  1.10726205e-02  1.88420000e-06 -9.98976547e-06 
 1.88520000e-06  1.88520000e-06  1.88520000e-06  1.10726205e-02  1.88520000e-06 -9.98978097e-06 
 1.88620000e-06  1.88620000e-06  1.88620000e-06  1.10726205e-02  1.88620000e-06 -9.98976547e-06 
 1.88720000e-06  1.88720000e-06  1.88720000e-06  1.10726205e-02  1.88720000e-06 -9.98978097e-06 
 1.88820000e-06  1.88820000e-06  1.88820000e-06  1.10726205e-02  1.88820000e-06 -9.98976547e-06 
 1.88920000e-06  1.88920000e-06  1.88920000e-06  1.10726205e-02  1.88920000e-06 -9.98978097e-06 
 1.89020000e-06  1.89020000e-06  1.89020000e-06  1.10726205e-02  1.89020000e-06 -9.98976547e-06 
 1.89120000e-06  1.89120000e-06  1.89120000e-06  1.10726205e-02  1.89120000e-06 -9.98978097e-06 
 1.89220000e-06  1.89220000e-06  1.89220000e-06  1.10726205e-02  1.89220000e-06 -9.98976547e-06 
 1.89320000e-06  1.89320000e-06  1.89320000e-06  1.10726205e-02  1.89320000e-06 -9.98978097e-06 
 1.89420000e-06  1.89420000e-06  1.89420000e-06  1.10726205e-02  1.89420000e-06 -9.98976547e-06 
 1.89520000e-06  1.89520000e-06  1.89520000e-06  1.10726205e-02  1.89520000e-06 -9.98978097e-06 
 1.89620000e-06  1.89620000e-06  1.89620000e-06  1.10726205e-02  1.89620000e-06 -9.98976547e-06 
 1.89720000e-06  1.89720000e-06  1.89720000e-06  1.10726205e-02  1.89720000e-06 -9.98978097e-06 
 1.89820000e-06  1.89820000e-06  1.89820000e-06  1.10726205e-02  1.89820000e-06 -9.98976547e-06 
 1.89920000e-06  1.89920000e-06  1.89920000e-06  1.10726205e-02  1.89920000e-06 -9.98978097e-06 
 1.90020000e-06  1.90020000e-06  1.90020000e-06  1.10726205e-02  1.90020000e-06 -9.98976547e-06 
 1.90120000e-06  1.90120000e-06  1.90120000e-06  1.10726205e-02  1.90120000e-06 -9.98978097e-06 
 1.90220000e-06  1.90220000e-06  1.90220000e-06  1.10726205e-02  1.90220000e-06 -9.98976547e-06 
 1.90320000e-06  1.90320000e-06  1.90320000e-06  1.10726205e-02  1.90320000e-06 -9.98978097e-06 
 1.90420000e-06  1.90420000e-06  1.90420000e-06  1.10726205e-02  1.90420000e-06 -9.98976547e-06 
 1.90520000e-06  1.90520000e-06  1.90520000e-06  1.10726205e-02  1.90520000e-06 -9.98978097e-06 
 1.90620000e-06  1.90620000e-06  1.90620000e-06  1.10726205e-02  1.90620000e-06 -9.98976547e-06 
 1.90720000e-06  1.90720000e-06  1.90720000e-06  1.10726205e-02  1.90720000e-06 -9.98978097e-06 
 1.90820000e-06  1.90820000e-06  1.90820000e-06  1.10726205e-02  1.90820000e-06 -9.98976547e-06 
 1.90920000e-06  1.90920000e-06  1.90920000e-06  1.10726205e-02  1.90920000e-06 -9.98978097e-06 
 1.91020000e-06  1.91020000e-06  1.91020000e-06  1.10726205e-02  1.91020000e-06 -9.98976547e-06 
 1.91120000e-06  1.91120000e-06  1.91120000e-06  1.10726205e-02  1.91120000e-06 -9.98978097e-06 
 1.91220000e-06  1.91220000e-06  1.91220000e-06  1.10726205e-02  1.91220000e-06 -9.98976547e-06 
 1.91320000e-06  1.91320000e-06  1.91320000e-06  1.10726205e-02  1.91320000e-06 -9.98978097e-06 
 1.91420000e-06  1.91420000e-06  1.91420000e-06  1.10726205e-02  1.91420000e-06 -9.98976547e-06 
 1.91520000e-06  1.91520000e-06  1.91520000e-06  1.10726205e-02  1.91520000e-06 -9.98978097e-06 
 1.91620000e-06  1.91620000e-06  1.91620000e-06  1.10726205e-02  1.91620000e-06 -9.98976547e-06 
 1.91720000e-06  1.91720000e-06  1.91720000e-06  1.10726205e-02  1.91720000e-06 -9.98978097e-06 
 1.91820000e-06  1.91820000e-06  1.91820000e-06  1.10726205e-02  1.91820000e-06 -9.98976547e-06 
 1.91920000e-06  1.91920000e-06  1.91920000e-06  1.10726205e-02  1.91920000e-06 -9.98978097e-06 
 1.92020000e-06  1.92020000e-06  1.92020000e-06  1.10726205e-02  1.92020000e-06 -9.98976547e-06 
 1.92120000e-06  1.92120000e-06  1.92120000e-06  1.10726205e-02  1.92120000e-06 -9.98978097e-06 
 1.92220000e-06  1.92220000e-06  1.92220000e-06  1.10726205e-02  1.92220000e-06 -9.98976547e-06 
 1.92320000e-06  1.92320000e-06  1.92320000e-06  1.10726205e-02  1.92320000e-06 -9.98978097e-06 
 1.92420000e-06  1.92420000e-06  1.92420000e-06  1.10726205e-02  1.92420000e-06 -9.98976547e-06 
 1.92520000e-06  1.92520000e-06  1.92520000e-06  1.10726205e-02  1.92520000e-06 -9.98978097e-06 
 1.92620000e-06  1.92620000e-06  1.92620000e-06  1.10726205e-02  1.92620000e-06 -9.98976547e-06 
 1.92720000e-06  1.92720000e-06  1.92720000e-06  1.10726205e-02  1.92720000e-06 -9.98978097e-06 
 1.92820000e-06  1.92820000e-06  1.92820000e-06  1.10726205e-02  1.92820000e-06 -9.98976547e-06 
 1.92920000e-06  1.92920000e-06  1.92920000e-06  1.10726205e-02  1.92920000e-06 -9.98978097e-06 
 1.93020000e-06  1.93020000e-06  1.93020000e-06  1.10726205e-02  1.93020000e-06 -9.98976547e-06 
 1.93120000e-06  1.93120000e-06  1.93120000e-06  1.10726205e-02  1.93120000e-06 -9.98978097e-06 
 1.93220000e-06  1.93220000e-06  1.93220000e-06  1.10726205e-02  1.93220000e-06 -9.98976547e-06 
 1.93320000e-06  1.93320000e-06  1.93320000e-06  1.10726205e-02  1.93320000e-06 -9.98978097e-06 
 1.93420000e-06  1.93420000e-06  1.93420000e-06  1.10726205e-02  1.93420000e-06 -9.98976547e-06 
 1.93520000e-06  1.93520000e-06  1.93520000e-06  1.10726205e-02  1.93520000e-06 -9.98978097e-06 
 1.93620000e-06  1.93620000e-06  1.93620000e-06  1.10726205e-02  1.93620000e-06 -9.98976547e-06 
 1.93720000e-06  1.93720000e-06  1.93720000e-06  1.10726205e-02  1.93720000e-06 -9.98978097e-06 
 1.93820000e-06  1.93820000e-06  1.93820000e-06  1.10726205e-02  1.93820000e-06 -9.98976547e-06 
 1.93920000e-06  1.93920000e-06  1.93920000e-06  1.10726205e-02  1.93920000e-06 -9.98978097e-06 
 1.94020000e-06  1.94020000e-06  1.94020000e-06  1.10726205e-02  1.94020000e-06 -9.98976547e-06 
 1.94120000e-06  1.94120000e-06  1.94120000e-06  1.10726205e-02  1.94120000e-06 -9.98978097e-06 
 1.94220000e-06  1.94220000e-06  1.94220000e-06  1.10726205e-02  1.94220000e-06 -9.98976547e-06 
 1.94320000e-06  1.94320000e-06  1.94320000e-06  1.10726205e-02  1.94320000e-06 -9.98978097e-06 
 1.94420000e-06  1.94420000e-06  1.94420000e-06  1.10726205e-02  1.94420000e-06 -9.98976547e-06 
 1.94520000e-06  1.94520000e-06  1.94520000e-06  1.10726205e-02  1.94520000e-06 -9.98978097e-06 
 1.94620000e-06  1.94620000e-06  1.94620000e-06  1.10726205e-02  1.94620000e-06 -9.98976547e-06 
 1.94720000e-06  1.94720000e-06  1.94720000e-06  1.10726205e-02  1.94720000e-06 -9.98978097e-06 
 1.94820000e-06  1.94820000e-06  1.94820000e-06  1.10726205e-02  1.94820000e-06 -9.98976547e-06 
 1.94920000e-06  1.94920000e-06  1.94920000e-06  1.10726205e-02  1.94920000e-06 -9.98978097e-06 
 1.95020000e-06  1.95020000e-06  1.95020000e-06  1.10726205e-02  1.95020000e-06 -9.98976547e-06 
 1.95120000e-06  1.95120000e-06  1.95120000e-06  1.10726205e-02  1.95120000e-06 -9.98978097e-06 
 1.95220000e-06  1.95220000e-06  1.95220000e-06  1.10726205e-02  1.95220000e-06 -9.98976547e-06 
 1.95320000e-06  1.95320000e-06  1.95320000e-06  1.10726205e-02  1.95320000e-06 -9.98978097e-06 
 1.95420000e-06  1.95420000e-06  1.95420000e-06  1.10726205e-02  1.95420000e-06 -9.98976547e-06 
 1.95520000e-06  1.95520000e-06  1.95520000e-06  1.10726205e-02  1.95520000e-06 -9.98978097e-06 
 1.95620000e-06  1.95620000e-06  1.95620000e-06  1.10726205e-02  1.95620000e-06 -9.98976547e-06 
 1.95720000e-06  1.95720000e-06  1.95720000e-06  1.10726205e-02  1.95720000e-06 -9.98978097e-06 
 1.95820000e-06  1.95820000e-06  1.95820000e-06  1.10726205e-02  1.95820000e-06 -9.98976547e-06 
 1.95920000e-06  1.95920000e-06  1.95920000e-06  1.10726205e-02  1.95920000e-06 -9.98978097e-06 
 1.96020000e-06  1.96020000e-06  1.96020000e-06  1.10726205e-02  1.96020000e-06 -9.98976547e-06 
 1.96120000e-06  1.96120000e-06  1.96120000e-06  1.10726205e-02  1.96120000e-06 -9.98978097e-06 
 1.96220000e-06  1.96220000e-06  1.96220000e-06  1.10726205e-02  1.96220000e-06 -9.98976547e-06 
 1.96320000e-06  1.96320000e-06  1.96320000e-06  1.10726205e-02  1.96320000e-06 -9.98978097e-06 
 1.96420000e-06  1.96420000e-06  1.96420000e-06  1.10726205e-02  1.96420000e-06 -9.98976547e-06 
 1.96520000e-06  1.96520000e-06  1.96520000e-06  1.10726205e-02  1.96520000e-06 -9.98978097e-06 
 1.96620000e-06  1.96620000e-06  1.96620000e-06  1.10726205e-02  1.96620000e-06 -9.98976547e-06 
 1.96720000e-06  1.96720000e-06  1.96720000e-06  1.10726205e-02  1.96720000e-06 -9.98978097e-06 
 1.96820000e-06  1.96820000e-06  1.96820000e-06  1.10726205e-02  1.96820000e-06 -9.98976547e-06 
 1.96920000e-06  1.96920000e-06  1.96920000e-06  1.10726205e-02  1.96920000e-06 -9.98978097e-06 
 1.97020000e-06  1.97020000e-06  1.97020000e-06  1.10726205e-02  1.97020000e-06 -9.98976547e-06 
 1.97120000e-06  1.97120000e-06  1.97120000e-06  1.10726205e-02  1.97120000e-06 -9.98978097e-06 
 1.97220000e-06  1.97220000e-06  1.97220000e-06  1.10726205e-02  1.97220000e-06 -9.98976547e-06 
 1.97320000e-06  1.97320000e-06  1.97320000e-06  1.10726205e-02  1.97320000e-06 -9.98978097e-06 
 1.97420000e-06  1.97420000e-06  1.97420000e-06  1.10726205e-02  1.97420000e-06 -9.98976547e-06 
 1.97520000e-06  1.97520000e-06  1.97520000e-06  1.10726205e-02  1.97520000e-06 -9.98978097e-06 
 1.97620000e-06  1.97620000e-06  1.97620000e-06  1.10726205e-02  1.97620000e-06 -9.98976547e-06 
 1.97720000e-06  1.97720000e-06  1.97720000e-06  1.10726205e-02  1.97720000e-06 -9.98978097e-06 
 1.97820000e-06  1.97820000e-06  1.97820000e-06  1.10726205e-02  1.97820000e-06 -9.98976547e-06 
 1.97920000e-06  1.97920000e-06  1.97920000e-06  1.10726205e-02  1.97920000e-06 -9.98978097e-06 
 1.98020000e-06  1.98020000e-06  1.98020000e-06  1.10726205e-02  1.98020000e-06 -9.98976547e-06 
 1.98120000e-06  1.98120000e-06  1.98120000e-06  1.10726205e-02  1.98120000e-06 -9.98978097e-06 
 1.98220000e-06  1.98220000e-06  1.98220000e-06  1.10726205e-02  1.98220000e-06 -9.98976547e-06 
 1.98320000e-06  1.98320000e-06  1.98320000e-06  1.10726205e-02  1.98320000e-06 -9.98978097e-06 
 1.98420000e-06  1.98420000e-06  1.98420000e-06  1.10726205e-02  1.98420000e-06 -9.98976547e-06 
 1.98520000e-06  1.98520000e-06  1.98520000e-06  1.10726205e-02  1.98520000e-06 -9.98978097e-06 
 1.98620000e-06  1.98620000e-06  1.98620000e-06  1.10726205e-02  1.98620000e-06 -9.98976547e-06 
 1.98720000e-06  1.98720000e-06  1.98720000e-06  1.10726205e-02  1.98720000e-06 -9.98978097e-06 
 1.98820000e-06  1.98820000e-06  1.98820000e-06  1.10726205e-02  1.98820000e-06 -9.98976547e-06 
 1.98920000e-06  1.98920000e-06  1.98920000e-06  1.10726205e-02  1.98920000e-06 -9.98978097e-06 
 1.99020000e-06  1.99020000e-06  1.99020000e-06  1.10726205e-02  1.99020000e-06 -9.98976547e-06 
 1.99120000e-06  1.99120000e-06  1.99120000e-06  1.10726205e-02  1.99120000e-06 -9.98978097e-06 
 1.99220000e-06  1.99220000e-06  1.99220000e-06  1.10726205e-02  1.99220000e-06 -9.98976547e-06 
 1.99320000e-06  1.99320000e-06  1.99320000e-06  1.10726205e-02  1.99320000e-06 -9.98978097e-06 
 1.99420000e-06  1.99420000e-06  1.99420000e-06  1.10726205e-02  1.99420000e-06 -9.98976547e-06 
 1.99520000e-06  1.99520000e-06  1.99520000e-06  1.10726205e-02  1.99520000e-06 -9.98978097e-06 
 1.99620000e-06  1.99620000e-06  1.99620000e-06  1.10726205e-02  1.99620000e-06 -9.98976547e-06 
 1.99720000e-06  1.99720000e-06  1.99720000e-06  1.10726205e-02  1.99720000e-06 -9.98978097e-06 
 1.99820000e-06  1.99820000e-06  1.99820000e-06  1.10726205e-02  1.99820000e-06 -9.98976547e-06 
 1.99920000e-06  1.99920000e-06  1.99920000e-06  1.10726205e-02  1.99920000e-06 -9.98978097e-06 
 2.00020000e-06  2.00020000e-06  2.00020000e-06  1.10726205e-02  2.00020000e-06 -9.98976547e-06 
 2.00100000e-06  2.00100000e-06  2.00100000e-06  1.10726205e-02  2.00100000e-06 -9.98978097e-06 
 2.00110000e-06  2.00110000e-06  2.00110000e-06  1.10705553e-02  2.00110000e-06 -9.99579234e-06 
 2.00130000e-06  2.00130000e-06  2.00130000e-06  1.10614979e-02  2.00130000e-06 -1.00123998e-05 
 2.00170000e-06  2.00170000e-06  2.00170000e-06  1.10341097e-02  2.00170000e-06 -9.99596800e-06 
 2.00200000e-06  2.00200000e-06  2.00200000e-06  1.10162600e-02  2.00200000e-06 -9.98874663e-06 
 2.00208000e-06  2.00208000e-06  2.00208000e-06  1.10136788e-02  2.00208000e-06 -9.98356950e-06 
 2.00224000e-06  2.00224000e-06  2.00224000e-06  1.10131124e-02  2.00224000e-06 -9.96365317e-06 
 2.00256000e-06  2.00256000e-06  2.00256000e-06  1.10259579e-02  2.00256000e-06 -9.97097556e-06 
 2.00320000e-06  2.00320000e-06  2.00320000e-06  1.10651252e-02  2.00320000e-06 -9.98492274e-06 
 2.00420000e-06  2.00420000e-06  2.00420000e-06  1.11315814e-02  2.00420000e-06 -9.98800418e-06 
 2.00520000e-06  2.00520000e-06  2.00520000e-06  1.11929318e-02  2.00520000e-06 -9.98877669e-06 
 2.00620000e-06  2.00620000e-06  2.00620000e-06  1.12467276e-02  2.00620000e-06 -9.98858599e-06 
 2.00720000e-06  2.00720000e-06  2.00720000e-06  1.12940247e-02  2.00720000e-06 -9.98891296e-06 
 2.00820000e-06  2.00820000e-06  2.00820000e-06  1.13354950e-02  2.00820000e-06 -9.98889475e-06 
 2.00920000e-06  2.00920000e-06  2.00920000e-06  1.13719302e-02  2.00920000e-06 -9.98906243e-06 
 2.01020000e-06  2.01020000e-06  2.01020000e-06  1.14038964e-02  2.01020000e-06 -9.98910286e-06 
 2.01120000e-06  2.01120000e-06  2.01120000e-06  1.14319720e-02  2.01120000e-06 -9.98919603e-06 
 2.01220000e-06  2.01220000e-06  2.01220000e-06  1.14566125e-02  2.01220000e-06 -9.98925131e-06 
 2.01320000e-06  2.01320000e-06  2.01320000e-06  1.14782506e-02  2.01320000e-06 -9.98930646e-06 
 2.01420000e-06  2.01420000e-06  2.01420000e-06  1.14972450e-02  2.01420000e-06 -9.98936088e-06 
 2.01520000e-06  2.01520000e-06  2.01520000e-06  1.15139237e-02  2.01520000e-06 -9.98939458e-06 
 2.01620000e-06  2.01620000e-06  2.01620000e-06  1.15285663e-02  2.01620000e-06 -9.98944335e-06 
 2.01720000e-06  2.01720000e-06  2.01720000e-06  1.15414235e-02  2.01720000e-06 -9.98946372e-06 
 2.01820000e-06  2.01820000e-06  2.01820000e-06  1.15527118e-02  2.01820000e-06 -9.98950612e-06 
 2.01920000e-06  2.01920000e-06  2.01920000e-06  1.15626237e-02  2.01920000e-06 -9.98951750e-06 
 2.02020000e-06  2.02020000e-06  2.02020000e-06  1.15713264e-02  2.02020000e-06 -9.98955418e-06 
 2.02120000e-06  2.02120000e-06  2.02120000e-06  1.15789680e-02  2.02120000e-06 -9.98955916e-06 
 2.02220000e-06  2.02220000e-06  2.02220000e-06  1.15856776e-02  2.02220000e-06 -9.98959109e-06 
 2.02320000e-06  2.02320000e-06  2.02320000e-06  1.15915690e-02  2.02320000e-06 -9.98959135e-06 
 2.02420000e-06  2.02420000e-06  2.02420000e-06  1.15967420e-02  2.02420000e-06 -9.98961950e-06 
 2.02520000e-06  2.02520000e-06  2.02520000e-06  1.16012843e-02  2.02520000e-06 -9.98961620e-06 
 2.02620000e-06  2.02620000e-06  2.02620000e-06  1.16052728e-02  2.02620000e-06 -9.98964137e-06 
 2.02720000e-06  2.02720000e-06  2.02720000e-06  1.16087749e-02  2.02720000e-06 -9.98963537e-06 
 2.02820000e-06  2.02820000e-06  2.02820000e-06  1.16118501e-02  2.02820000e-06 -9.98965823e-06 
 2.02920000e-06  2.02920000e-06  2.02920000e-06  1.16145503e-02  2.02920000e-06 -9.98965015e-06 
 2.03020000e-06  2.03020000e-06  2.03020000e-06  1.16169214e-02  2.03020000e-06 -9.98967122e-06 
 2.03120000e-06  2.03120000e-06  2.03120000e-06  1.16190033e-02  2.03120000e-06 -9.98966155e-06 
 2.03220000e-06  2.03220000e-06  2.03220000e-06  1.16208315e-02  2.03220000e-06 -9.98968123e-06 
 2.03320000e-06  2.03320000e-06  2.03320000e-06  1.16224367e-02  2.03320000e-06 -9.98967035e-06 
 2.03420000e-06  2.03420000e-06  2.03420000e-06  1.16238463e-02  2.03420000e-06 -9.98968895e-06 
 2.03520000e-06  2.03520000e-06  2.03520000e-06  1.16250840e-02  2.03520000e-06 -9.98967712e-06 
 2.03620000e-06  2.03620000e-06  2.03620000e-06  1.16261709e-02  2.03620000e-06 -9.98969490e-06 
 2.03720000e-06  2.03720000e-06  2.03720000e-06  1.16271252e-02  2.03720000e-06 -9.98968235e-06 
 2.03820000e-06  2.03820000e-06  2.03820000e-06  1.16279632e-02  2.03820000e-06 -9.98969949e-06 
 2.03920000e-06  2.03920000e-06  2.03920000e-06  1.16286991e-02  2.03920000e-06 -9.98968638e-06 
 2.04020000e-06  2.04020000e-06  2.04020000e-06  1.16293452e-02  2.04020000e-06 -9.98970303e-06 
 2.04120000e-06  2.04120000e-06  2.04120000e-06  1.16299126e-02  2.04120000e-06 -9.98968949e-06 
 2.04220000e-06  2.04220000e-06  2.04220000e-06  1.16304108e-02  2.04220000e-06 -9.98970576e-06 
 2.04320000e-06  2.04320000e-06  2.04320000e-06  1.16308482e-02  2.04320000e-06 -9.98969188e-06 
 2.04420000e-06  2.04420000e-06  2.04420000e-06  1.16312324e-02  2.04420000e-06 -9.98970786e-06 
 2.04520000e-06  2.04520000e-06  2.04520000e-06  1.16315697e-02  2.04520000e-06 -9.98969373e-06 
 2.04620000e-06  2.04620000e-06  2.04620000e-06  1.16318659e-02  2.04620000e-06 -9.98970949e-06 
 2.04720000e-06  2.04720000e-06  2.04720000e-06  1.16321260e-02  2.04720000e-06 -9.98969515e-06 
 2.04820000e-06  2.04820000e-06  2.04820000e-06  1.16323544e-02  2.04820000e-06 -9.98971074e-06 
 2.04920000e-06  2.04920000e-06  2.04920000e-06  1.16325549e-02  2.04920000e-06 -9.98969625e-06 
 2.05020000e-06  2.05020000e-06  2.05020000e-06  1.16327310e-02  2.05020000e-06 -9.98971170e-06 
 2.05120000e-06  2.05120000e-06  2.05120000e-06  1.16328856e-02  2.05120000e-06 -9.98969710e-06 
 2.05220000e-06  2.05220000e-06  2.05220000e-06  1.16330214e-02  2.05220000e-06 -9.98971244e-06 
 2.05320000e-06  2.05320000e-06  2.05320000e-06  1.16331406e-02  2.05320000e-06 -9.98969775e-06 
 2.05420000e-06  2.05420000e-06  2.05420000e-06  1.16332453e-02  2.05420000e-06 -9.98971302e-06 
 2.05520000e-06  2.05520000e-06  2.05520000e-06  1.16333373e-02  2.05520000e-06 -9.98969826e-06 
 2.05620000e-06  2.05620000e-06  2.05620000e-06  1.16334180e-02  2.05620000e-06 -9.98971346e-06 
 2.05720000e-06  2.05720000e-06  2.05720000e-06  1.16334889e-02  2.05720000e-06 -9.98969864e-06 
 2.05820000e-06  2.05820000e-06  2.05820000e-06  1.16335511e-02  2.05820000e-06 -9.98971380e-06 
 2.05920000e-06  2.05920000e-06  2.05920000e-06  1.16336058e-02  2.05920000e-06 -9.98969894e-06 
 2.06020000e-06  2.06020000e-06  2.06020000e-06  1.16336537e-02  2.06020000e-06 -9.98971406e-06 
 2.06120000e-06  2.06120000e-06  2.06120000e-06  1.16336959e-02  2.06120000e-06 -9.98969917e-06 
 2.06220000e-06  2.06220000e-06  2.06220000e-06  1.16337329e-02  2.06220000e-06 -9.98971427e-06 
 2.06320000e-06  2.06320000e-06  2.06320000e-06  1.16337654e-02  2.06320000e-06 -9.98969935e-06 
 2.06420000e-06  2.06420000e-06  2.06420000e-06  1.16337939e-02  2.06420000e-06 -9.98971442e-06 
 2.06520000e-06  2.06520000e-06  2.06520000e-06  1.16338190e-02  2.06520000e-06 -9.98969949e-06 
 2.06620000e-06  2.06620000e-06  2.06620000e-06  1.16338410e-02  2.06620000e-06 -9.98971454e-06 
 2.06720000e-06  2.06720000e-06  2.06720000e-06  1.16338603e-02  2.06720000e-06 -9.98969959e-06 
 2.06820000e-06  2.06820000e-06  2.06820000e-06  1.16338773e-02  2.06820000e-06 -9.98971464e-06 
 2.06920000e-06  2.06920000e-06  2.06920000e-06  1.16338922e-02  2.06920000e-06 -9.98969968e-06 
 2.07020000e-06  2.07020000e-06  2.07020000e-06  1.16339052e-02  2.07020000e-06 -9.98971471e-06 
 2.07120000e-06  2.07120000e-06  2.07120000e-06  1.16339167e-02  2.07120000e-06 -9.98969974e-06 
 2.07220000e-06  2.07220000e-06  2.07220000e-06  1.16339268e-02  2.07220000e-06 -9.98971476e-06 
 2.07320000e-06  2.07320000e-06  2.07320000e-06  1.16339357e-02  2.07320000e-06 -9.98969979e-06 
 2.07420000e-06  2.07420000e-06  2.07420000e-06  1.16339434e-02  2.07420000e-06 -9.98971481e-06 
 2.07520000e-06  2.07520000e-06  2.07520000e-06  1.16339503e-02  2.07520000e-06 -9.98969982e-06 
 2.07620000e-06  2.07620000e-06  2.07620000e-06  1.16339563e-02  2.07620000e-06 -9.98971484e-06 
 2.07720000e-06  2.07720000e-06  2.07720000e-06  1.16339615e-02  2.07720000e-06 -9.98969985e-06 
 2.07820000e-06  2.07820000e-06  2.07820000e-06  1.16339662e-02  2.07820000e-06 -9.98971486e-06 
 2.07920000e-06  2.07920000e-06  2.07920000e-06  1.16339702e-02  2.07920000e-06 -9.98969988e-06 
 2.08020000e-06  2.08020000e-06  2.08020000e-06  1.16339738e-02  2.08020000e-06 -9.98971488e-06 
 2.08120000e-06  2.08120000e-06  2.08120000e-06  1.16339769e-02  2.08120000e-06 -9.98969989e-06 
 2.08220000e-06  2.08220000e-06  2.08220000e-06  1.16339797e-02  2.08220000e-06 -9.98971490e-06 
 2.08320000e-06  2.08320000e-06  2.08320000e-06  1.16339821e-02  2.08320000e-06 -9.98969991e-06 
 2.08420000e-06  2.08420000e-06  2.08420000e-06  1.16339842e-02  2.08420000e-06 -9.98971491e-06 
 2.08520000e-06  2.08520000e-06  2.08520000e-06  1.16339861e-02  2.08520000e-06 -9.98969992e-06 
 2.08620000e-06  2.08620000e-06  2.08620000e-06  1.16339877e-02  2.08620000e-06 -9.98971492e-06 
 2.08720000e-06  2.08720000e-06  2.08720000e-06  1.16339891e-02  2.08720000e-06 -9.98969992e-06 
 2.08820000e-06  2.08820000e-06  2.08820000e-06  1.16339904e-02  2.08820000e-06 -9.98971493e-06 
 2.08920000e-06  2.08920000e-06  2.08920000e-06  1.16339915e-02  2.08920000e-06 -9.98969993e-06 
 2.09020000e-06  2.09020000e-06  2.09020000e-06  1.16339925e-02  2.09020000e-06 -9.98971493e-06 
 2.09120000e-06  2.09120000e-06  2.09120000e-06  1.16339933e-02  2.09120000e-06 -9.98969993e-06 
 2.09220000e-06  2.09220000e-06  2.09220000e-06  1.16339941e-02  2.09220000e-06 -9.98971493e-06 
 2.09320000e-06  2.09320000e-06  2.09320000e-06  1.16339947e-02  2.09320000e-06 -9.98969994e-06 
 2.09420000e-06  2.09420000e-06  2.09420000e-06  1.16339953e-02  2.09420000e-06 -9.98971494e-06 
 2.09520000e-06  2.09520000e-06  2.09520000e-06  1.16339958e-02  2.09520000e-06 -9.98969994e-06 
 2.09620000e-06  2.09620000e-06  2.09620000e-06  1.16339962e-02  2.09620000e-06 -9.98971494e-06 
 2.09720000e-06  2.09720000e-06  2.09720000e-06  1.16339966e-02  2.09720000e-06 -9.98969994e-06 
 2.09820000e-06  2.09820000e-06  2.09820000e-06  1.16339970e-02  2.09820000e-06 -9.98971494e-06 
 2.09920000e-06  2.09920000e-06  2.09920000e-06  1.16339973e-02  2.09920000e-06 -9.98969995e-06 
 2.10020000e-06  2.10020000e-06  2.10020000e-06  1.16339975e-02  2.10020000e-06 -9.98971494e-06 
 2.10120000e-06  2.10120000e-06  2.10120000e-06  1.16339978e-02  2.10120000e-06 -9.98969995e-06 
 2.10220000e-06  2.10220000e-06  2.10220000e-06  1.16339980e-02  2.10220000e-06 -9.98971494e-06 
 2.10320000e-06  2.10320000e-06  2.10320000e-06  1.16339982e-02  2.10320000e-06 -9.98969995e-06 
 2.10420000e-06  2.10420000e-06  2.10420000e-06  1.16339983e-02  2.10420000e-06 -9.98971495e-06 
 2.10520000e-06  2.10520000e-06  2.10520000e-06  1.16339985e-02  2.10520000e-06 -9.98969995e-06 
 2.10620000e-06  2.10620000e-06  2.10620000e-06  1.16339986e-02  2.10620000e-06 -9.98971495e-06 
 2.10720000e-06  2.10720000e-06  2.10720000e-06  1.16339987e-02  2.10720000e-06 -9.98969995e-06 
 2.10820000e-06  2.10820000e-06  2.10820000e-06  1.16339988e-02  2.10820000e-06 -9.98971495e-06 
 2.10920000e-06  2.10920000e-06  2.10920000e-06  1.16339989e-02  2.10920000e-06 -9.98969995e-06 
 2.11020000e-06  2.11020000e-06  2.11020000e-06  1.16339989e-02  2.11020000e-06 -9.98971495e-06 
 2.11120000e-06  2.11120000e-06  2.11120000e-06  1.16339990e-02  2.11120000e-06 -9.98969995e-06 
 2.11220000e-06  2.11220000e-06  2.11220000e-06  1.16339991e-02  2.11220000e-06 -9.98971495e-06 
 2.11320000e-06  2.11320000e-06  2.11320000e-06  1.16339991e-02  2.11320000e-06 -9.98969995e-06 
 2.11420000e-06  2.11420000e-06  2.11420000e-06  1.16339991e-02  2.11420000e-06 -9.98971495e-06 
 2.11520000e-06  2.11520000e-06  2.11520000e-06  1.16339992e-02  2.11520000e-06 -9.98969995e-06 
 2.11620000e-06  2.11620000e-06  2.11620000e-06  1.16339992e-02  2.11620000e-06 -9.98971495e-06 
 2.11720000e-06  2.11720000e-06  2.11720000e-06  1.16339992e-02  2.11720000e-06 -9.98969995e-06 
 2.11820000e-06  2.11820000e-06  2.11820000e-06  1.16339993e-02  2.11820000e-06 -9.98971495e-06 
 2.11920000e-06  2.11920000e-06  2.11920000e-06  1.16339993e-02  2.11920000e-06 -9.98969995e-06 
 2.12020000e-06  2.12020000e-06  2.12020000e-06  1.16339993e-02  2.12020000e-06 -9.98971495e-06 
 2.12120000e-06  2.12120000e-06  2.12120000e-06  1.16339993e-02  2.12120000e-06 -9.98969995e-06 
 2.12220000e-06  2.12220000e-06  2.12220000e-06  1.16339993e-02  2.12220000e-06 -9.98971495e-06 
 2.12320000e-06  2.12320000e-06  2.12320000e-06  1.16339994e-02  2.12320000e-06 -9.98969995e-06 
 2.12420000e-06  2.12420000e-06  2.12420000e-06  1.16339994e-02  2.12420000e-06 -9.98971495e-06 
 2.12520000e-06  2.12520000e-06  2.12520000e-06  1.16339994e-02  2.12520000e-06 -9.98969995e-06 
 2.12620000e-06  2.12620000e-06  2.12620000e-06  1.16339994e-02  2.12620000e-06 -9.98971495e-06 
 2.12720000e-06  2.12720000e-06  2.12720000e-06  1.16339994e-02  2.12720000e-06 -9.98969995e-06 
 2.12820000e-06  2.12820000e-06  2.12820000e-06  1.16339994e-02  2.12820000e-06 -9.98971495e-06 
 2.12920000e-06  2.12920000e-06  2.12920000e-06  1.16339994e-02  2.12920000e-06 -9.98969995e-06 
 2.13020000e-06  2.13020000e-06  2.13020000e-06  1.16339994e-02  2.13020000e-06 -9.98971495e-06 
 2.13120000e-06  2.13120000e-06  2.13120000e-06  1.16339994e-02  2.13120000e-06 -9.98969995e-06 
 2.13220000e-06  2.13220000e-06  2.13220000e-06  1.16339994e-02  2.13220000e-06 -9.98971495e-06 
 2.13320000e-06  2.13320000e-06  2.13320000e-06  1.16339994e-02  2.13320000e-06 -9.98969995e-06 
 2.13420000e-06  2.13420000e-06  2.13420000e-06  1.16339994e-02  2.13420000e-06 -9.98971495e-06 
 2.13520000e-06  2.13520000e-06  2.13520000e-06  1.16339994e-02  2.13520000e-06 -9.98969995e-06 
 2.13620000e-06  2.13620000e-06  2.13620000e-06  1.16339994e-02  2.13620000e-06 -9.98971495e-06 
 2.13720000e-06  2.13720000e-06  2.13720000e-06  1.16339994e-02  2.13720000e-06 -9.98969995e-06 
 2.13820000e-06  2.13820000e-06  2.13820000e-06  1.16339994e-02  2.13820000e-06 -9.98971495e-06 
 2.13920000e-06  2.13920000e-06  2.13920000e-06  1.16339994e-02  2.13920000e-06 -9.98969995e-06 
 2.14020000e-06  2.14020000e-06  2.14020000e-06  1.16339994e-02  2.14020000e-06 -9.98971495e-06 
 2.14120000e-06  2.14120000e-06  2.14120000e-06  1.16339994e-02  2.14120000e-06 -9.98969995e-06 
 2.14220000e-06  2.14220000e-06  2.14220000e-06  1.16339994e-02  2.14220000e-06 -9.98971495e-06 
 2.14320000e-06  2.14320000e-06  2.14320000e-06  1.16339994e-02  2.14320000e-06 -9.98969995e-06 
 2.14420000e-06  2.14420000e-06  2.14420000e-06  1.16339994e-02  2.14420000e-06 -9.98971495e-06 
 2.14520000e-06  2.14520000e-06  2.14520000e-06  1.16339995e-02  2.14520000e-06 -9.98969995e-06 
 2.14620000e-06  2.14620000e-06  2.14620000e-06  1.16339995e-02  2.14620000e-06 -9.98971495e-06 
 2.14720000e-06  2.14720000e-06  2.14720000e-06  1.16339995e-02  2.14720000e-06 -9.98969995e-06 
 2.14820000e-06  2.14820000e-06  2.14820000e-06  1.16339995e-02  2.14820000e-06 -9.98971495e-06 
 2.14920000e-06  2.14920000e-06  2.14920000e-06  1.16339995e-02  2.14920000e-06 -9.98969995e-06 
 2.15020000e-06  2.15020000e-06  2.15020000e-06  1.16339995e-02  2.15020000e-06 -9.98971495e-06 
 2.15120000e-06  2.15120000e-06  2.15120000e-06  1.16339995e-02  2.15120000e-06 -9.98969995e-06 
 2.15220000e-06  2.15220000e-06  2.15220000e-06  1.16339995e-02  2.15220000e-06 -9.98971495e-06 
 2.15320000e-06  2.15320000e-06  2.15320000e-06  1.16339995e-02  2.15320000e-06 -9.98969995e-06 
 2.15420000e-06  2.15420000e-06  2.15420000e-06  1.16339995e-02  2.15420000e-06 -9.98971495e-06 
 2.15520000e-06  2.15520000e-06  2.15520000e-06  1.16339995e-02  2.15520000e-06 -9.98969995e-06 
 2.15620000e-06  2.15620000e-06  2.15620000e-06  1.16339995e-02  2.15620000e-06 -9.98971495e-06 
 2.15720000e-06  2.15720000e-06  2.15720000e-06  1.16339995e-02  2.15720000e-06 -9.98969995e-06 
 2.15820000e-06  2.15820000e-06  2.15820000e-06  1.16339995e-02  2.15820000e-06 -9.98971495e-06 
 2.15920000e-06  2.15920000e-06  2.15920000e-06  1.16339995e-02  2.15920000e-06 -9.98969995e-06 
 2.16020000e-06  2.16020000e-06  2.16020000e-06  1.16339995e-02  2.16020000e-06 -9.98971495e-06 
 2.16120000e-06  2.16120000e-06  2.16120000e-06  1.16339995e-02  2.16120000e-06 -9.98969995e-06 
 2.16220000e-06  2.16220000e-06  2.16220000e-06  1.16339995e-02  2.16220000e-06 -9.98971495e-06 
 2.16320000e-06  2.16320000e-06  2.16320000e-06  1.16339995e-02  2.16320000e-06 -9.98969995e-06 
 2.16420000e-06  2.16420000e-06  2.16420000e-06  1.16339995e-02  2.16420000e-06 -9.98971495e-06 
 2.16520000e-06  2.16520000e-06  2.16520000e-06  1.16339995e-02  2.16520000e-06 -9.98969995e-06 
 2.16620000e-06  2.16620000e-06  2.16620000e-06  1.16339995e-02  2.16620000e-06 -9.98971495e-06 
 2.16720000e-06  2.16720000e-06  2.16720000e-06  1.16339995e-02  2.16720000e-06 -9.98969995e-06 
 2.16820000e-06  2.16820000e-06  2.16820000e-06  1.16339995e-02  2.16820000e-06 -9.98971495e-06 
 2.16920000e-06  2.16920000e-06  2.16920000e-06  1.16339995e-02  2.16920000e-06 -9.98969995e-06 
 2.17020000e-06  2.17020000e-06  2.17020000e-06  1.16339995e-02  2.17020000e-06 -9.98971495e-06 
 2.17120000e-06  2.17120000e-06  2.17120000e-06  1.16339995e-02  2.17120000e-06 -9.98969995e-06 
 2.17220000e-06  2.17220000e-06  2.17220000e-06  1.16339995e-02  2.17220000e-06 -9.98971495e-06 
 2.17320000e-06  2.17320000e-06  2.17320000e-06  1.16339995e-02  2.17320000e-06 -9.98969995e-06 
 2.17420000e-06  2.17420000e-06  2.17420000e-06  1.16339995e-02  2.17420000e-06 -9.98971495e-06 
 2.17520000e-06  2.17520000e-06  2.17520000e-06  1.16339995e-02  2.17520000e-06 -9.98969995e-06 
 2.17620000e-06  2.17620000e-06  2.17620000e-06  1.16339995e-02  2.17620000e-06 -9.98971495e-06 
 2.17720000e-06  2.17720000e-06  2.17720000e-06  1.16339995e-02  2.17720000e-06 -9.98969995e-06 
 2.17820000e-06  2.17820000e-06  2.17820000e-06  1.16339995e-02  2.17820000e-06 -9.98971495e-06 
 2.17920000e-06  2.17920000e-06  2.17920000e-06  1.16339995e-02  2.17920000e-06 -9.98969995e-06 
 2.18020000e-06  2.18020000e-06  2.18020000e-06  1.16339995e-02  2.18020000e-06 -9.98971495e-06 
 2.18120000e-06  2.18120000e-06  2.18120000e-06  1.16339995e-02  2.18120000e-06 -9.98969995e-06 
 2.18220000e-06  2.18220000e-06  2.18220000e-06  1.16339995e-02  2.18220000e-06 -9.98971495e-06 
 2.18320000e-06  2.18320000e-06  2.18320000e-06  1.16339995e-02  2.18320000e-06 -9.98969995e-06 
 2.18420000e-06  2.18420000e-06  2.18420000e-06  1.16339995e-02  2.18420000e-06 -9.98971495e-06 
 2.18520000e-06  2.18520000e-06  2.18520000e-06  1.16339995e-02  2.18520000e-06 -9.98969995e-06 
 2.18620000e-06  2.18620000e-06  2.18620000e-06  1.16339995e-02  2.18620000e-06 -9.98971495e-06 
 2.18720000e-06  2.18720000e-06  2.18720000e-06  1.16339995e-02  2.18720000e-06 -9.98969995e-06 
 2.18820000e-06  2.18820000e-06  2.18820000e-06  1.16339995e-02  2.18820000e-06 -9.98971495e-06 
 2.18920000e-06  2.18920000e-06  2.18920000e-06  1.16339995e-02  2.18920000e-06 -9.98969995e-06 
 2.19020000e-06  2.19020000e-06  2.19020000e-06  1.16339995e-02  2.19020000e-06 -9.98971495e-06 
 2.19120000e-06  2.19120000e-06  2.19120000e-06  1.16339995e-02  2.19120000e-06 -9.98969995e-06 
 2.19220000e-06  2.19220000e-06  2.19220000e-06  1.16339995e-02  2.19220000e-06 -9.98971495e-06 
 2.19320000e-06  2.19320000e-06  2.19320000e-06  1.16339995e-02  2.19320000e-06 -9.98969995e-06 
 2.19420000e-06  2.19420000e-06  2.19420000e-06  1.16339995e-02  2.19420000e-06 -9.98971495e-06 
 2.19520000e-06  2.19520000e-06  2.19520000e-06  1.16339995e-02  2.19520000e-06 -9.98969995e-06 
 2.19620000e-06  2.19620000e-06  2.19620000e-06  1.16339995e-02  2.19620000e-06 -9.98971495e-06 
 2.19720000e-06  2.19720000e-06  2.19720000e-06  1.16339995e-02  2.19720000e-06 -9.98969995e-06 
 2.19820000e-06  2.19820000e-06  2.19820000e-06  1.16339995e-02  2.19820000e-06 -9.98971495e-06 
 2.19920000e-06  2.19920000e-06  2.19920000e-06  1.16339995e-02  2.19920000e-06 -9.98969995e-06 
 2.20020000e-06  2.20020000e-06  2.20020000e-06  1.16339995e-02  2.20020000e-06 -9.98971495e-06 
 2.20120000e-06  2.20120000e-06  2.20120000e-06  1.16339995e-02  2.20120000e-06 -9.98969995e-06 
 2.20220000e-06  2.20220000e-06  2.20220000e-06  1.16339995e-02  2.20220000e-06 -9.98971495e-06 
 2.20320000e-06  2.20320000e-06  2.20320000e-06  1.16339995e-02  2.20320000e-06 -9.98969995e-06 
 2.20420000e-06  2.20420000e-06  2.20420000e-06  1.16339995e-02  2.20420000e-06 -9.98971495e-06 
 2.20520000e-06  2.20520000e-06  2.20520000e-06  1.16339995e-02  2.20520000e-06 -9.98969995e-06 
 2.20620000e-06  2.20620000e-06  2.20620000e-06  1.16339995e-02  2.20620000e-06 -9.98971495e-06 
 2.20720000e-06  2.20720000e-06  2.20720000e-06  1.16339995e-02  2.20720000e-06 -9.98969995e-06 
 2.20820000e-06  2.20820000e-06  2.20820000e-06  1.16339995e-02  2.20820000e-06 -9.98971495e-06 
 2.20920000e-06  2.20920000e-06  2.20920000e-06  1.16339995e-02  2.20920000e-06 -9.98969995e-06 
 2.21020000e-06  2.21020000e-06  2.21020000e-06  1.16339995e-02  2.21020000e-06 -9.98971495e-06 
 2.21120000e-06  2.21120000e-06  2.21120000e-06  1.16339995e-02  2.21120000e-06 -9.98969995e-06 
 2.21220000e-06  2.21220000e-06  2.21220000e-06  1.16339995e-02  2.21220000e-06 -9.98971495e-06 
 2.21320000e-06  2.21320000e-06  2.21320000e-06  1.16339995e-02  2.21320000e-06 -9.98969995e-06 
 2.21420000e-06  2.21420000e-06  2.21420000e-06  1.16339995e-02  2.21420000e-06 -9.98971495e-06 
 2.21520000e-06  2.21520000e-06  2.21520000e-06  1.16339995e-02  2.21520000e-06 -9.98969995e-06 
 2.21620000e-06  2.21620000e-06  2.21620000e-06  1.16339995e-02  2.21620000e-06 -9.98971495e-06 
 2.21720000e-06  2.21720000e-06  2.21720000e-06  1.16339995e-02  2.21720000e-06 -9.98969995e-06 
 2.21820000e-06  2.21820000e-06  2.21820000e-06  1.16339995e-02  2.21820000e-06 -9.98971495e-06 
 2.21920000e-06  2.21920000e-06  2.21920000e-06  1.16339995e-02  2.21920000e-06 -9.98969995e-06 
 2.22020000e-06  2.22020000e-06  2.22020000e-06  1.16339995e-02  2.22020000e-06 -9.98971495e-06 
 2.22120000e-06  2.22120000e-06  2.22120000e-06  1.16339995e-02  2.22120000e-06 -9.98969995e-06 
 2.22220000e-06  2.22220000e-06  2.22220000e-06  1.16339995e-02  2.22220000e-06 -9.98971495e-06 
 2.22320000e-06  2.22320000e-06  2.22320000e-06  1.16339995e-02  2.22320000e-06 -9.98969995e-06 
 2.22420000e-06  2.22420000e-06  2.22420000e-06  1.16339995e-02  2.22420000e-06 -9.98971495e-06 
 2.22520000e-06  2.22520000e-06  2.22520000e-06  1.16339995e-02  2.22520000e-06 -9.98969995e-06 
 2.22620000e-06  2.22620000e-06  2.22620000e-06  1.16339995e-02  2.22620000e-06 -9.98971495e-06 
 2.22720000e-06  2.22720000e-06  2.22720000e-06  1.16339995e-02  2.22720000e-06 -9.98969995e-06 
 2.22820000e-06  2.22820000e-06  2.22820000e-06  1.16339995e-02  2.22820000e-06 -9.98971495e-06 
 2.22920000e-06  2.22920000e-06  2.22920000e-06  1.16339995e-02  2.22920000e-06 -9.98969995e-06 
 2.23020000e-06  2.23020000e-06  2.23020000e-06  1.16339995e-02  2.23020000e-06 -9.98971495e-06 
 2.23120000e-06  2.23120000e-06  2.23120000e-06  1.16339995e-02  2.23120000e-06 -9.98969995e-06 
 2.23220000e-06  2.23220000e-06  2.23220000e-06  1.16339995e-02  2.23220000e-06 -9.98971495e-06 
 2.23320000e-06  2.23320000e-06  2.23320000e-06  1.16339995e-02  2.23320000e-06 -9.98969995e-06 
 2.23420000e-06  2.23420000e-06  2.23420000e-06  1.16339995e-02  2.23420000e-06 -9.98971495e-06 
 2.23520000e-06  2.23520000e-06  2.23520000e-06  1.16339995e-02  2.23520000e-06 -9.98969995e-06 
 2.23620000e-06  2.23620000e-06  2.23620000e-06  1.16339995e-02  2.23620000e-06 -9.98971495e-06 
 2.23720000e-06  2.23720000e-06  2.23720000e-06  1.16339995e-02  2.23720000e-06 -9.98969995e-06 
 2.23820000e-06  2.23820000e-06  2.23820000e-06  1.16339995e-02  2.23820000e-06 -9.98971495e-06 
 2.23920000e-06  2.23920000e-06  2.23920000e-06  1.16339995e-02  2.23920000e-06 -9.98969995e-06 
 2.24020000e-06  2.24020000e-06  2.24020000e-06  1.16339995e-02  2.24020000e-06 -9.98971495e-06 
 2.24120000e-06  2.24120000e-06  2.24120000e-06  1.16339995e-02  2.24120000e-06 -9.98969995e-06 
 2.24220000e-06  2.24220000e-06  2.24220000e-06  1.16339995e-02  2.24220000e-06 -9.98971495e-06 
 2.24320000e-06  2.24320000e-06  2.24320000e-06  1.16339995e-02  2.24320000e-06 -9.98969995e-06 
 2.24420000e-06  2.24420000e-06  2.24420000e-06  1.16339995e-02  2.24420000e-06 -9.98971495e-06 
 2.24520000e-06  2.24520000e-06  2.24520000e-06  1.16339995e-02  2.24520000e-06 -9.98969995e-06 
 2.24620000e-06  2.24620000e-06  2.24620000e-06  1.16339995e-02  2.24620000e-06 -9.98971495e-06 
 2.24720000e-06  2.24720000e-06  2.24720000e-06  1.16339995e-02  2.24720000e-06 -9.98969995e-06 
 2.24820000e-06  2.24820000e-06  2.24820000e-06  1.16339995e-02  2.24820000e-06 -9.98971495e-06 
 2.24920000e-06  2.24920000e-06  2.24920000e-06  1.16339995e-02  2.24920000e-06 -9.98969995e-06 
 2.25020000e-06  2.25020000e-06  2.25020000e-06  1.16339995e-02  2.25020000e-06 -9.98971495e-06 
 2.25120000e-06  2.25120000e-06  2.25120000e-06  1.16339995e-02  2.25120000e-06 -9.98969995e-06 
 2.25220000e-06  2.25220000e-06  2.25220000e-06  1.16339995e-02  2.25220000e-06 -9.98971495e-06 
 2.25320000e-06  2.25320000e-06  2.25320000e-06  1.16339995e-02  2.25320000e-06 -9.98969995e-06 
 2.25420000e-06  2.25420000e-06  2.25420000e-06  1.16339995e-02  2.25420000e-06 -9.98971495e-06 
 2.25520000e-06  2.25520000e-06  2.25520000e-06  1.16339995e-02  2.25520000e-06 -9.98969995e-06 
 2.25620000e-06  2.25620000e-06  2.25620000e-06  1.16339995e-02  2.25620000e-06 -9.98971495e-06 
 2.25720000e-06  2.25720000e-06  2.25720000e-06  1.16339995e-02  2.25720000e-06 -9.98969995e-06 
 2.25820000e-06  2.25820000e-06  2.25820000e-06  1.16339995e-02  2.25820000e-06 -9.98971495e-06 
 2.25920000e-06  2.25920000e-06  2.25920000e-06  1.16339995e-02  2.25920000e-06 -9.98969995e-06 
 2.26020000e-06  2.26020000e-06  2.26020000e-06  1.16339995e-02  2.26020000e-06 -9.98971495e-06 
 2.26120000e-06  2.26120000e-06  2.26120000e-06  1.16339995e-02  2.26120000e-06 -9.98969995e-06 
 2.26220000e-06  2.26220000e-06  2.26220000e-06  1.16339995e-02  2.26220000e-06 -9.98971495e-06 
 2.26320000e-06  2.26320000e-06  2.26320000e-06  1.16339995e-02  2.26320000e-06 -9.98969995e-06 
 2.26420000e-06  2.26420000e-06  2.26420000e-06  1.16339995e-02  2.26420000e-06 -9.98971495e-06 
 2.26520000e-06  2.26520000e-06  2.26520000e-06  1.16339995e-02  2.26520000e-06 -9.98969995e-06 
 2.26620000e-06  2.26620000e-06  2.26620000e-06  1.16339995e-02  2.26620000e-06 -9.98971495e-06 
 2.26720000e-06  2.26720000e-06  2.26720000e-06  1.16339995e-02  2.26720000e-06 -9.98969995e-06 
 2.26820000e-06  2.26820000e-06  2.26820000e-06  1.16339995e-02  2.26820000e-06 -9.98971495e-06 
 2.26920000e-06  2.26920000e-06  2.26920000e-06  1.16339995e-02  2.26920000e-06 -9.98969995e-06 
 2.27020000e-06  2.27020000e-06  2.27020000e-06  1.16339995e-02  2.27020000e-06 -9.98971495e-06 
 2.27120000e-06  2.27120000e-06  2.27120000e-06  1.16339995e-02  2.27120000e-06 -9.98969995e-06 
 2.27220000e-06  2.27220000e-06  2.27220000e-06  1.16339995e-02  2.27220000e-06 -9.98971495e-06 
 2.27320000e-06  2.27320000e-06  2.27320000e-06  1.16339995e-02  2.27320000e-06 -9.98969995e-06 
 2.27420000e-06  2.27420000e-06  2.27420000e-06  1.16339995e-02  2.27420000e-06 -9.98971495e-06 
 2.27520000e-06  2.27520000e-06  2.27520000e-06  1.16339995e-02  2.27520000e-06 -9.98969995e-06 
 2.27620000e-06  2.27620000e-06  2.27620000e-06  1.16339995e-02  2.27620000e-06 -9.98971495e-06 
 2.27720000e-06  2.27720000e-06  2.27720000e-06  1.16339995e-02  2.27720000e-06 -9.98969995e-06 
 2.27820000e-06  2.27820000e-06  2.27820000e-06  1.16339995e-02  2.27820000e-06 -9.98971495e-06 
 2.27920000e-06  2.27920000e-06  2.27920000e-06  1.16339995e-02  2.27920000e-06 -9.98969995e-06 
 2.28020000e-06  2.28020000e-06  2.28020000e-06  1.16339995e-02  2.28020000e-06 -9.98971495e-06 
 2.28120000e-06  2.28120000e-06  2.28120000e-06  1.16339995e-02  2.28120000e-06 -9.98969995e-06 
 2.28220000e-06  2.28220000e-06  2.28220000e-06  1.16339995e-02  2.28220000e-06 -9.98971495e-06 
 2.28320000e-06  2.28320000e-06  2.28320000e-06  1.16339995e-02  2.28320000e-06 -9.98969995e-06 
 2.28420000e-06  2.28420000e-06  2.28420000e-06  1.16339995e-02  2.28420000e-06 -9.98971495e-06 
 2.28520000e-06  2.28520000e-06  2.28520000e-06  1.16339995e-02  2.28520000e-06 -9.98969995e-06 
 2.28620000e-06  2.28620000e-06  2.28620000e-06  1.16339995e-02  2.28620000e-06 -9.98971495e-06 
 2.28720000e-06  2.28720000e-06  2.28720000e-06  1.16339995e-02  2.28720000e-06 -9.98969995e-06 
 2.28820000e-06  2.28820000e-06  2.28820000e-06  1.16339995e-02  2.28820000e-06 -9.98971495e-06 
 2.28920000e-06  2.28920000e-06  2.28920000e-06  1.16339995e-02  2.28920000e-06 -9.98969995e-06 
 2.29020000e-06  2.29020000e-06  2.29020000e-06  1.16339995e-02  2.29020000e-06 -9.98971495e-06 
 2.29120000e-06  2.29120000e-06  2.29120000e-06  1.16339995e-02  2.29120000e-06 -9.98969995e-06 
 2.29220000e-06  2.29220000e-06  2.29220000e-06  1.16339995e-02  2.29220000e-06 -9.98971495e-06 
 2.29320000e-06  2.29320000e-06  2.29320000e-06  1.16339995e-02  2.29320000e-06 -9.98969995e-06 
 2.29420000e-06  2.29420000e-06  2.29420000e-06  1.16339995e-02  2.29420000e-06 -9.98971495e-06 
 2.29520000e-06  2.29520000e-06  2.29520000e-06  1.16339995e-02  2.29520000e-06 -9.98969995e-06 
 2.29620000e-06  2.29620000e-06  2.29620000e-06  1.16339995e-02  2.29620000e-06 -9.98971495e-06 
 2.29720000e-06  2.29720000e-06  2.29720000e-06  1.16339995e-02  2.29720000e-06 -9.98969995e-06 
 2.29820000e-06  2.29820000e-06  2.29820000e-06  1.16339995e-02  2.29820000e-06 -9.98971495e-06 
 2.29920000e-06  2.29920000e-06  2.29920000e-06  1.16339995e-02  2.29920000e-06 -9.98969995e-06 
 2.30020000e-06  2.30020000e-06  2.30020000e-06  1.16339995e-02  2.30020000e-06 -9.98971495e-06 
 2.30120000e-06  2.30120000e-06  2.30120000e-06  1.16339995e-02  2.30120000e-06 -9.98969995e-06 
 2.30220000e-06  2.30220000e-06  2.30220000e-06  1.16339995e-02  2.30220000e-06 -9.98971495e-06 
 2.30320000e-06  2.30320000e-06  2.30320000e-06  1.16339995e-02  2.30320000e-06 -9.98969995e-06 
 2.30420000e-06  2.30420000e-06  2.30420000e-06  1.16339995e-02  2.30420000e-06 -9.98971495e-06 
 2.30520000e-06  2.30520000e-06  2.30520000e-06  1.16339995e-02  2.30520000e-06 -9.98969995e-06 
 2.30620000e-06  2.30620000e-06  2.30620000e-06  1.16339995e-02  2.30620000e-06 -9.98971495e-06 
 2.30720000e-06  2.30720000e-06  2.30720000e-06  1.16339995e-02  2.30720000e-06 -9.98969995e-06 
 2.30820000e-06  2.30820000e-06  2.30820000e-06  1.16339995e-02  2.30820000e-06 -9.98971495e-06 
 2.30920000e-06  2.30920000e-06  2.30920000e-06  1.16339995e-02  2.30920000e-06 -9.98969995e-06 
 2.31020000e-06  2.31020000e-06  2.31020000e-06  1.16339995e-02  2.31020000e-06 -9.98971495e-06 
 2.31120000e-06  2.31120000e-06  2.31120000e-06  1.16339995e-02  2.31120000e-06 -9.98969995e-06 
 2.31220000e-06  2.31220000e-06  2.31220000e-06  1.16339995e-02  2.31220000e-06 -9.98971495e-06 
 2.31320000e-06  2.31320000e-06  2.31320000e-06  1.16339995e-02  2.31320000e-06 -9.98969995e-06 
 2.31420000e-06  2.31420000e-06  2.31420000e-06  1.16339995e-02  2.31420000e-06 -9.98971495e-06 
 2.31520000e-06  2.31520000e-06  2.31520000e-06  1.16339995e-02  2.31520000e-06 -9.98969995e-06 
 2.31620000e-06  2.31620000e-06  2.31620000e-06  1.16339995e-02  2.31620000e-06 -9.98971495e-06 
 2.31720000e-06  2.31720000e-06  2.31720000e-06  1.16339995e-02  2.31720000e-06 -9.98969995e-06 
 2.31820000e-06  2.31820000e-06  2.31820000e-06  1.16339995e-02  2.31820000e-06 -9.98971495e-06 
 2.31920000e-06  2.31920000e-06  2.31920000e-06  1.16339995e-02  2.31920000e-06 -9.98969995e-06 
 2.32020000e-06  2.32020000e-06  2.32020000e-06  1.16339995e-02  2.32020000e-06 -9.98971495e-06 
 2.32120000e-06  2.32120000e-06  2.32120000e-06  1.16339995e-02  2.32120000e-06 -9.98969995e-06 
 2.32220000e-06  2.32220000e-06  2.32220000e-06  1.16339995e-02  2.32220000e-06 -9.98971495e-06 
 2.32320000e-06  2.32320000e-06  2.32320000e-06  1.16339995e-02  2.32320000e-06 -9.98969995e-06 
 2.32420000e-06  2.32420000e-06  2.32420000e-06  1.16339995e-02  2.32420000e-06 -9.98971495e-06 
 2.32520000e-06  2.32520000e-06  2.32520000e-06  1.16339995e-02  2.32520000e-06 -9.98969995e-06 
 2.32620000e-06  2.32620000e-06  2.32620000e-06  1.16339995e-02  2.32620000e-06 -9.98971495e-06 
 2.32720000e-06  2.32720000e-06  2.32720000e-06  1.16339995e-02  2.32720000e-06 -9.98969995e-06 
 2.32820000e-06  2.32820000e-06  2.32820000e-06  1.16339995e-02  2.32820000e-06 -9.98971495e-06 
 2.32920000e-06  2.32920000e-06  2.32920000e-06  1.16339995e-02  2.32920000e-06 -9.98969995e-06 
 2.33020000e-06  2.33020000e-06  2.33020000e-06  1.16339995e-02  2.33020000e-06 -9.98971495e-06 
 2.33120000e-06  2.33120000e-06  2.33120000e-06  1.16339995e-02  2.33120000e-06 -9.98969995e-06 
 2.33220000e-06  2.33220000e-06  2.33220000e-06  1.16339995e-02  2.33220000e-06 -9.98971495e-06 
 2.33320000e-06  2.33320000e-06  2.33320000e-06  1.16339995e-02  2.33320000e-06 -9.98969995e-06 
 2.33420000e-06  2.33420000e-06  2.33420000e-06  1.16339995e-02  2.33420000e-06 -9.98971495e-06 
 2.33520000e-06  2.33520000e-06  2.33520000e-06  1.16339995e-02  2.33520000e-06 -9.98969995e-06 
 2.33620000e-06  2.33620000e-06  2.33620000e-06  1.16339995e-02  2.33620000e-06 -9.98971495e-06 
 2.33720000e-06  2.33720000e-06  2.33720000e-06  1.16339995e-02  2.33720000e-06 -9.98969995e-06 
 2.33820000e-06  2.33820000e-06  2.33820000e-06  1.16339995e-02  2.33820000e-06 -9.98971495e-06 
 2.33920000e-06  2.33920000e-06  2.33920000e-06  1.16339995e-02  2.33920000e-06 -9.98969995e-06 
 2.34020000e-06  2.34020000e-06  2.34020000e-06  1.16339995e-02  2.34020000e-06 -9.98971495e-06 
 2.34120000e-06  2.34120000e-06  2.34120000e-06  1.16339995e-02  2.34120000e-06 -9.98969995e-06 
 2.34220000e-06  2.34220000e-06  2.34220000e-06  1.16339995e-02  2.34220000e-06 -9.98971495e-06 
 2.34320000e-06  2.34320000e-06  2.34320000e-06  1.16339995e-02  2.34320000e-06 -9.98969995e-06 
 2.34420000e-06  2.34420000e-06  2.34420000e-06  1.16339995e-02  2.34420000e-06 -9.98971495e-06 
 2.34520000e-06  2.34520000e-06  2.34520000e-06  1.16339995e-02  2.34520000e-06 -9.98969995e-06 
 2.34620000e-06  2.34620000e-06  2.34620000e-06  1.16339995e-02  2.34620000e-06 -9.98971495e-06 
 2.34720000e-06  2.34720000e-06  2.34720000e-06  1.16339995e-02  2.34720000e-06 -9.98969995e-06 
 2.34820000e-06  2.34820000e-06  2.34820000e-06  1.16339995e-02  2.34820000e-06 -9.98971495e-06 
 2.34920000e-06  2.34920000e-06  2.34920000e-06  1.16339995e-02  2.34920000e-06 -9.98969995e-06 
 2.35020000e-06  2.35020000e-06  2.35020000e-06  1.16339995e-02  2.35020000e-06 -9.98971495e-06 
 2.35120000e-06  2.35120000e-06  2.35120000e-06  1.16339995e-02  2.35120000e-06 -9.98969995e-06 
 2.35220000e-06  2.35220000e-06  2.35220000e-06  1.16339995e-02  2.35220000e-06 -9.98971495e-06 
 2.35320000e-06  2.35320000e-06  2.35320000e-06  1.16339995e-02  2.35320000e-06 -9.98969995e-06 
 2.35420000e-06  2.35420000e-06  2.35420000e-06  1.16339995e-02  2.35420000e-06 -9.98971495e-06 
 2.35520000e-06  2.35520000e-06  2.35520000e-06  1.16339995e-02  2.35520000e-06 -9.98969995e-06 
 2.35620000e-06  2.35620000e-06  2.35620000e-06  1.16339995e-02  2.35620000e-06 -9.98971495e-06 
 2.35720000e-06  2.35720000e-06  2.35720000e-06  1.16339995e-02  2.35720000e-06 -9.98969995e-06 
 2.35820000e-06  2.35820000e-06  2.35820000e-06  1.16339995e-02  2.35820000e-06 -9.98971495e-06 
 2.35920000e-06  2.35920000e-06  2.35920000e-06  1.16339995e-02  2.35920000e-06 -9.98969995e-06 
 2.36020000e-06  2.36020000e-06  2.36020000e-06  1.16339995e-02  2.36020000e-06 -9.98971495e-06 
 2.36120000e-06  2.36120000e-06  2.36120000e-06  1.16339995e-02  2.36120000e-06 -9.98969995e-06 
 2.36220000e-06  2.36220000e-06  2.36220000e-06  1.16339995e-02  2.36220000e-06 -9.98971495e-06 
 2.36320000e-06  2.36320000e-06  2.36320000e-06  1.16339995e-02  2.36320000e-06 -9.98969995e-06 
 2.36420000e-06  2.36420000e-06  2.36420000e-06  1.16339995e-02  2.36420000e-06 -9.98971495e-06 
 2.36520000e-06  2.36520000e-06  2.36520000e-06  1.16339995e-02  2.36520000e-06 -9.98969995e-06 
 2.36620000e-06  2.36620000e-06  2.36620000e-06  1.16339995e-02  2.36620000e-06 -9.98971495e-06 
 2.36720000e-06  2.36720000e-06  2.36720000e-06  1.16339995e-02  2.36720000e-06 -9.98969995e-06 
 2.36820000e-06  2.36820000e-06  2.36820000e-06  1.16339995e-02  2.36820000e-06 -9.98971495e-06 
 2.36920000e-06  2.36920000e-06  2.36920000e-06  1.16339995e-02  2.36920000e-06 -9.98969995e-06 
 2.37020000e-06  2.37020000e-06  2.37020000e-06  1.16339995e-02  2.37020000e-06 -9.98971495e-06 
 2.37120000e-06  2.37120000e-06  2.37120000e-06  1.16339995e-02  2.37120000e-06 -9.98969995e-06 
 2.37220000e-06  2.37220000e-06  2.37220000e-06  1.16339995e-02  2.37220000e-06 -9.98971495e-06 
 2.37320000e-06  2.37320000e-06  2.37320000e-06  1.16339995e-02  2.37320000e-06 -9.98969995e-06 
 2.37420000e-06  2.37420000e-06  2.37420000e-06  1.16339995e-02  2.37420000e-06 -9.98971495e-06 
 2.37520000e-06  2.37520000e-06  2.37520000e-06  1.16339995e-02  2.37520000e-06 -9.98969995e-06 
 2.37620000e-06  2.37620000e-06  2.37620000e-06  1.16339995e-02  2.37620000e-06 -9.98971495e-06 
 2.37720000e-06  2.37720000e-06  2.37720000e-06  1.16339995e-02  2.37720000e-06 -9.98969995e-06 
 2.37820000e-06  2.37820000e-06  2.37820000e-06  1.16339995e-02  2.37820000e-06 -9.98971495e-06 
 2.37920000e-06  2.37920000e-06  2.37920000e-06  1.16339995e-02  2.37920000e-06 -9.98969995e-06 
 2.38020000e-06  2.38020000e-06  2.38020000e-06  1.16339995e-02  2.38020000e-06 -9.98971495e-06 
 2.38120000e-06  2.38120000e-06  2.38120000e-06  1.16339995e-02  2.38120000e-06 -9.98969995e-06 
 2.38220000e-06  2.38220000e-06  2.38220000e-06  1.16339995e-02  2.38220000e-06 -9.98971495e-06 
 2.38320000e-06  2.38320000e-06  2.38320000e-06  1.16339995e-02  2.38320000e-06 -9.98969995e-06 
 2.38420000e-06  2.38420000e-06  2.38420000e-06  1.16339995e-02  2.38420000e-06 -9.98971495e-06 
 2.38520000e-06  2.38520000e-06  2.38520000e-06  1.16339995e-02  2.38520000e-06 -9.98969995e-06 
 2.38620000e-06  2.38620000e-06  2.38620000e-06  1.16339995e-02  2.38620000e-06 -9.98971495e-06 
 2.38720000e-06  2.38720000e-06  2.38720000e-06  1.16339995e-02  2.38720000e-06 -9.98969995e-06 
 2.38820000e-06  2.38820000e-06  2.38820000e-06  1.16339995e-02  2.38820000e-06 -9.98971495e-06 
 2.38920000e-06  2.38920000e-06  2.38920000e-06  1.16339995e-02  2.38920000e-06 -9.98969995e-06 
 2.39020000e-06  2.39020000e-06  2.39020000e-06  1.16339995e-02  2.39020000e-06 -9.98971495e-06 
 2.39120000e-06  2.39120000e-06  2.39120000e-06  1.16339995e-02  2.39120000e-06 -9.98969995e-06 
 2.39220000e-06  2.39220000e-06  2.39220000e-06  1.16339995e-02  2.39220000e-06 -9.98971495e-06 
 2.39320000e-06  2.39320000e-06  2.39320000e-06  1.16339995e-02  2.39320000e-06 -9.98969995e-06 
 2.39420000e-06  2.39420000e-06  2.39420000e-06  1.16339995e-02  2.39420000e-06 -9.98971495e-06 
 2.39520000e-06  2.39520000e-06  2.39520000e-06  1.16339995e-02  2.39520000e-06 -9.98969995e-06 
 2.39620000e-06  2.39620000e-06  2.39620000e-06  1.16339995e-02  2.39620000e-06 -9.98971495e-06 
 2.39720000e-06  2.39720000e-06  2.39720000e-06  1.16339995e-02  2.39720000e-06 -9.98969995e-06 
 2.39820000e-06  2.39820000e-06  2.39820000e-06  1.16339995e-02  2.39820000e-06 -9.98971495e-06 
 2.39920000e-06  2.39920000e-06  2.39920000e-06  1.16339995e-02  2.39920000e-06 -9.98969995e-06 
 2.40020000e-06  2.40020000e-06  2.40020000e-06  1.16339995e-02  2.40020000e-06 -9.98971495e-06 
 2.40120000e-06  2.40120000e-06  2.40120000e-06  1.16339995e-02  2.40120000e-06 -9.98969995e-06 
 2.40220000e-06  2.40220000e-06  2.40220000e-06  1.16339995e-02  2.40220000e-06 -9.98971495e-06 
 2.40320000e-06  2.40320000e-06  2.40320000e-06  1.16339995e-02  2.40320000e-06 -9.98969995e-06 
 2.40420000e-06  2.40420000e-06  2.40420000e-06  1.16339995e-02  2.40420000e-06 -9.98971495e-06 
 2.40520000e-06  2.40520000e-06  2.40520000e-06  1.16339995e-02  2.40520000e-06 -9.98969995e-06 
 2.40620000e-06  2.40620000e-06  2.40620000e-06  1.16339995e-02  2.40620000e-06 -9.98971495e-06 
 2.40720000e-06  2.40720000e-06  2.40720000e-06  1.16339995e-02  2.40720000e-06 -9.98969995e-06 
 2.40820000e-06  2.40820000e-06  2.40820000e-06  1.16339995e-02  2.40820000e-06 -9.98971495e-06 
 2.40920000e-06  2.40920000e-06  2.40920000e-06  1.16339995e-02  2.40920000e-06 -9.98969995e-06 
 2.41020000e-06  2.41020000e-06  2.41020000e-06  1.16339995e-02  2.41020000e-06 -9.98971495e-06 
 2.41120000e-06  2.41120000e-06  2.41120000e-06  1.16339995e-02  2.41120000e-06 -9.98969995e-06 
 2.41220000e-06  2.41220000e-06  2.41220000e-06  1.16339995e-02  2.41220000e-06 -9.98971495e-06 
 2.41320000e-06  2.41320000e-06  2.41320000e-06  1.16339995e-02  2.41320000e-06 -9.98969995e-06 
 2.41420000e-06  2.41420000e-06  2.41420000e-06  1.16339995e-02  2.41420000e-06 -9.98971495e-06 
 2.41520000e-06  2.41520000e-06  2.41520000e-06  1.16339995e-02  2.41520000e-06 -9.98969995e-06 
 2.41620000e-06  2.41620000e-06  2.41620000e-06  1.16339995e-02  2.41620000e-06 -9.98971495e-06 
 2.41720000e-06  2.41720000e-06  2.41720000e-06  1.16339995e-02  2.41720000e-06 -9.98969995e-06 
 2.41820000e-06  2.41820000e-06  2.41820000e-06  1.16339995e-02  2.41820000e-06 -9.98971495e-06 
 2.41920000e-06  2.41920000e-06  2.41920000e-06  1.16339995e-02  2.41920000e-06 -9.98969995e-06 
 2.42020000e-06  2.42020000e-06  2.42020000e-06  1.16339995e-02  2.42020000e-06 -9.98971495e-06 
 2.42120000e-06  2.42120000e-06  2.42120000e-06  1.16339995e-02  2.42120000e-06 -9.98969995e-06 
 2.42220000e-06  2.42220000e-06  2.42220000e-06  1.16339995e-02  2.42220000e-06 -9.98971495e-06 
 2.42320000e-06  2.42320000e-06  2.42320000e-06  1.16339995e-02  2.42320000e-06 -9.98969995e-06 
 2.42420000e-06  2.42420000e-06  2.42420000e-06  1.16339995e-02  2.42420000e-06 -9.98971495e-06 
 2.42520000e-06  2.42520000e-06  2.42520000e-06  1.16339995e-02  2.42520000e-06 -9.98969995e-06 
 2.42620000e-06  2.42620000e-06  2.42620000e-06  1.16339995e-02  2.42620000e-06 -9.98971495e-06 
 2.42720000e-06  2.42720000e-06  2.42720000e-06  1.16339995e-02  2.42720000e-06 -9.98969995e-06 
 2.42820000e-06  2.42820000e-06  2.42820000e-06  1.16339995e-02  2.42820000e-06 -9.98971495e-06 
 2.42920000e-06  2.42920000e-06  2.42920000e-06  1.16339995e-02  2.42920000e-06 -9.98969995e-06 
 2.43020000e-06  2.43020000e-06  2.43020000e-06  1.16339995e-02  2.43020000e-06 -9.98971495e-06 
 2.43120000e-06  2.43120000e-06  2.43120000e-06  1.16339995e-02  2.43120000e-06 -9.98969995e-06 
 2.43220000e-06  2.43220000e-06  2.43220000e-06  1.16339995e-02  2.43220000e-06 -9.98971495e-06 
 2.43320000e-06  2.43320000e-06  2.43320000e-06  1.16339995e-02  2.43320000e-06 -9.98969995e-06 
 2.43420000e-06  2.43420000e-06  2.43420000e-06  1.16339995e-02  2.43420000e-06 -9.98971495e-06 
 2.43520000e-06  2.43520000e-06  2.43520000e-06  1.16339995e-02  2.43520000e-06 -9.98969995e-06 
 2.43620000e-06  2.43620000e-06  2.43620000e-06  1.16339995e-02  2.43620000e-06 -9.98971495e-06 
 2.43720000e-06  2.43720000e-06  2.43720000e-06  1.16339995e-02  2.43720000e-06 -9.98969995e-06 
 2.43820000e-06  2.43820000e-06  2.43820000e-06  1.16339995e-02  2.43820000e-06 -9.98971495e-06 
 2.43920000e-06  2.43920000e-06  2.43920000e-06  1.16339995e-02  2.43920000e-06 -9.98969995e-06 
 2.44020000e-06  2.44020000e-06  2.44020000e-06  1.16339995e-02  2.44020000e-06 -9.98971495e-06 
 2.44120000e-06  2.44120000e-06  2.44120000e-06  1.16339995e-02  2.44120000e-06 -9.98969995e-06 
 2.44220000e-06  2.44220000e-06  2.44220000e-06  1.16339995e-02  2.44220000e-06 -9.98971495e-06 
 2.44320000e-06  2.44320000e-06  2.44320000e-06  1.16339995e-02  2.44320000e-06 -9.98969995e-06 
 2.44420000e-06  2.44420000e-06  2.44420000e-06  1.16339995e-02  2.44420000e-06 -9.98971495e-06 
 2.44520000e-06  2.44520000e-06  2.44520000e-06  1.16339995e-02  2.44520000e-06 -9.98969995e-06 
 2.44620000e-06  2.44620000e-06  2.44620000e-06  1.16339995e-02  2.44620000e-06 -9.98971495e-06 
 2.44720000e-06  2.44720000e-06  2.44720000e-06  1.16339995e-02  2.44720000e-06 -9.98969995e-06 
 2.44820000e-06  2.44820000e-06  2.44820000e-06  1.16339995e-02  2.44820000e-06 -9.98971495e-06 
 2.44920000e-06  2.44920000e-06  2.44920000e-06  1.16339995e-02  2.44920000e-06 -9.98969995e-06 
 2.45020000e-06  2.45020000e-06  2.45020000e-06  1.16339995e-02  2.45020000e-06 -9.98971495e-06 
 2.45120000e-06  2.45120000e-06  2.45120000e-06  1.16339995e-02  2.45120000e-06 -9.98969995e-06 
 2.45220000e-06  2.45220000e-06  2.45220000e-06  1.16339995e-02  2.45220000e-06 -9.98971495e-06 
 2.45320000e-06  2.45320000e-06  2.45320000e-06  1.16339995e-02  2.45320000e-06 -9.98969995e-06 
 2.45420000e-06  2.45420000e-06  2.45420000e-06  1.16339995e-02  2.45420000e-06 -9.98971495e-06 
 2.45520000e-06  2.45520000e-06  2.45520000e-06  1.16339995e-02  2.45520000e-06 -9.98969995e-06 
 2.45620000e-06  2.45620000e-06  2.45620000e-06  1.16339995e-02  2.45620000e-06 -9.98971495e-06 
 2.45720000e-06  2.45720000e-06  2.45720000e-06  1.16339995e-02  2.45720000e-06 -9.98969995e-06 
 2.45820000e-06  2.45820000e-06  2.45820000e-06  1.16339995e-02  2.45820000e-06 -9.98971495e-06 
 2.45920000e-06  2.45920000e-06  2.45920000e-06  1.16339995e-02  2.45920000e-06 -9.98969995e-06 
 2.46020000e-06  2.46020000e-06  2.46020000e-06  1.16339995e-02  2.46020000e-06 -9.98971495e-06 
 2.46120000e-06  2.46120000e-06  2.46120000e-06  1.16339995e-02  2.46120000e-06 -9.98969995e-06 
 2.46220000e-06  2.46220000e-06  2.46220000e-06  1.16339995e-02  2.46220000e-06 -9.98971495e-06 
 2.46320000e-06  2.46320000e-06  2.46320000e-06  1.16339995e-02  2.46320000e-06 -9.98969995e-06 
 2.46420000e-06  2.46420000e-06  2.46420000e-06  1.16339995e-02  2.46420000e-06 -9.98971495e-06 
 2.46520000e-06  2.46520000e-06  2.46520000e-06  1.16339995e-02  2.46520000e-06 -9.98969995e-06 
 2.46620000e-06  2.46620000e-06  2.46620000e-06  1.16339995e-02  2.46620000e-06 -9.98971495e-06 
 2.46720000e-06  2.46720000e-06  2.46720000e-06  1.16339995e-02  2.46720000e-06 -9.98969995e-06 
 2.46820000e-06  2.46820000e-06  2.46820000e-06  1.16339995e-02  2.46820000e-06 -9.98971495e-06 
 2.46920000e-06  2.46920000e-06  2.46920000e-06  1.16339995e-02  2.46920000e-06 -9.98969995e-06 
 2.47020000e-06  2.47020000e-06  2.47020000e-06  1.16339995e-02  2.47020000e-06 -9.98971495e-06 
 2.47120000e-06  2.47120000e-06  2.47120000e-06  1.16339995e-02  2.47120000e-06 -9.98969995e-06 
 2.47220000e-06  2.47220000e-06  2.47220000e-06  1.16339995e-02  2.47220000e-06 -9.98971495e-06 
 2.47320000e-06  2.47320000e-06  2.47320000e-06  1.16339995e-02  2.47320000e-06 -9.98969995e-06 
 2.47420000e-06  2.47420000e-06  2.47420000e-06  1.16339995e-02  2.47420000e-06 -9.98971495e-06 
 2.47520000e-06  2.47520000e-06  2.47520000e-06  1.16339995e-02  2.47520000e-06 -9.98969995e-06 
 2.47620000e-06  2.47620000e-06  2.47620000e-06  1.16339995e-02  2.47620000e-06 -9.98971495e-06 
 2.47720000e-06  2.47720000e-06  2.47720000e-06  1.16339995e-02  2.47720000e-06 -9.98969995e-06 
 2.47820000e-06  2.47820000e-06  2.47820000e-06  1.16339995e-02  2.47820000e-06 -9.98971495e-06 
 2.47920000e-06  2.47920000e-06  2.47920000e-06  1.16339995e-02  2.47920000e-06 -9.98969995e-06 
 2.48020000e-06  2.48020000e-06  2.48020000e-06  1.16339995e-02  2.48020000e-06 -9.98971495e-06 
 2.48120000e-06  2.48120000e-06  2.48120000e-06  1.16339995e-02  2.48120000e-06 -9.98969995e-06 
 2.48220000e-06  2.48220000e-06  2.48220000e-06  1.16339995e-02  2.48220000e-06 -9.98971495e-06 
 2.48320000e-06  2.48320000e-06  2.48320000e-06  1.16339995e-02  2.48320000e-06 -9.98969995e-06 
 2.48420000e-06  2.48420000e-06  2.48420000e-06  1.16339995e-02  2.48420000e-06 -9.98971495e-06 
 2.48520000e-06  2.48520000e-06  2.48520000e-06  1.16339995e-02  2.48520000e-06 -9.98969995e-06 
 2.48620000e-06  2.48620000e-06  2.48620000e-06  1.16339995e-02  2.48620000e-06 -9.98971495e-06 
 2.48720000e-06  2.48720000e-06  2.48720000e-06  1.16339995e-02  2.48720000e-06 -9.98969995e-06 
 2.48820000e-06  2.48820000e-06  2.48820000e-06  1.16339995e-02  2.48820000e-06 -9.98971495e-06 
 2.48920000e-06  2.48920000e-06  2.48920000e-06  1.16339995e-02  2.48920000e-06 -9.98969995e-06 
 2.49020000e-06  2.49020000e-06  2.49020000e-06  1.16339995e-02  2.49020000e-06 -9.98971495e-06 
 2.49120000e-06  2.49120000e-06  2.49120000e-06  1.16339995e-02  2.49120000e-06 -9.98969995e-06 
 2.49220000e-06  2.49220000e-06  2.49220000e-06  1.16339995e-02  2.49220000e-06 -9.98971495e-06 
 2.49320000e-06  2.49320000e-06  2.49320000e-06  1.16339995e-02  2.49320000e-06 -9.98969995e-06 
 2.49420000e-06  2.49420000e-06  2.49420000e-06  1.16339995e-02  2.49420000e-06 -9.98971495e-06 
 2.49520000e-06  2.49520000e-06  2.49520000e-06  1.16339995e-02  2.49520000e-06 -9.98969995e-06 
 2.49620000e-06  2.49620000e-06  2.49620000e-06  1.16339995e-02  2.49620000e-06 -9.98971495e-06 
 2.49720000e-06  2.49720000e-06  2.49720000e-06  1.16339995e-02  2.49720000e-06 -9.98969995e-06 
 2.49820000e-06  2.49820000e-06  2.49820000e-06  1.16339995e-02  2.49820000e-06 -9.98971495e-06 
 2.49920000e-06  2.49920000e-06  2.49920000e-06  1.16339995e-02  2.49920000e-06 -9.98969995e-06 
 2.50020000e-06  2.50020000e-06  2.50020000e-06  1.16339995e-02  2.50020000e-06 -9.98971495e-06 
 2.50120000e-06  2.50120000e-06  2.50120000e-06  1.16339995e-02  2.50120000e-06 -9.98969995e-06 
 2.50220000e-06  2.50220000e-06  2.50220000e-06  1.16339995e-02  2.50220000e-06 -9.98971495e-06 
 2.50320000e-06  2.50320000e-06  2.50320000e-06  1.16339995e-02  2.50320000e-06 -9.98969995e-06 
 2.50420000e-06  2.50420000e-06  2.50420000e-06  1.16339995e-02  2.50420000e-06 -9.98971495e-06 
 2.50520000e-06  2.50520000e-06  2.50520000e-06  1.16339995e-02  2.50520000e-06 -9.98969995e-06 
 2.50620000e-06  2.50620000e-06  2.50620000e-06  1.16339995e-02  2.50620000e-06 -9.98971495e-06 
 2.50720000e-06  2.50720000e-06  2.50720000e-06  1.16339995e-02  2.50720000e-06 -9.98969995e-06 
 2.50820000e-06  2.50820000e-06  2.50820000e-06  1.16339995e-02  2.50820000e-06 -9.98971495e-06 
 2.50920000e-06  2.50920000e-06  2.50920000e-06  1.16339995e-02  2.50920000e-06 -9.98969995e-06 
 2.51020000e-06  2.51020000e-06  2.51020000e-06  1.16339995e-02  2.51020000e-06 -9.98971495e-06 
 2.51120000e-06  2.51120000e-06  2.51120000e-06  1.16339995e-02  2.51120000e-06 -9.98969995e-06 
 2.51220000e-06  2.51220000e-06  2.51220000e-06  1.16339995e-02  2.51220000e-06 -9.98971495e-06 
 2.51320000e-06  2.51320000e-06  2.51320000e-06  1.16339995e-02  2.51320000e-06 -9.98969995e-06 
 2.51420000e-06  2.51420000e-06  2.51420000e-06  1.16339995e-02  2.51420000e-06 -9.98971495e-06 
 2.51520000e-06  2.51520000e-06  2.51520000e-06  1.16339995e-02  2.51520000e-06 -9.98969995e-06 
 2.51620000e-06  2.51620000e-06  2.51620000e-06  1.16339995e-02  2.51620000e-06 -9.98971495e-06 
 2.51720000e-06  2.51720000e-06  2.51720000e-06  1.16339995e-02  2.51720000e-06 -9.98969995e-06 
 2.51820000e-06  2.51820000e-06  2.51820000e-06  1.16339995e-02  2.51820000e-06 -9.98971495e-06 
 2.51920000e-06  2.51920000e-06  2.51920000e-06  1.16339995e-02  2.51920000e-06 -9.98969995e-06 
 2.52020000e-06  2.52020000e-06  2.52020000e-06  1.16339995e-02  2.52020000e-06 -9.98971495e-06 
 2.52120000e-06  2.52120000e-06  2.52120000e-06  1.16339995e-02  2.52120000e-06 -9.98969995e-06 
 2.52220000e-06  2.52220000e-06  2.52220000e-06  1.16339995e-02  2.52220000e-06 -9.98971495e-06 
 2.52320000e-06  2.52320000e-06  2.52320000e-06  1.16339995e-02  2.52320000e-06 -9.98969995e-06 
 2.52420000e-06  2.52420000e-06  2.52420000e-06  1.16339995e-02  2.52420000e-06 -9.98971495e-06 
 2.52520000e-06  2.52520000e-06  2.52520000e-06  1.16339995e-02  2.52520000e-06 -9.98969995e-06 
 2.52620000e-06  2.52620000e-06  2.52620000e-06  1.16339995e-02  2.52620000e-06 -9.98971495e-06 
 2.52720000e-06  2.52720000e-06  2.52720000e-06  1.16339995e-02  2.52720000e-06 -9.98969995e-06 
 2.52820000e-06  2.52820000e-06  2.52820000e-06  1.16339995e-02  2.52820000e-06 -9.98971495e-06 
 2.52920000e-06  2.52920000e-06  2.52920000e-06  1.16339995e-02  2.52920000e-06 -9.98969995e-06 
 2.53020000e-06  2.53020000e-06  2.53020000e-06  1.16339995e-02  2.53020000e-06 -9.98971495e-06 
 2.53120000e-06  2.53120000e-06  2.53120000e-06  1.16339995e-02  2.53120000e-06 -9.98969995e-06 
 2.53220000e-06  2.53220000e-06  2.53220000e-06  1.16339995e-02  2.53220000e-06 -9.98971495e-06 
 2.53320000e-06  2.53320000e-06  2.53320000e-06  1.16339995e-02  2.53320000e-06 -9.98969995e-06 
 2.53420000e-06  2.53420000e-06  2.53420000e-06  1.16339995e-02  2.53420000e-06 -9.98971495e-06 
 2.53520000e-06  2.53520000e-06  2.53520000e-06  1.16339995e-02  2.53520000e-06 -9.98969995e-06 
 2.53620000e-06  2.53620000e-06  2.53620000e-06  1.16339995e-02  2.53620000e-06 -9.98971495e-06 
 2.53720000e-06  2.53720000e-06  2.53720000e-06  1.16339995e-02  2.53720000e-06 -9.98969995e-06 
 2.53820000e-06  2.53820000e-06  2.53820000e-06  1.16339995e-02  2.53820000e-06 -9.98971495e-06 
 2.53920000e-06  2.53920000e-06  2.53920000e-06  1.16339995e-02  2.53920000e-06 -9.98969995e-06 
 2.54020000e-06  2.54020000e-06  2.54020000e-06  1.16339995e-02  2.54020000e-06 -9.98971495e-06 
 2.54120000e-06  2.54120000e-06  2.54120000e-06  1.16339995e-02  2.54120000e-06 -9.98969995e-06 
 2.54220000e-06  2.54220000e-06  2.54220000e-06  1.16339995e-02  2.54220000e-06 -9.98971495e-06 
 2.54320000e-06  2.54320000e-06  2.54320000e-06  1.16339995e-02  2.54320000e-06 -9.98969995e-06 
 2.54420000e-06  2.54420000e-06  2.54420000e-06  1.16339995e-02  2.54420000e-06 -9.98971495e-06 
 2.54520000e-06  2.54520000e-06  2.54520000e-06  1.16339995e-02  2.54520000e-06 -9.98969995e-06 
 2.54620000e-06  2.54620000e-06  2.54620000e-06  1.16339995e-02  2.54620000e-06 -9.98971495e-06 
 2.54720000e-06  2.54720000e-06  2.54720000e-06  1.16339995e-02  2.54720000e-06 -9.98969995e-06 
 2.54820000e-06  2.54820000e-06  2.54820000e-06  1.16339995e-02  2.54820000e-06 -9.98971495e-06 
 2.54920000e-06  2.54920000e-06  2.54920000e-06  1.16339995e-02  2.54920000e-06 -9.98969995e-06 
 2.55020000e-06  2.55020000e-06  2.55020000e-06  1.16339995e-02  2.55020000e-06 -9.98971495e-06 
 2.55120000e-06  2.55120000e-06  2.55120000e-06  1.16339995e-02  2.55120000e-06 -9.98969995e-06 
 2.55220000e-06  2.55220000e-06  2.55220000e-06  1.16339995e-02  2.55220000e-06 -9.98971495e-06 
 2.55320000e-06  2.55320000e-06  2.55320000e-06  1.16339995e-02  2.55320000e-06 -9.98969995e-06 
 2.55420000e-06  2.55420000e-06  2.55420000e-06  1.16339995e-02  2.55420000e-06 -9.98971495e-06 
 2.55520000e-06  2.55520000e-06  2.55520000e-06  1.16339995e-02  2.55520000e-06 -9.98969995e-06 
 2.55620000e-06  2.55620000e-06  2.55620000e-06  1.16339995e-02  2.55620000e-06 -9.98971495e-06 
 2.55720000e-06  2.55720000e-06  2.55720000e-06  1.16339995e-02  2.55720000e-06 -9.98969995e-06 
 2.55820000e-06  2.55820000e-06  2.55820000e-06  1.16339995e-02  2.55820000e-06 -9.98971495e-06 
 2.55920000e-06  2.55920000e-06  2.55920000e-06  1.16339995e-02  2.55920000e-06 -9.98969995e-06 
 2.56020000e-06  2.56020000e-06  2.56020000e-06  1.16339995e-02  2.56020000e-06 -9.98971495e-06 
 2.56120000e-06  2.56120000e-06  2.56120000e-06  1.16339995e-02  2.56120000e-06 -9.98969995e-06 
 2.56220000e-06  2.56220000e-06  2.56220000e-06  1.16339995e-02  2.56220000e-06 -9.98971495e-06 
 2.56320000e-06  2.56320000e-06  2.56320000e-06  1.16339995e-02  2.56320000e-06 -9.98969995e-06 
 2.56420000e-06  2.56420000e-06  2.56420000e-06  1.16339995e-02  2.56420000e-06 -9.98971495e-06 
 2.56520000e-06  2.56520000e-06  2.56520000e-06  1.16339995e-02  2.56520000e-06 -9.98969995e-06 
 2.56620000e-06  2.56620000e-06  2.56620000e-06  1.16339995e-02  2.56620000e-06 -9.98971495e-06 
 2.56720000e-06  2.56720000e-06  2.56720000e-06  1.16339995e-02  2.56720000e-06 -9.98969995e-06 
 2.56820000e-06  2.56820000e-06  2.56820000e-06  1.16339995e-02  2.56820000e-06 -9.98971495e-06 
 2.56920000e-06  2.56920000e-06  2.56920000e-06  1.16339995e-02  2.56920000e-06 -9.98969995e-06 
 2.57020000e-06  2.57020000e-06  2.57020000e-06  1.16339995e-02  2.57020000e-06 -9.98971495e-06 
 2.57120000e-06  2.57120000e-06  2.57120000e-06  1.16339995e-02  2.57120000e-06 -9.98969995e-06 
 2.57220000e-06  2.57220000e-06  2.57220000e-06  1.16339995e-02  2.57220000e-06 -9.98971495e-06 
 2.57320000e-06  2.57320000e-06  2.57320000e-06  1.16339995e-02  2.57320000e-06 -9.98969995e-06 
 2.57420000e-06  2.57420000e-06  2.57420000e-06  1.16339995e-02  2.57420000e-06 -9.98971495e-06 
 2.57520000e-06  2.57520000e-06  2.57520000e-06  1.16339995e-02  2.57520000e-06 -9.98969995e-06 
 2.57620000e-06  2.57620000e-06  2.57620000e-06  1.16339995e-02  2.57620000e-06 -9.98971495e-06 
 2.57720000e-06  2.57720000e-06  2.57720000e-06  1.16339995e-02  2.57720000e-06 -9.98969995e-06 
 2.57820000e-06  2.57820000e-06  2.57820000e-06  1.16339995e-02  2.57820000e-06 -9.98971495e-06 
 2.57920000e-06  2.57920000e-06  2.57920000e-06  1.16339995e-02  2.57920000e-06 -9.98969995e-06 
 2.58020000e-06  2.58020000e-06  2.58020000e-06  1.16339995e-02  2.58020000e-06 -9.98971495e-06 
 2.58120000e-06  2.58120000e-06  2.58120000e-06  1.16339995e-02  2.58120000e-06 -9.98969995e-06 
 2.58220000e-06  2.58220000e-06  2.58220000e-06  1.16339995e-02  2.58220000e-06 -9.98971495e-06 
 2.58320000e-06  2.58320000e-06  2.58320000e-06  1.16339995e-02  2.58320000e-06 -9.98969995e-06 
 2.58420000e-06  2.58420000e-06  2.58420000e-06  1.16339995e-02  2.58420000e-06 -9.98971495e-06 
 2.58520000e-06  2.58520000e-06  2.58520000e-06  1.16339995e-02  2.58520000e-06 -9.98969995e-06 
 2.58620000e-06  2.58620000e-06  2.58620000e-06  1.16339995e-02  2.58620000e-06 -9.98971495e-06 
 2.58720000e-06  2.58720000e-06  2.58720000e-06  1.16339995e-02  2.58720000e-06 -9.98969995e-06 
 2.58820000e-06  2.58820000e-06  2.58820000e-06  1.16339995e-02  2.58820000e-06 -9.98971495e-06 
 2.58920000e-06  2.58920000e-06  2.58920000e-06  1.16339995e-02  2.58920000e-06 -9.98969995e-06 
 2.59020000e-06  2.59020000e-06  2.59020000e-06  1.16339995e-02  2.59020000e-06 -9.98971495e-06 
 2.59120000e-06  2.59120000e-06  2.59120000e-06  1.16339995e-02  2.59120000e-06 -9.98969995e-06 
 2.59220000e-06  2.59220000e-06  2.59220000e-06  1.16339995e-02  2.59220000e-06 -9.98971495e-06 
 2.59320000e-06  2.59320000e-06  2.59320000e-06  1.16339995e-02  2.59320000e-06 -9.98969995e-06 
 2.59420000e-06  2.59420000e-06  2.59420000e-06  1.16339995e-02  2.59420000e-06 -9.98971495e-06 
 2.59520000e-06  2.59520000e-06  2.59520000e-06  1.16339995e-02  2.59520000e-06 -9.98969995e-06 
 2.59620000e-06  2.59620000e-06  2.59620000e-06  1.16339995e-02  2.59620000e-06 -9.98971495e-06 
 2.59720000e-06  2.59720000e-06  2.59720000e-06  1.16339995e-02  2.59720000e-06 -9.98969995e-06 
 2.59820000e-06  2.59820000e-06  2.59820000e-06  1.16339995e-02  2.59820000e-06 -9.98971495e-06 
 2.59920000e-06  2.59920000e-06  2.59920000e-06  1.16339995e-02  2.59920000e-06 -9.98969995e-06 
 2.60020000e-06  2.60020000e-06  2.60020000e-06  1.16339995e-02  2.60020000e-06 -9.98971495e-06 
 2.60120000e-06  2.60120000e-06  2.60120000e-06  1.16339995e-02  2.60120000e-06 -9.98969995e-06 
 2.60220000e-06  2.60220000e-06  2.60220000e-06  1.16339995e-02  2.60220000e-06 -9.98971495e-06 
 2.60320000e-06  2.60320000e-06  2.60320000e-06  1.16339995e-02  2.60320000e-06 -9.98969995e-06 
 2.60420000e-06  2.60420000e-06  2.60420000e-06  1.16339995e-02  2.60420000e-06 -9.98971495e-06 
 2.60520000e-06  2.60520000e-06  2.60520000e-06  1.16339995e-02  2.60520000e-06 -9.98969995e-06 
 2.60620000e-06  2.60620000e-06  2.60620000e-06  1.16339995e-02  2.60620000e-06 -9.98971495e-06 
 2.60720000e-06  2.60720000e-06  2.60720000e-06  1.16339995e-02  2.60720000e-06 -9.98969995e-06 
 2.60820000e-06  2.60820000e-06  2.60820000e-06  1.16339995e-02  2.60820000e-06 -9.98971495e-06 
 2.60920000e-06  2.60920000e-06  2.60920000e-06  1.16339995e-02  2.60920000e-06 -9.98969995e-06 
 2.61020000e-06  2.61020000e-06  2.61020000e-06  1.16339995e-02  2.61020000e-06 -9.98971495e-06 
 2.61120000e-06  2.61120000e-06  2.61120000e-06  1.16339995e-02  2.61120000e-06 -9.98969995e-06 
 2.61220000e-06  2.61220000e-06  2.61220000e-06  1.16339995e-02  2.61220000e-06 -9.98971495e-06 
 2.61320000e-06  2.61320000e-06  2.61320000e-06  1.16339995e-02  2.61320000e-06 -9.98969995e-06 
 2.61420000e-06  2.61420000e-06  2.61420000e-06  1.16339995e-02  2.61420000e-06 -9.98971495e-06 
 2.61520000e-06  2.61520000e-06  2.61520000e-06  1.16339995e-02  2.61520000e-06 -9.98969995e-06 
 2.61620000e-06  2.61620000e-06  2.61620000e-06  1.16339995e-02  2.61620000e-06 -9.98971495e-06 
 2.61720000e-06  2.61720000e-06  2.61720000e-06  1.16339995e-02  2.61720000e-06 -9.98969995e-06 
 2.61820000e-06  2.61820000e-06  2.61820000e-06  1.16339995e-02  2.61820000e-06 -9.98971495e-06 
 2.61920000e-06  2.61920000e-06  2.61920000e-06  1.16339995e-02  2.61920000e-06 -9.98969995e-06 
 2.62020000e-06  2.62020000e-06  2.62020000e-06  1.16339995e-02  2.62020000e-06 -9.98971495e-06 
 2.62120000e-06  2.62120000e-06  2.62120000e-06  1.16339995e-02  2.62120000e-06 -9.98969995e-06 
 2.62220000e-06  2.62220000e-06  2.62220000e-06  1.16339995e-02  2.62220000e-06 -9.98971495e-06 
 2.62320000e-06  2.62320000e-06  2.62320000e-06  1.16339995e-02  2.62320000e-06 -9.98969995e-06 
 2.62420000e-06  2.62420000e-06  2.62420000e-06  1.16339995e-02  2.62420000e-06 -9.98971495e-06 
 2.62520000e-06  2.62520000e-06  2.62520000e-06  1.16339995e-02  2.62520000e-06 -9.98969995e-06 
 2.62620000e-06  2.62620000e-06  2.62620000e-06  1.16339995e-02  2.62620000e-06 -9.98971495e-06 
 2.62720000e-06  2.62720000e-06  2.62720000e-06  1.16339995e-02  2.62720000e-06 -9.98969995e-06 
 2.62820000e-06  2.62820000e-06  2.62820000e-06  1.16339995e-02  2.62820000e-06 -9.98971495e-06 
 2.62920000e-06  2.62920000e-06  2.62920000e-06  1.16339995e-02  2.62920000e-06 -9.98969995e-06 
 2.63020000e-06  2.63020000e-06  2.63020000e-06  1.16339995e-02  2.63020000e-06 -9.98971495e-06 
 2.63120000e-06  2.63120000e-06  2.63120000e-06  1.16339995e-02  2.63120000e-06 -9.98969995e-06 
 2.63220000e-06  2.63220000e-06  2.63220000e-06  1.16339995e-02  2.63220000e-06 -9.98971495e-06 
 2.63320000e-06  2.63320000e-06  2.63320000e-06  1.16339995e-02  2.63320000e-06 -9.98969995e-06 
 2.63420000e-06  2.63420000e-06  2.63420000e-06  1.16339995e-02  2.63420000e-06 -9.98971495e-06 
 2.63520000e-06  2.63520000e-06  2.63520000e-06  1.16339995e-02  2.63520000e-06 -9.98969995e-06 
 2.63620000e-06  2.63620000e-06  2.63620000e-06  1.16339995e-02  2.63620000e-06 -9.98971495e-06 
 2.63720000e-06  2.63720000e-06  2.63720000e-06  1.16339995e-02  2.63720000e-06 -9.98969995e-06 
 2.63820000e-06  2.63820000e-06  2.63820000e-06  1.16339995e-02  2.63820000e-06 -9.98971495e-06 
 2.63920000e-06  2.63920000e-06  2.63920000e-06  1.16339995e-02  2.63920000e-06 -9.98969995e-06 
 2.64020000e-06  2.64020000e-06  2.64020000e-06  1.16339995e-02  2.64020000e-06 -9.98971495e-06 
 2.64120000e-06  2.64120000e-06  2.64120000e-06  1.16339995e-02  2.64120000e-06 -9.98969995e-06 
 2.64220000e-06  2.64220000e-06  2.64220000e-06  1.16339995e-02  2.64220000e-06 -9.98971495e-06 
 2.64320000e-06  2.64320000e-06  2.64320000e-06  1.16339995e-02  2.64320000e-06 -9.98969995e-06 
 2.64420000e-06  2.64420000e-06  2.64420000e-06  1.16339995e-02  2.64420000e-06 -9.98971495e-06 
 2.64520000e-06  2.64520000e-06  2.64520000e-06  1.16339995e-02  2.64520000e-06 -9.98969995e-06 
 2.64620000e-06  2.64620000e-06  2.64620000e-06  1.16339995e-02  2.64620000e-06 -9.98971495e-06 
 2.64720000e-06  2.64720000e-06  2.64720000e-06  1.16339995e-02  2.64720000e-06 -9.98969995e-06 
 2.64820000e-06  2.64820000e-06  2.64820000e-06  1.16339995e-02  2.64820000e-06 -9.98971495e-06 
 2.64920000e-06  2.64920000e-06  2.64920000e-06  1.16339995e-02  2.64920000e-06 -9.98969995e-06 
 2.65020000e-06  2.65020000e-06  2.65020000e-06  1.16339995e-02  2.65020000e-06 -9.98971495e-06 
 2.65120000e-06  2.65120000e-06  2.65120000e-06  1.16339995e-02  2.65120000e-06 -9.98969995e-06 
 2.65220000e-06  2.65220000e-06  2.65220000e-06  1.16339995e-02  2.65220000e-06 -9.98971495e-06 
 2.65320000e-06  2.65320000e-06  2.65320000e-06  1.16339995e-02  2.65320000e-06 -9.98969995e-06 
 2.65420000e-06  2.65420000e-06  2.65420000e-06  1.16339995e-02  2.65420000e-06 -9.98971495e-06 
 2.65520000e-06  2.65520000e-06  2.65520000e-06  1.16339995e-02  2.65520000e-06 -9.98969995e-06 
 2.65620000e-06  2.65620000e-06  2.65620000e-06  1.16339995e-02  2.65620000e-06 -9.98971495e-06 
 2.65720000e-06  2.65720000e-06  2.65720000e-06  1.16339995e-02  2.65720000e-06 -9.98969995e-06 
 2.65820000e-06  2.65820000e-06  2.65820000e-06  1.16339995e-02  2.65820000e-06 -9.98971495e-06 
 2.65920000e-06  2.65920000e-06  2.65920000e-06  1.16339995e-02  2.65920000e-06 -9.98969995e-06 
 2.66020000e-06  2.66020000e-06  2.66020000e-06  1.16339995e-02  2.66020000e-06 -9.98971495e-06 
 2.66120000e-06  2.66120000e-06  2.66120000e-06  1.16339995e-02  2.66120000e-06 -9.98969995e-06 
 2.66220000e-06  2.66220000e-06  2.66220000e-06  1.16339995e-02  2.66220000e-06 -9.98971495e-06 
 2.66320000e-06  2.66320000e-06  2.66320000e-06  1.16339995e-02  2.66320000e-06 -9.98969995e-06 
 2.66420000e-06  2.66420000e-06  2.66420000e-06  1.16339995e-02  2.66420000e-06 -9.98971495e-06 
 2.66520000e-06  2.66520000e-06  2.66520000e-06  1.16339995e-02  2.66520000e-06 -9.98969995e-06 
 2.66620000e-06  2.66620000e-06  2.66620000e-06  1.16339995e-02  2.66620000e-06 -9.98971495e-06 
 2.66720000e-06  2.66720000e-06  2.66720000e-06  1.16339995e-02  2.66720000e-06 -9.98969995e-06 
 2.66820000e-06  2.66820000e-06  2.66820000e-06  1.16339995e-02  2.66820000e-06 -9.98971495e-06 
 2.66920000e-06  2.66920000e-06  2.66920000e-06  1.16339995e-02  2.66920000e-06 -9.98969995e-06 
 2.67020000e-06  2.67020000e-06  2.67020000e-06  1.16339995e-02  2.67020000e-06 -9.98971495e-06 
 2.67120000e-06  2.67120000e-06  2.67120000e-06  1.16339995e-02  2.67120000e-06 -9.98969995e-06 
 2.67220000e-06  2.67220000e-06  2.67220000e-06  1.16339995e-02  2.67220000e-06 -9.98971495e-06 
 2.67320000e-06  2.67320000e-06  2.67320000e-06  1.16339995e-02  2.67320000e-06 -9.98969995e-06 
 2.67420000e-06  2.67420000e-06  2.67420000e-06  1.16339995e-02  2.67420000e-06 -9.98971495e-06 
 2.67520000e-06  2.67520000e-06  2.67520000e-06  1.16339995e-02  2.67520000e-06 -9.98969995e-06 
 2.67620000e-06  2.67620000e-06  2.67620000e-06  1.16339995e-02  2.67620000e-06 -9.98971495e-06 
 2.67720000e-06  2.67720000e-06  2.67720000e-06  1.16339995e-02  2.67720000e-06 -9.98969995e-06 
 2.67820000e-06  2.67820000e-06  2.67820000e-06  1.16339995e-02  2.67820000e-06 -9.98971495e-06 
 2.67920000e-06  2.67920000e-06  2.67920000e-06  1.16339995e-02  2.67920000e-06 -9.98969995e-06 
 2.68020000e-06  2.68020000e-06  2.68020000e-06  1.16339995e-02  2.68020000e-06 -9.98971495e-06 
 2.68120000e-06  2.68120000e-06  2.68120000e-06  1.16339995e-02  2.68120000e-06 -9.98969995e-06 
 2.68220000e-06  2.68220000e-06  2.68220000e-06  1.16339995e-02  2.68220000e-06 -9.98971495e-06 
 2.68320000e-06  2.68320000e-06  2.68320000e-06  1.16339995e-02  2.68320000e-06 -9.98969995e-06 
 2.68420000e-06  2.68420000e-06  2.68420000e-06  1.16339995e-02  2.68420000e-06 -9.98971495e-06 
 2.68520000e-06  2.68520000e-06  2.68520000e-06  1.16339995e-02  2.68520000e-06 -9.98969995e-06 
 2.68620000e-06  2.68620000e-06  2.68620000e-06  1.16339995e-02  2.68620000e-06 -9.98971495e-06 
 2.68720000e-06  2.68720000e-06  2.68720000e-06  1.16339995e-02  2.68720000e-06 -9.98969995e-06 
 2.68820000e-06  2.68820000e-06  2.68820000e-06  1.16339995e-02  2.68820000e-06 -9.98971495e-06 
 2.68920000e-06  2.68920000e-06  2.68920000e-06  1.16339995e-02  2.68920000e-06 -9.98969995e-06 
 2.69020000e-06  2.69020000e-06  2.69020000e-06  1.16339995e-02  2.69020000e-06 -9.98971495e-06 
 2.69120000e-06  2.69120000e-06  2.69120000e-06  1.16339995e-02  2.69120000e-06 -9.98969995e-06 
 2.69220000e-06  2.69220000e-06  2.69220000e-06  1.16339995e-02  2.69220000e-06 -9.98971495e-06 
 2.69320000e-06  2.69320000e-06  2.69320000e-06  1.16339995e-02  2.69320000e-06 -9.98969995e-06 
 2.69420000e-06  2.69420000e-06  2.69420000e-06  1.16339995e-02  2.69420000e-06 -9.98971495e-06 
 2.69520000e-06  2.69520000e-06  2.69520000e-06  1.16339995e-02  2.69520000e-06 -9.98969995e-06 
 2.69620000e-06  2.69620000e-06  2.69620000e-06  1.16339995e-02  2.69620000e-06 -9.98971495e-06 
 2.69720000e-06  2.69720000e-06  2.69720000e-06  1.16339995e-02  2.69720000e-06 -9.98969995e-06 
 2.69820000e-06  2.69820000e-06  2.69820000e-06  1.16339995e-02  2.69820000e-06 -9.98971495e-06 
 2.69920000e-06  2.69920000e-06  2.69920000e-06  1.16339995e-02  2.69920000e-06 -9.98969995e-06 
 2.70020000e-06  2.70020000e-06  2.70020000e-06  1.16339995e-02  2.70020000e-06 -9.98971495e-06 
 2.70120000e-06  2.70120000e-06  2.70120000e-06  1.16339995e-02  2.70120000e-06 -9.98969995e-06 
 2.70220000e-06  2.70220000e-06  2.70220000e-06  1.16339995e-02  2.70220000e-06 -9.98971495e-06 
 2.70320000e-06  2.70320000e-06  2.70320000e-06  1.16339995e-02  2.70320000e-06 -9.98969995e-06 
 2.70420000e-06  2.70420000e-06  2.70420000e-06  1.16339995e-02  2.70420000e-06 -9.98971495e-06 
 2.70520000e-06  2.70520000e-06  2.70520000e-06  1.16339995e-02  2.70520000e-06 -9.98969995e-06 
 2.70620000e-06  2.70620000e-06  2.70620000e-06  1.16339995e-02  2.70620000e-06 -9.98971495e-06 
 2.70720000e-06  2.70720000e-06  2.70720000e-06  1.16339995e-02  2.70720000e-06 -9.98969995e-06 
 2.70820000e-06  2.70820000e-06  2.70820000e-06  1.16339995e-02  2.70820000e-06 -9.98971495e-06 
 2.70920000e-06  2.70920000e-06  2.70920000e-06  1.16339995e-02  2.70920000e-06 -9.98969995e-06 
 2.71020000e-06  2.71020000e-06  2.71020000e-06  1.16339995e-02  2.71020000e-06 -9.98971495e-06 
 2.71120000e-06  2.71120000e-06  2.71120000e-06  1.16339995e-02  2.71120000e-06 -9.98969995e-06 
 2.71220000e-06  2.71220000e-06  2.71220000e-06  1.16339995e-02  2.71220000e-06 -9.98971495e-06 
 2.71320000e-06  2.71320000e-06  2.71320000e-06  1.16339995e-02  2.71320000e-06 -9.98969995e-06 
 2.71420000e-06  2.71420000e-06  2.71420000e-06  1.16339995e-02  2.71420000e-06 -9.98971495e-06 
 2.71520000e-06  2.71520000e-06  2.71520000e-06  1.16339995e-02  2.71520000e-06 -9.98969995e-06 
 2.71620000e-06  2.71620000e-06  2.71620000e-06  1.16339995e-02  2.71620000e-06 -9.98971495e-06 
 2.71720000e-06  2.71720000e-06  2.71720000e-06  1.16339995e-02  2.71720000e-06 -9.98969995e-06 
 2.71820000e-06  2.71820000e-06  2.71820000e-06  1.16339995e-02  2.71820000e-06 -9.98971495e-06 
 2.71920000e-06  2.71920000e-06  2.71920000e-06  1.16339995e-02  2.71920000e-06 -9.98969995e-06 
 2.72020000e-06  2.72020000e-06  2.72020000e-06  1.16339995e-02  2.72020000e-06 -9.98971495e-06 
 2.72120000e-06  2.72120000e-06  2.72120000e-06  1.16339995e-02  2.72120000e-06 -9.98969995e-06 
 2.72220000e-06  2.72220000e-06  2.72220000e-06  1.16339995e-02  2.72220000e-06 -9.98971495e-06 
 2.72320000e-06  2.72320000e-06  2.72320000e-06  1.16339995e-02  2.72320000e-06 -9.98969995e-06 
 2.72420000e-06  2.72420000e-06  2.72420000e-06  1.16339995e-02  2.72420000e-06 -9.98971495e-06 
 2.72520000e-06  2.72520000e-06  2.72520000e-06  1.16339995e-02  2.72520000e-06 -9.98969995e-06 
 2.72620000e-06  2.72620000e-06  2.72620000e-06  1.16339995e-02  2.72620000e-06 -9.98971495e-06 
 2.72720000e-06  2.72720000e-06  2.72720000e-06  1.16339995e-02  2.72720000e-06 -9.98969995e-06 
 2.72820000e-06  2.72820000e-06  2.72820000e-06  1.16339995e-02  2.72820000e-06 -9.98971495e-06 
 2.72920000e-06  2.72920000e-06  2.72920000e-06  1.16339995e-02  2.72920000e-06 -9.98969995e-06 
 2.73020000e-06  2.73020000e-06  2.73020000e-06  1.16339995e-02  2.73020000e-06 -9.98971495e-06 
 2.73120000e-06  2.73120000e-06  2.73120000e-06  1.16339995e-02  2.73120000e-06 -9.98969995e-06 
 2.73220000e-06  2.73220000e-06  2.73220000e-06  1.16339995e-02  2.73220000e-06 -9.98971495e-06 
 2.73320000e-06  2.73320000e-06  2.73320000e-06  1.16339995e-02  2.73320000e-06 -9.98969995e-06 
 2.73420000e-06  2.73420000e-06  2.73420000e-06  1.16339995e-02  2.73420000e-06 -9.98971495e-06 
 2.73520000e-06  2.73520000e-06  2.73520000e-06  1.16339995e-02  2.73520000e-06 -9.98969995e-06 
 2.73620000e-06  2.73620000e-06  2.73620000e-06  1.16339995e-02  2.73620000e-06 -9.98971495e-06 
 2.73720000e-06  2.73720000e-06  2.73720000e-06  1.16339995e-02  2.73720000e-06 -9.98969995e-06 
 2.73820000e-06  2.73820000e-06  2.73820000e-06  1.16339995e-02  2.73820000e-06 -9.98971495e-06 
 2.73920000e-06  2.73920000e-06  2.73920000e-06  1.16339995e-02  2.73920000e-06 -9.98969995e-06 
 2.74020000e-06  2.74020000e-06  2.74020000e-06  1.16339995e-02  2.74020000e-06 -9.98971495e-06 
 2.74120000e-06  2.74120000e-06  2.74120000e-06  1.16339995e-02  2.74120000e-06 -9.98969995e-06 
 2.74220000e-06  2.74220000e-06  2.74220000e-06  1.16339995e-02  2.74220000e-06 -9.98971495e-06 
 2.74320000e-06  2.74320000e-06  2.74320000e-06  1.16339995e-02  2.74320000e-06 -9.98969995e-06 
 2.74420000e-06  2.74420000e-06  2.74420000e-06  1.16339995e-02  2.74420000e-06 -9.98971495e-06 
 2.74520000e-06  2.74520000e-06  2.74520000e-06  1.16339995e-02  2.74520000e-06 -9.98969995e-06 
 2.74620000e-06  2.74620000e-06  2.74620000e-06  1.16339995e-02  2.74620000e-06 -9.98971495e-06 
 2.74720000e-06  2.74720000e-06  2.74720000e-06  1.16339995e-02  2.74720000e-06 -9.98969995e-06 
 2.74820000e-06  2.74820000e-06  2.74820000e-06  1.16339995e-02  2.74820000e-06 -9.98971495e-06 
 2.74920000e-06  2.74920000e-06  2.74920000e-06  1.16339995e-02  2.74920000e-06 -9.98969995e-06 
 2.75020000e-06  2.75020000e-06  2.75020000e-06  1.16339995e-02  2.75020000e-06 -9.98971495e-06 
 2.75120000e-06  2.75120000e-06  2.75120000e-06  1.16339995e-02  2.75120000e-06 -9.98969995e-06 
 2.75220000e-06  2.75220000e-06  2.75220000e-06  1.16339995e-02  2.75220000e-06 -9.98971495e-06 
 2.75320000e-06  2.75320000e-06  2.75320000e-06  1.16339995e-02  2.75320000e-06 -9.98969995e-06 
 2.75420000e-06  2.75420000e-06  2.75420000e-06  1.16339995e-02  2.75420000e-06 -9.98971495e-06 
 2.75520000e-06  2.75520000e-06  2.75520000e-06  1.16339995e-02  2.75520000e-06 -9.98969995e-06 
 2.75620000e-06  2.75620000e-06  2.75620000e-06  1.16339995e-02  2.75620000e-06 -9.98971495e-06 
 2.75720000e-06  2.75720000e-06  2.75720000e-06  1.16339995e-02  2.75720000e-06 -9.98969995e-06 
 2.75820000e-06  2.75820000e-06  2.75820000e-06  1.16339995e-02  2.75820000e-06 -9.98971495e-06 
 2.75920000e-06  2.75920000e-06  2.75920000e-06  1.16339995e-02  2.75920000e-06 -9.98969995e-06 
 2.76020000e-06  2.76020000e-06  2.76020000e-06  1.16339995e-02  2.76020000e-06 -9.98971495e-06 
 2.76120000e-06  2.76120000e-06  2.76120000e-06  1.16339995e-02  2.76120000e-06 -9.98969995e-06 
 2.76220000e-06  2.76220000e-06  2.76220000e-06  1.16339995e-02  2.76220000e-06 -9.98971495e-06 
 2.76320000e-06  2.76320000e-06  2.76320000e-06  1.16339995e-02  2.76320000e-06 -9.98969995e-06 
 2.76420000e-06  2.76420000e-06  2.76420000e-06  1.16339995e-02  2.76420000e-06 -9.98971495e-06 
 2.76520000e-06  2.76520000e-06  2.76520000e-06  1.16339995e-02  2.76520000e-06 -9.98969995e-06 
 2.76620000e-06  2.76620000e-06  2.76620000e-06  1.16339995e-02  2.76620000e-06 -9.98971495e-06 
 2.76720000e-06  2.76720000e-06  2.76720000e-06  1.16339995e-02  2.76720000e-06 -9.98969995e-06 
 2.76820000e-06  2.76820000e-06  2.76820000e-06  1.16339995e-02  2.76820000e-06 -9.98971495e-06 
 2.76920000e-06  2.76920000e-06  2.76920000e-06  1.16339995e-02  2.76920000e-06 -9.98969995e-06 
 2.77020000e-06  2.77020000e-06  2.77020000e-06  1.16339995e-02  2.77020000e-06 -9.98971495e-06 
 2.77120000e-06  2.77120000e-06  2.77120000e-06  1.16339995e-02  2.77120000e-06 -9.98969995e-06 
 2.77220000e-06  2.77220000e-06  2.77220000e-06  1.16339995e-02  2.77220000e-06 -9.98971495e-06 
 2.77320000e-06  2.77320000e-06  2.77320000e-06  1.16339995e-02  2.77320000e-06 -9.98969995e-06 
 2.77420000e-06  2.77420000e-06  2.77420000e-06  1.16339995e-02  2.77420000e-06 -9.98971495e-06 
 2.77520000e-06  2.77520000e-06  2.77520000e-06  1.16339995e-02  2.77520000e-06 -9.98969995e-06 
 2.77620000e-06  2.77620000e-06  2.77620000e-06  1.16339995e-02  2.77620000e-06 -9.98971495e-06 
 2.77720000e-06  2.77720000e-06  2.77720000e-06  1.16339995e-02  2.77720000e-06 -9.98969995e-06 
 2.77820000e-06  2.77820000e-06  2.77820000e-06  1.16339995e-02  2.77820000e-06 -9.98971495e-06 
 2.77920000e-06  2.77920000e-06  2.77920000e-06  1.16339995e-02  2.77920000e-06 -9.98969995e-06 
 2.78020000e-06  2.78020000e-06  2.78020000e-06  1.16339995e-02  2.78020000e-06 -9.98971495e-06 
 2.78120000e-06  2.78120000e-06  2.78120000e-06  1.16339995e-02  2.78120000e-06 -9.98969995e-06 
 2.78220000e-06  2.78220000e-06  2.78220000e-06  1.16339995e-02  2.78220000e-06 -9.98971495e-06 
 2.78320000e-06  2.78320000e-06  2.78320000e-06  1.16339995e-02  2.78320000e-06 -9.98969995e-06 
 2.78420000e-06  2.78420000e-06  2.78420000e-06  1.16339995e-02  2.78420000e-06 -9.98971495e-06 
 2.78520000e-06  2.78520000e-06  2.78520000e-06  1.16339995e-02  2.78520000e-06 -9.98969995e-06 
 2.78620000e-06  2.78620000e-06  2.78620000e-06  1.16339995e-02  2.78620000e-06 -9.98971495e-06 
 2.78720000e-06  2.78720000e-06  2.78720000e-06  1.16339995e-02  2.78720000e-06 -9.98969995e-06 
 2.78820000e-06  2.78820000e-06  2.78820000e-06  1.16339995e-02  2.78820000e-06 -9.98971495e-06 
 2.78920000e-06  2.78920000e-06  2.78920000e-06  1.16339995e-02  2.78920000e-06 -9.98969995e-06 
 2.79020000e-06  2.79020000e-06  2.79020000e-06  1.16339995e-02  2.79020000e-06 -9.98971495e-06 
 2.79120000e-06  2.79120000e-06  2.79120000e-06  1.16339995e-02  2.79120000e-06 -9.98969995e-06 
 2.79220000e-06  2.79220000e-06  2.79220000e-06  1.16339995e-02  2.79220000e-06 -9.98971495e-06 
 2.79320000e-06  2.79320000e-06  2.79320000e-06  1.16339995e-02  2.79320000e-06 -9.98969995e-06 
 2.79420000e-06  2.79420000e-06  2.79420000e-06  1.16339995e-02  2.79420000e-06 -9.98971495e-06 
 2.79520000e-06  2.79520000e-06  2.79520000e-06  1.16339995e-02  2.79520000e-06 -9.98969995e-06 
 2.79620000e-06  2.79620000e-06  2.79620000e-06  1.16339995e-02  2.79620000e-06 -9.98971495e-06 
 2.79720000e-06  2.79720000e-06  2.79720000e-06  1.16339995e-02  2.79720000e-06 -9.98969995e-06 
 2.79820000e-06  2.79820000e-06  2.79820000e-06  1.16339995e-02  2.79820000e-06 -9.98971495e-06 
 2.79920000e-06  2.79920000e-06  2.79920000e-06  1.16339995e-02  2.79920000e-06 -9.98969995e-06 
 2.80020000e-06  2.80020000e-06  2.80020000e-06  1.16339995e-02  2.80020000e-06 -9.98971495e-06 
 2.80120000e-06  2.80120000e-06  2.80120000e-06  1.16339995e-02  2.80120000e-06 -9.98969995e-06 
 2.80220000e-06  2.80220000e-06  2.80220000e-06  1.16339995e-02  2.80220000e-06 -9.98971495e-06 
 2.80320000e-06  2.80320000e-06  2.80320000e-06  1.16339995e-02  2.80320000e-06 -9.98969995e-06 
 2.80420000e-06  2.80420000e-06  2.80420000e-06  1.16339995e-02  2.80420000e-06 -9.98971495e-06 
 2.80520000e-06  2.80520000e-06  2.80520000e-06  1.16339995e-02  2.80520000e-06 -9.98969995e-06 
 2.80620000e-06  2.80620000e-06  2.80620000e-06  1.16339995e-02  2.80620000e-06 -9.98971495e-06 
 2.80720000e-06  2.80720000e-06  2.80720000e-06  1.16339995e-02  2.80720000e-06 -9.98969995e-06 
 2.80820000e-06  2.80820000e-06  2.80820000e-06  1.16339995e-02  2.80820000e-06 -9.98971495e-06 
 2.80920000e-06  2.80920000e-06  2.80920000e-06  1.16339995e-02  2.80920000e-06 -9.98969995e-06 
 2.81020000e-06  2.81020000e-06  2.81020000e-06  1.16339995e-02  2.81020000e-06 -9.98971495e-06 
 2.81120000e-06  2.81120000e-06  2.81120000e-06  1.16339995e-02  2.81120000e-06 -9.98969995e-06 
 2.81220000e-06  2.81220000e-06  2.81220000e-06  1.16339995e-02  2.81220000e-06 -9.98971495e-06 
 2.81320000e-06  2.81320000e-06  2.81320000e-06  1.16339995e-02  2.81320000e-06 -9.98969995e-06 
 2.81420000e-06  2.81420000e-06  2.81420000e-06  1.16339995e-02  2.81420000e-06 -9.98971495e-06 
 2.81520000e-06  2.81520000e-06  2.81520000e-06  1.16339995e-02  2.81520000e-06 -9.98969995e-06 
 2.81620000e-06  2.81620000e-06  2.81620000e-06  1.16339995e-02  2.81620000e-06 -9.98971495e-06 
 2.81720000e-06  2.81720000e-06  2.81720000e-06  1.16339995e-02  2.81720000e-06 -9.98969995e-06 
 2.81820000e-06  2.81820000e-06  2.81820000e-06  1.16339995e-02  2.81820000e-06 -9.98971495e-06 
 2.81920000e-06  2.81920000e-06  2.81920000e-06  1.16339995e-02  2.81920000e-06 -9.98969995e-06 
 2.82020000e-06  2.82020000e-06  2.82020000e-06  1.16339995e-02  2.82020000e-06 -9.98971495e-06 
 2.82120000e-06  2.82120000e-06  2.82120000e-06  1.16339995e-02  2.82120000e-06 -9.98969995e-06 
 2.82220000e-06  2.82220000e-06  2.82220000e-06  1.16339995e-02  2.82220000e-06 -9.98971495e-06 
 2.82320000e-06  2.82320000e-06  2.82320000e-06  1.16339995e-02  2.82320000e-06 -9.98969995e-06 
 2.82420000e-06  2.82420000e-06  2.82420000e-06  1.16339995e-02  2.82420000e-06 -9.98971495e-06 
 2.82520000e-06  2.82520000e-06  2.82520000e-06  1.16339995e-02  2.82520000e-06 -9.98969995e-06 
 2.82620000e-06  2.82620000e-06  2.82620000e-06  1.16339995e-02  2.82620000e-06 -9.98971495e-06 
 2.82720000e-06  2.82720000e-06  2.82720000e-06  1.16339995e-02  2.82720000e-06 -9.98969995e-06 
 2.82820000e-06  2.82820000e-06  2.82820000e-06  1.16339995e-02  2.82820000e-06 -9.98971495e-06 
 2.82920000e-06  2.82920000e-06  2.82920000e-06  1.16339995e-02  2.82920000e-06 -9.98969995e-06 
 2.83020000e-06  2.83020000e-06  2.83020000e-06  1.16339995e-02  2.83020000e-06 -9.98971495e-06 
 2.83120000e-06  2.83120000e-06  2.83120000e-06  1.16339995e-02  2.83120000e-06 -9.98969995e-06 
 2.83220000e-06  2.83220000e-06  2.83220000e-06  1.16339995e-02  2.83220000e-06 -9.98971495e-06 
 2.83320000e-06  2.83320000e-06  2.83320000e-06  1.16339995e-02  2.83320000e-06 -9.98969995e-06 
 2.83420000e-06  2.83420000e-06  2.83420000e-06  1.16339995e-02  2.83420000e-06 -9.98971495e-06 
 2.83520000e-06  2.83520000e-06  2.83520000e-06  1.16339995e-02  2.83520000e-06 -9.98969995e-06 
 2.83620000e-06  2.83620000e-06  2.83620000e-06  1.16339995e-02  2.83620000e-06 -9.98971495e-06 
 2.83720000e-06  2.83720000e-06  2.83720000e-06  1.16339995e-02  2.83720000e-06 -9.98969995e-06 
 2.83820000e-06  2.83820000e-06  2.83820000e-06  1.16339995e-02  2.83820000e-06 -9.98971495e-06 
 2.83920000e-06  2.83920000e-06  2.83920000e-06  1.16339995e-02  2.83920000e-06 -9.98969995e-06 
 2.84020000e-06  2.84020000e-06  2.84020000e-06  1.16339995e-02  2.84020000e-06 -9.98971495e-06 
 2.84120000e-06  2.84120000e-06  2.84120000e-06  1.16339995e-02  2.84120000e-06 -9.98969995e-06 
 2.84220000e-06  2.84220000e-06  2.84220000e-06  1.16339995e-02  2.84220000e-06 -9.98971495e-06 
 2.84320000e-06  2.84320000e-06  2.84320000e-06  1.16339995e-02  2.84320000e-06 -9.98969995e-06 
 2.84420000e-06  2.84420000e-06  2.84420000e-06  1.16339995e-02  2.84420000e-06 -9.98971495e-06 
 2.84520000e-06  2.84520000e-06  2.84520000e-06  1.16339995e-02  2.84520000e-06 -9.98969995e-06 
 2.84620000e-06  2.84620000e-06  2.84620000e-06  1.16339995e-02  2.84620000e-06 -9.98971495e-06 
 2.84720000e-06  2.84720000e-06  2.84720000e-06  1.16339995e-02  2.84720000e-06 -9.98969995e-06 
 2.84820000e-06  2.84820000e-06  2.84820000e-06  1.16339995e-02  2.84820000e-06 -9.98971495e-06 
 2.84920000e-06  2.84920000e-06  2.84920000e-06  1.16339995e-02  2.84920000e-06 -9.98969995e-06 
 2.85020000e-06  2.85020000e-06  2.85020000e-06  1.16339995e-02  2.85020000e-06 -9.98971495e-06 
 2.85120000e-06  2.85120000e-06  2.85120000e-06  1.16339995e-02  2.85120000e-06 -9.98969995e-06 
 2.85220000e-06  2.85220000e-06  2.85220000e-06  1.16339995e-02  2.85220000e-06 -9.98971495e-06 
 2.85320000e-06  2.85320000e-06  2.85320000e-06  1.16339995e-02  2.85320000e-06 -9.98969995e-06 
 2.85420000e-06  2.85420000e-06  2.85420000e-06  1.16339995e-02  2.85420000e-06 -9.98971495e-06 
 2.85520000e-06  2.85520000e-06  2.85520000e-06  1.16339995e-02  2.85520000e-06 -9.98969995e-06 
 2.85620000e-06  2.85620000e-06  2.85620000e-06  1.16339995e-02  2.85620000e-06 -9.98971495e-06 
 2.85720000e-06  2.85720000e-06  2.85720000e-06  1.16339995e-02  2.85720000e-06 -9.98969995e-06 
 2.85820000e-06  2.85820000e-06  2.85820000e-06  1.16339995e-02  2.85820000e-06 -9.98971495e-06 
 2.85920000e-06  2.85920000e-06  2.85920000e-06  1.16339995e-02  2.85920000e-06 -9.98969995e-06 
 2.86020000e-06  2.86020000e-06  2.86020000e-06  1.16339995e-02  2.86020000e-06 -9.98971495e-06 
 2.86120000e-06  2.86120000e-06  2.86120000e-06  1.16339995e-02  2.86120000e-06 -9.98969995e-06 
 2.86220000e-06  2.86220000e-06  2.86220000e-06  1.16339995e-02  2.86220000e-06 -9.98971495e-06 
 2.86320000e-06  2.86320000e-06  2.86320000e-06  1.16339995e-02  2.86320000e-06 -9.98969995e-06 
 2.86420000e-06  2.86420000e-06  2.86420000e-06  1.16339995e-02  2.86420000e-06 -9.98971495e-06 
 2.86520000e-06  2.86520000e-06  2.86520000e-06  1.16339995e-02  2.86520000e-06 -9.98969995e-06 
 2.86620000e-06  2.86620000e-06  2.86620000e-06  1.16339995e-02  2.86620000e-06 -9.98971495e-06 
 2.86720000e-06  2.86720000e-06  2.86720000e-06  1.16339995e-02  2.86720000e-06 -9.98969995e-06 
 2.86820000e-06  2.86820000e-06  2.86820000e-06  1.16339995e-02  2.86820000e-06 -9.98971495e-06 
 2.86920000e-06  2.86920000e-06  2.86920000e-06  1.16339995e-02  2.86920000e-06 -9.98969995e-06 
 2.87020000e-06  2.87020000e-06  2.87020000e-06  1.16339995e-02  2.87020000e-06 -9.98971495e-06 
 2.87120000e-06  2.87120000e-06  2.87120000e-06  1.16339995e-02  2.87120000e-06 -9.98969995e-06 
 2.87220000e-06  2.87220000e-06  2.87220000e-06  1.16339995e-02  2.87220000e-06 -9.98971495e-06 
 2.87320000e-06  2.87320000e-06  2.87320000e-06  1.16339995e-02  2.87320000e-06 -9.98969995e-06 
 2.87420000e-06  2.87420000e-06  2.87420000e-06  1.16339995e-02  2.87420000e-06 -9.98971495e-06 
 2.87520000e-06  2.87520000e-06  2.87520000e-06  1.16339995e-02  2.87520000e-06 -9.98969995e-06 
 2.87620000e-06  2.87620000e-06  2.87620000e-06  1.16339995e-02  2.87620000e-06 -9.98971495e-06 
 2.87720000e-06  2.87720000e-06  2.87720000e-06  1.16339995e-02  2.87720000e-06 -9.98969995e-06 
 2.87820000e-06  2.87820000e-06  2.87820000e-06  1.16339995e-02  2.87820000e-06 -9.98971495e-06 
 2.87920000e-06  2.87920000e-06  2.87920000e-06  1.16339995e-02  2.87920000e-06 -9.98969995e-06 
 2.88020000e-06  2.88020000e-06  2.88020000e-06  1.16339995e-02  2.88020000e-06 -9.98971495e-06 
 2.88120000e-06  2.88120000e-06  2.88120000e-06  1.16339995e-02  2.88120000e-06 -9.98969995e-06 
 2.88220000e-06  2.88220000e-06  2.88220000e-06  1.16339995e-02  2.88220000e-06 -9.98971495e-06 
 2.88320000e-06  2.88320000e-06  2.88320000e-06  1.16339995e-02  2.88320000e-06 -9.98969995e-06 
 2.88420000e-06  2.88420000e-06  2.88420000e-06  1.16339995e-02  2.88420000e-06 -9.98971495e-06 
 2.88520000e-06  2.88520000e-06  2.88520000e-06  1.16339995e-02  2.88520000e-06 -9.98969995e-06 
 2.88620000e-06  2.88620000e-06  2.88620000e-06  1.16339995e-02  2.88620000e-06 -9.98971495e-06 
 2.88720000e-06  2.88720000e-06  2.88720000e-06  1.16339995e-02  2.88720000e-06 -9.98969995e-06 
 2.88820000e-06  2.88820000e-06  2.88820000e-06  1.16339995e-02  2.88820000e-06 -9.98971495e-06 
 2.88920000e-06  2.88920000e-06  2.88920000e-06  1.16339995e-02  2.88920000e-06 -9.98969995e-06 
 2.89020000e-06  2.89020000e-06  2.89020000e-06  1.16339995e-02  2.89020000e-06 -9.98971495e-06 
 2.89120000e-06  2.89120000e-06  2.89120000e-06  1.16339995e-02  2.89120000e-06 -9.98969995e-06 
 2.89220000e-06  2.89220000e-06  2.89220000e-06  1.16339995e-02  2.89220000e-06 -9.98971495e-06 
 2.89320000e-06  2.89320000e-06  2.89320000e-06  1.16339995e-02  2.89320000e-06 -9.98969995e-06 
 2.89420000e-06  2.89420000e-06  2.89420000e-06  1.16339995e-02  2.89420000e-06 -9.98971495e-06 
 2.89520000e-06  2.89520000e-06  2.89520000e-06  1.16339995e-02  2.89520000e-06 -9.98969995e-06 
 2.89620000e-06  2.89620000e-06  2.89620000e-06  1.16339995e-02  2.89620000e-06 -9.98971495e-06 
 2.89720000e-06  2.89720000e-06  2.89720000e-06  1.16339995e-02  2.89720000e-06 -9.98969995e-06 
 2.89820000e-06  2.89820000e-06  2.89820000e-06  1.16339995e-02  2.89820000e-06 -9.98971495e-06 
 2.89920000e-06  2.89920000e-06  2.89920000e-06  1.16339995e-02  2.89920000e-06 -9.98969995e-06 
 2.90020000e-06  2.90020000e-06  2.90020000e-06  1.16339995e-02  2.90020000e-06 -9.98971495e-06 
 2.90120000e-06  2.90120000e-06  2.90120000e-06  1.16339995e-02  2.90120000e-06 -9.98969995e-06 
 2.90220000e-06  2.90220000e-06  2.90220000e-06  1.16339995e-02  2.90220000e-06 -9.98971495e-06 
 2.90320000e-06  2.90320000e-06  2.90320000e-06  1.16339995e-02  2.90320000e-06 -9.98969995e-06 
 2.90420000e-06  2.90420000e-06  2.90420000e-06  1.16339995e-02  2.90420000e-06 -9.98971495e-06 
 2.90520000e-06  2.90520000e-06  2.90520000e-06  1.16339995e-02  2.90520000e-06 -9.98969995e-06 
 2.90620000e-06  2.90620000e-06  2.90620000e-06  1.16339995e-02  2.90620000e-06 -9.98971495e-06 
 2.90720000e-06  2.90720000e-06  2.90720000e-06  1.16339995e-02  2.90720000e-06 -9.98969995e-06 
 2.90820000e-06  2.90820000e-06  2.90820000e-06  1.16339995e-02  2.90820000e-06 -9.98971495e-06 
 2.90920000e-06  2.90920000e-06  2.90920000e-06  1.16339995e-02  2.90920000e-06 -9.98969995e-06 
 2.91020000e-06  2.91020000e-06  2.91020000e-06  1.16339995e-02  2.91020000e-06 -9.98971495e-06 
 2.91120000e-06  2.91120000e-06  2.91120000e-06  1.16339995e-02  2.91120000e-06 -9.98969995e-06 
 2.91220000e-06  2.91220000e-06  2.91220000e-06  1.16339995e-02  2.91220000e-06 -9.98971495e-06 
 2.91320000e-06  2.91320000e-06  2.91320000e-06  1.16339995e-02  2.91320000e-06 -9.98969995e-06 
 2.91420000e-06  2.91420000e-06  2.91420000e-06  1.16339995e-02  2.91420000e-06 -9.98971495e-06 
 2.91520000e-06  2.91520000e-06  2.91520000e-06  1.16339995e-02  2.91520000e-06 -9.98969995e-06 
 2.91620000e-06  2.91620000e-06  2.91620000e-06  1.16339995e-02  2.91620000e-06 -9.98971495e-06 
 2.91720000e-06  2.91720000e-06  2.91720000e-06  1.16339995e-02  2.91720000e-06 -9.98969995e-06 
 2.91820000e-06  2.91820000e-06  2.91820000e-06  1.16339995e-02  2.91820000e-06 -9.98971495e-06 
 2.91920000e-06  2.91920000e-06  2.91920000e-06  1.16339995e-02  2.91920000e-06 -9.98969995e-06 
 2.92020000e-06  2.92020000e-06  2.92020000e-06  1.16339995e-02  2.92020000e-06 -9.98971495e-06 
 2.92120000e-06  2.92120000e-06  2.92120000e-06  1.16339995e-02  2.92120000e-06 -9.98969995e-06 
 2.92220000e-06  2.92220000e-06  2.92220000e-06  1.16339995e-02  2.92220000e-06 -9.98971495e-06 
 2.92320000e-06  2.92320000e-06  2.92320000e-06  1.16339995e-02  2.92320000e-06 -9.98969995e-06 
 2.92420000e-06  2.92420000e-06  2.92420000e-06  1.16339995e-02  2.92420000e-06 -9.98971495e-06 
 2.92520000e-06  2.92520000e-06  2.92520000e-06  1.16339995e-02  2.92520000e-06 -9.98969995e-06 
 2.92620000e-06  2.92620000e-06  2.92620000e-06  1.16339995e-02  2.92620000e-06 -9.98971495e-06 
 2.92720000e-06  2.92720000e-06  2.92720000e-06  1.16339995e-02  2.92720000e-06 -9.98969995e-06 
 2.92820000e-06  2.92820000e-06  2.92820000e-06  1.16339995e-02  2.92820000e-06 -9.98971495e-06 
 2.92920000e-06  2.92920000e-06  2.92920000e-06  1.16339995e-02  2.92920000e-06 -9.98969995e-06 
 2.93020000e-06  2.93020000e-06  2.93020000e-06  1.16339995e-02  2.93020000e-06 -9.98971495e-06 
 2.93120000e-06  2.93120000e-06  2.93120000e-06  1.16339995e-02  2.93120000e-06 -9.98969995e-06 
 2.93220000e-06  2.93220000e-06  2.93220000e-06  1.16339995e-02  2.93220000e-06 -9.98971495e-06 
 2.93320000e-06  2.93320000e-06  2.93320000e-06  1.16339995e-02  2.93320000e-06 -9.98969995e-06 
 2.93420000e-06  2.93420000e-06  2.93420000e-06  1.16339995e-02  2.93420000e-06 -9.98971495e-06 
 2.93520000e-06  2.93520000e-06  2.93520000e-06  1.16339995e-02  2.93520000e-06 -9.98969995e-06 
 2.93620000e-06  2.93620000e-06  2.93620000e-06  1.16339995e-02  2.93620000e-06 -9.98971495e-06 
 2.93720000e-06  2.93720000e-06  2.93720000e-06  1.16339995e-02  2.93720000e-06 -9.98969995e-06 
 2.93820000e-06  2.93820000e-06  2.93820000e-06  1.16339995e-02  2.93820000e-06 -9.98971495e-06 
 2.93920000e-06  2.93920000e-06  2.93920000e-06  1.16339995e-02  2.93920000e-06 -9.98969995e-06 
 2.94020000e-06  2.94020000e-06  2.94020000e-06  1.16339995e-02  2.94020000e-06 -9.98971495e-06 
 2.94120000e-06  2.94120000e-06  2.94120000e-06  1.16339995e-02  2.94120000e-06 -9.98969995e-06 
 2.94220000e-06  2.94220000e-06  2.94220000e-06  1.16339995e-02  2.94220000e-06 -9.98971495e-06 
 2.94320000e-06  2.94320000e-06  2.94320000e-06  1.16339995e-02  2.94320000e-06 -9.98969995e-06 
 2.94420000e-06  2.94420000e-06  2.94420000e-06  1.16339995e-02  2.94420000e-06 -9.98971495e-06 
 2.94520000e-06  2.94520000e-06  2.94520000e-06  1.16339995e-02  2.94520000e-06 -9.98969995e-06 
 2.94620000e-06  2.94620000e-06  2.94620000e-06  1.16339995e-02  2.94620000e-06 -9.98971495e-06 
 2.94720000e-06  2.94720000e-06  2.94720000e-06  1.16339995e-02  2.94720000e-06 -9.98969995e-06 
 2.94820000e-06  2.94820000e-06  2.94820000e-06  1.16339995e-02  2.94820000e-06 -9.98971495e-06 
 2.94920000e-06  2.94920000e-06  2.94920000e-06  1.16339995e-02  2.94920000e-06 -9.98969995e-06 
 2.95020000e-06  2.95020000e-06  2.95020000e-06  1.16339995e-02  2.95020000e-06 -9.98971495e-06 
 2.95120000e-06  2.95120000e-06  2.95120000e-06  1.16339995e-02  2.95120000e-06 -9.98969995e-06 
 2.95220000e-06  2.95220000e-06  2.95220000e-06  1.16339995e-02  2.95220000e-06 -9.98971495e-06 
 2.95320000e-06  2.95320000e-06  2.95320000e-06  1.16339995e-02  2.95320000e-06 -9.98969995e-06 
 2.95420000e-06  2.95420000e-06  2.95420000e-06  1.16339995e-02  2.95420000e-06 -9.98971495e-06 
 2.95520000e-06  2.95520000e-06  2.95520000e-06  1.16339995e-02  2.95520000e-06 -9.98969995e-06 
 2.95620000e-06  2.95620000e-06  2.95620000e-06  1.16339995e-02  2.95620000e-06 -9.98971495e-06 
 2.95720000e-06  2.95720000e-06  2.95720000e-06  1.16339995e-02  2.95720000e-06 -9.98969995e-06 
 2.95820000e-06  2.95820000e-06  2.95820000e-06  1.16339995e-02  2.95820000e-06 -9.98971495e-06 
 2.95920000e-06  2.95920000e-06  2.95920000e-06  1.16339995e-02  2.95920000e-06 -9.98969995e-06 
 2.96020000e-06  2.96020000e-06  2.96020000e-06  1.16339995e-02  2.96020000e-06 -9.98971495e-06 
 2.96120000e-06  2.96120000e-06  2.96120000e-06  1.16339995e-02  2.96120000e-06 -9.98969995e-06 
 2.96220000e-06  2.96220000e-06  2.96220000e-06  1.16339995e-02  2.96220000e-06 -9.98971495e-06 
 2.96320000e-06  2.96320000e-06  2.96320000e-06  1.16339995e-02  2.96320000e-06 -9.98969995e-06 
 2.96420000e-06  2.96420000e-06  2.96420000e-06  1.16339995e-02  2.96420000e-06 -9.98971495e-06 
 2.96520000e-06  2.96520000e-06  2.96520000e-06  1.16339995e-02  2.96520000e-06 -9.98969995e-06 
 2.96620000e-06  2.96620000e-06  2.96620000e-06  1.16339995e-02  2.96620000e-06 -9.98971495e-06 
 2.96720000e-06  2.96720000e-06  2.96720000e-06  1.16339995e-02  2.96720000e-06 -9.98969995e-06 
 2.96820000e-06  2.96820000e-06  2.96820000e-06  1.16339995e-02  2.96820000e-06 -9.98971495e-06 
 2.96920000e-06  2.96920000e-06  2.96920000e-06  1.16339995e-02  2.96920000e-06 -9.98969995e-06 
 2.97020000e-06  2.97020000e-06  2.97020000e-06  1.16339995e-02  2.97020000e-06 -9.98971495e-06 
 2.97120000e-06  2.97120000e-06  2.97120000e-06  1.16339995e-02  2.97120000e-06 -9.98969995e-06 
 2.97220000e-06  2.97220000e-06  2.97220000e-06  1.16339995e-02  2.97220000e-06 -9.98971495e-06 
 2.97320000e-06  2.97320000e-06  2.97320000e-06  1.16339995e-02  2.97320000e-06 -9.98969995e-06 
 2.97420000e-06  2.97420000e-06  2.97420000e-06  1.16339995e-02  2.97420000e-06 -9.98971495e-06 
 2.97520000e-06  2.97520000e-06  2.97520000e-06  1.16339995e-02  2.97520000e-06 -9.98969995e-06 
 2.97620000e-06  2.97620000e-06  2.97620000e-06  1.16339995e-02  2.97620000e-06 -9.98971495e-06 
 2.97720000e-06  2.97720000e-06  2.97720000e-06  1.16339995e-02  2.97720000e-06 -9.98969995e-06 
 2.97820000e-06  2.97820000e-06  2.97820000e-06  1.16339995e-02  2.97820000e-06 -9.98971495e-06 
 2.97920000e-06  2.97920000e-06  2.97920000e-06  1.16339995e-02  2.97920000e-06 -9.98969995e-06 
 2.98020000e-06  2.98020000e-06  2.98020000e-06  1.16339995e-02  2.98020000e-06 -9.98971495e-06 
 2.98120000e-06  2.98120000e-06  2.98120000e-06  1.16339995e-02  2.98120000e-06 -9.98969995e-06 
 2.98220000e-06  2.98220000e-06  2.98220000e-06  1.16339995e-02  2.98220000e-06 -9.98971495e-06 
 2.98320000e-06  2.98320000e-06  2.98320000e-06  1.16339995e-02  2.98320000e-06 -9.98969995e-06 
 2.98420000e-06  2.98420000e-06  2.98420000e-06  1.16339995e-02  2.98420000e-06 -9.98971495e-06 
 2.98520000e-06  2.98520000e-06  2.98520000e-06  1.16339995e-02  2.98520000e-06 -9.98969995e-06 
 2.98620000e-06  2.98620000e-06  2.98620000e-06  1.16339995e-02  2.98620000e-06 -9.98971495e-06 
 2.98720000e-06  2.98720000e-06  2.98720000e-06  1.16339995e-02  2.98720000e-06 -9.98969995e-06 
 2.98820000e-06  2.98820000e-06  2.98820000e-06  1.16339995e-02  2.98820000e-06 -9.98971495e-06 
 2.98920000e-06  2.98920000e-06  2.98920000e-06  1.16339995e-02  2.98920000e-06 -9.98969995e-06 
 2.99020000e-06  2.99020000e-06  2.99020000e-06  1.16339995e-02  2.99020000e-06 -9.98971495e-06 
 2.99120000e-06  2.99120000e-06  2.99120000e-06  1.16339995e-02  2.99120000e-06 -9.98969995e-06 
 2.99220000e-06  2.99220000e-06  2.99220000e-06  1.16339995e-02  2.99220000e-06 -9.98971495e-06 
 2.99320000e-06  2.99320000e-06  2.99320000e-06  1.16339995e-02  2.99320000e-06 -9.98969995e-06 
 2.99420000e-06  2.99420000e-06  2.99420000e-06  1.16339995e-02  2.99420000e-06 -9.98971495e-06 
 2.99520000e-06  2.99520000e-06  2.99520000e-06  1.16339995e-02  2.99520000e-06 -9.98969995e-06 
 2.99620000e-06  2.99620000e-06  2.99620000e-06  1.16339995e-02  2.99620000e-06 -9.98971495e-06 
 2.99720000e-06  2.99720000e-06  2.99720000e-06  1.16339995e-02  2.99720000e-06 -9.98969995e-06 
 2.99820000e-06  2.99820000e-06  2.99820000e-06  1.16339995e-02  2.99820000e-06 -9.98971495e-06 
 2.99920000e-06  2.99920000e-06  2.99920000e-06  1.16339995e-02  2.99920000e-06 -9.98969995e-06 
 3.00000000e-06  3.00000000e-06  3.00000000e-06  1.16339995e-02  3.00000000e-06 -9.98971495e-06 
 3.00010000e-06  3.00010000e-06  3.00010000e-06  1.16360213e-02  3.00010000e-06 -9.98380587e-06 
 3.00030000e-06  3.00030000e-06  3.00030000e-06  1.16449120e-02  3.00030000e-06 -9.96743270e-06 
 3.00070000e-06  3.00070000e-06  3.00070000e-06  1.16717700e-02  3.00070000e-06 -9.98353619e-06 
 3.00100000e-06  3.00100000e-06  3.00100000e-06  1.16890870e-02  3.00100000e-06 -9.99104167e-06 
 3.00108000e-06  3.00108000e-06  3.00108000e-06  1.16914872e-02  3.00108000e-06 -9.99619056e-06 
 3.00124000e-06  3.00124000e-06  3.00124000e-06  1.16916579e-02  3.00124000e-06 -1.00163802e-05 
 3.00156000e-06  3.00156000e-06  3.00156000e-06  1.16780646e-02  3.00156000e-06 -1.00086251e-05 
 3.00220000e-06  3.00220000e-06  3.00220000e-06  1.16379217e-02  3.00220000e-06 -9.99443717e-06 
 3.00320000e-06  3.00320000e-06  3.00320000e-06  1.15706148e-02  3.00320000e-06 -9.99143966e-06 
 3.00420000e-06  3.00420000e-06  3.00420000e-06  1.15087923e-02  3.00420000e-06 -9.99066272e-06 
 3.00520000e-06  3.00520000e-06  3.00520000e-06  1.14547253e-02  3.00520000e-06 -9.99090237e-06 
 3.00620000e-06  3.00620000e-06  3.00620000e-06  1.14072781e-02  3.00620000e-06 -9.99053278e-06 
 3.00720000e-06  3.00720000e-06  3.00720000e-06  1.13657635e-02  3.00720000e-06 -9.99059159e-06 
 3.00820000e-06  3.00820000e-06  3.00820000e-06  1.13293638e-02  3.00820000e-06 -9.99038694e-06 
 3.00920000e-06  3.00920000e-06  3.00920000e-06  1.12974995e-02  3.00920000e-06 -9.99038229e-06 
 3.01020000e-06  3.01020000e-06  3.01020000e-06  1.12695745e-02  3.01020000e-06 -9.99025576e-06 
 3.01120000e-06  3.01120000e-06  3.01120000e-06  1.12451229e-02  3.01120000e-06 -9.99023385e-06 
 3.01220000e-06  3.01220000e-06  3.01220000e-06  1.12237002e-02  3.01220000e-06 -9.99014717e-06 
 3.01320000e-06  3.01320000e-06  3.01320000e-06  1.12049398e-02  3.01320000e-06 -9.99012493e-06 
 3.01420000e-06  3.01420000e-06  3.01420000e-06  1.11885060e-02  3.01420000e-06 -9.99006058e-06 
 3.01520000e-06  3.01520000e-06  3.01520000e-06  1.11741138e-02  3.01520000e-06 -9.99004341e-06 
 3.01620000e-06  3.01620000e-06  3.01620000e-06  1.11615075e-02  3.01620000e-06 -9.98999280e-06 
 3.01720000e-06  3.01720000e-06  3.01720000e-06  1.11504672e-02  3.01720000e-06 -9.98998170e-06 
 3.01820000e-06  3.01820000e-06  3.01820000e-06  1.11407974e-02  3.01820000e-06 -9.98994024e-06 
 3.01920000e-06  3.01920000e-06  3.01920000e-06  1.11323287e-02  3.01920000e-06 -9.98993470e-06 
 3.02020000e-06  3.02020000e-06  3.02020000e-06  1.11249116e-02  3.02020000e-06 -9.98989969e-06 
 3.02120000e-06  3.02120000e-06  3.02120000e-06  1.11184159e-02  3.02120000e-06 -9.98989879e-06 
 3.02220000e-06  3.02220000e-06  3.02220000e-06  1.11127268e-02  3.02220000e-06 -9.98986849e-06 
 3.02320000e-06  3.02320000e-06  3.02320000e-06  1.11077445e-02  3.02320000e-06 -9.98987130e-06 
 3.02420000e-06  3.02420000e-06  3.02420000e-06  1.11033810e-02  3.02420000e-06 -9.98984451e-06 
 3.02520000e-06  3.02520000e-06  3.02520000e-06  1.10995595e-02  3.02520000e-06 -9.98985024e-06 
 3.02620000e-06  3.02620000e-06  3.02620000e-06  1.10962128e-02  3.02620000e-06 -9.98982611e-06 
 3.02720000e-06  3.02720000e-06  3.02720000e-06  1.10932818e-02  3.02720000e-06 -9.98983409e-06 
 3.02820000e-06  3.02820000e-06  3.02820000e-06  1.10907149e-02  3.02820000e-06 -9.98981199e-06 
 3.02920000e-06  3.02920000e-06  3.02920000e-06  1.10884669e-02  3.02920000e-06 -9.98982171e-06 
 3.03020000e-06  3.03020000e-06  3.03020000e-06  1.10864981e-02  3.03020000e-06 -9.98980115e-06 
 3.03120000e-06  3.03120000e-06  3.03120000e-06  1.10847740e-02  3.03120000e-06 -9.98981222e-06 
 3.03220000e-06  3.03220000e-06  3.03220000e-06  1.10832640e-02  3.03220000e-06 -9.98979284e-06 
 3.03320000e-06  3.03320000e-06  3.03320000e-06  1.10819417e-02  3.03320000e-06 -9.98980493e-06 
 3.03420000e-06  3.03420000e-06  3.03420000e-06  1.10807836e-02  3.03420000e-06 -9.98978646e-06 
 3.03520000e-06  3.03520000e-06  3.03520000e-06  1.10797694e-02  3.03520000e-06 -9.98979935e-06 
 3.03620000e-06  3.03620000e-06  3.03620000e-06  1.10788812e-02  3.03620000e-06 -9.98978157e-06 
 3.03720000e-06  3.03720000e-06  3.03720000e-06  1.10781034e-02  3.03720000e-06 -9.98979507e-06 
 3.03820000e-06  3.03820000e-06  3.03820000e-06  1.10774221e-02  3.03820000e-06 -9.98977782e-06 
 3.03920000e-06  3.03920000e-06  3.03920000e-06  1.10768256e-02  3.03920000e-06 -9.98979178e-06 
 3.04020000e-06  3.04020000e-06  3.04020000e-06  1.10763031e-02  3.04020000e-06 -9.98977494e-06 
 3.04120000e-06  3.04120000e-06  3.04120000e-06  1.10758456e-02  3.04120000e-06 -9.98978926e-06 
 3.04220000e-06  3.04220000e-06  3.04220000e-06  1.10754449e-02  3.04220000e-06 -9.98977274e-06 
 3.04320000e-06  3.04320000e-06  3.04320000e-06  1.10750940e-02  3.04320000e-06 -9.98978733e-06 
 3.04420000e-06  3.04420000e-06  3.04420000e-06  1.10747866e-02  3.04420000e-06 -9.98977104e-06 
 3.04520000e-06  3.04520000e-06  3.04520000e-06  1.10745175e-02  3.04520000e-06 -9.98978585e-06 
 3.04620000e-06  3.04620000e-06  3.04620000e-06  1.10742818e-02  3.04620000e-06 -9.98976975e-06 
 3.04720000e-06  3.04720000e-06  3.04720000e-06  1.10740754e-02  3.04720000e-06 -9.98978471e-06 
 3.04820000e-06  3.04820000e-06  3.04820000e-06  1.10738946e-02  3.04820000e-06 -9.98976875e-06 
 3.04920000e-06  3.04920000e-06  3.04920000e-06  1.10737363e-02  3.04920000e-06 -9.98978384e-06 
 3.05020000e-06  3.05020000e-06  3.05020000e-06  1.10735977e-02  3.05020000e-06 -9.98976799e-06 
 3.05120000e-06  3.05120000e-06  3.05120000e-06  1.10734763e-02  3.05120000e-06 -9.98978317e-06 
 3.05220000e-06  3.05220000e-06  3.05220000e-06  1.10733700e-02  3.05220000e-06 -9.98976740e-06 
 3.05320000e-06  3.05320000e-06  3.05320000e-06  1.10732768e-02  3.05320000e-06 -9.98978266e-06 
 3.05420000e-06  3.05420000e-06  3.05420000e-06  1.10731953e-02  3.05420000e-06 -9.98976695e-06 
 3.05520000e-06  3.05520000e-06  3.05520000e-06  1.10731239e-02  3.05520000e-06 -9.98978226e-06 
 3.05620000e-06  3.05620000e-06  3.05620000e-06  1.10730613e-02  3.05620000e-06 -9.98976661e-06 
 3.05720000e-06  3.05720000e-06  3.05720000e-06  1.10730066e-02  3.05720000e-06 -9.98978196e-06 
 3.05820000e-06  3.05820000e-06  3.05820000e-06  1.10729586e-02  3.05820000e-06 -9.98976634e-06 
 3.05920000e-06  3.05920000e-06  3.05920000e-06  1.10729166e-02  3.05920000e-06 -9.98978173e-06 
 3.06020000e-06  3.06020000e-06  3.06020000e-06  1.10728798e-02  3.06020000e-06 -9.98976614e-06 
 3.06120000e-06  3.06120000e-06  3.06120000e-06  1.10728476e-02  3.06120000e-06 -9.98978155e-06 
 3.06220000e-06  3.06220000e-06  3.06220000e-06  1.10728194e-02  3.06220000e-06 -9.98976599e-06 
 3.06320000e-06  3.06320000e-06  3.06320000e-06  1.10727946e-02  3.06320000e-06 -9.98978142e-06 
 3.06420000e-06  3.06420000e-06  3.06420000e-06  1.10727730e-02  3.06420000e-06 -9.98976587e-06 
 3.06520000e-06  3.06520000e-06  3.06520000e-06  1.10727541e-02  3.06520000e-06 -9.98978131e-06 
 3.06620000e-06  3.06620000e-06  3.06620000e-06  1.10727375e-02  3.06620000e-06 -9.98976578e-06 
 3.06720000e-06  3.06720000e-06  3.06720000e-06  1.10727229e-02  3.06720000e-06 -9.98978123e-06 
 3.06820000e-06  3.06820000e-06  3.06820000e-06  1.10727102e-02  3.06820000e-06 -9.98976571e-06 
 3.06920000e-06  3.06920000e-06  3.06920000e-06  1.10726991e-02  3.06920000e-06 -9.98978117e-06 
 3.07020000e-06  3.07020000e-06  3.07020000e-06  1.10726893e-02  3.07020000e-06 -9.98976565e-06 
 3.07120000e-06  3.07120000e-06  3.07120000e-06  1.10726807e-02  3.07120000e-06 -9.98978113e-06 
 3.07220000e-06  3.07220000e-06  3.07220000e-06  1.10726733e-02  3.07220000e-06 -9.98976561e-06 
 3.07320000e-06  3.07320000e-06  3.07320000e-06  1.10726667e-02  3.07320000e-06 -9.98978109e-06 
 3.07420000e-06  3.07420000e-06  3.07420000e-06  1.10726610e-02  3.07420000e-06 -9.98976558e-06 
 3.07520000e-06  3.07520000e-06  3.07520000e-06  1.10726559e-02  3.07520000e-06 -9.98978106e-06 
 3.07620000e-06  3.07620000e-06  3.07620000e-06  1.10726515e-02  3.07620000e-06 -9.98976555e-06 
 3.07720000e-06  3.07720000e-06  3.07720000e-06  1.10726477e-02  3.07720000e-06 -9.98978104e-06 
 3.07820000e-06  3.07820000e-06  3.07820000e-06  1.10726443e-02  3.07820000e-06 -9.98976554e-06 
 3.07920000e-06  3.07920000e-06  3.07920000e-06  1.10726413e-02  3.07920000e-06 -9.98978102e-06 
 3.08020000e-06  3.08020000e-06  3.08020000e-06  1.10726387e-02  3.08020000e-06 -9.98976552e-06 
 3.08120000e-06  3.08120000e-06  3.08120000e-06  1.10726365e-02  3.08120000e-06 -9.98978101e-06 
 3.08220000e-06  3.08220000e-06  3.08220000e-06  1.10726345e-02  3.08220000e-06 -9.98976551e-06 
 3.08320000e-06  3.08320000e-06  3.08320000e-06  1.10726327e-02  3.08320000e-06 -9.98978100e-06 
 3.08420000e-06  3.08420000e-06  3.08420000e-06  1.10726312e-02  3.08420000e-06 -9.98976550e-06 
 3.08520000e-06  3.08520000e-06  3.08520000e-06  1.10726299e-02  3.08520000e-06 -9.98978099e-06 
 3.08620000e-06  3.08620000e-06  3.08620000e-06  1.10726287e-02  3.08620000e-06 -9.98976550e-06 
 3.08720000e-06  3.08720000e-06  3.08720000e-06  1.10726277e-02  3.08720000e-06 -9.98978099e-06 
 3.08820000e-06  3.08820000e-06  3.08820000e-06  1.10726268e-02  3.08820000e-06 -9.98976549e-06 
 3.08920000e-06  3.08920000e-06  3.08920000e-06  1.10726260e-02  3.08920000e-06 -9.98978098e-06 
 3.09020000e-06  3.09020000e-06  3.09020000e-06  1.10726253e-02  3.09020000e-06 -9.98976549e-06 
 3.09120000e-06  3.09120000e-06  3.09120000e-06  1.10726247e-02  3.09120000e-06 -9.98978098e-06 
 3.09220000e-06  3.09220000e-06  3.09220000e-06  1.10726242e-02  3.09220000e-06 -9.98976548e-06 
 3.09320000e-06  3.09320000e-06  3.09320000e-06  1.10726237e-02  3.09320000e-06 -9.98978098e-06 
 3.09420000e-06  3.09420000e-06  3.09420000e-06  1.10726233e-02  3.09420000e-06 -9.98976548e-06 
 3.09520000e-06  3.09520000e-06  3.09520000e-06  1.10726230e-02  3.09520000e-06 -9.98978098e-06 
 3.09620000e-06  3.09620000e-06  3.09620000e-06  1.10726227e-02  3.09620000e-06 -9.98976548e-06 
 3.09720000e-06  3.09720000e-06  3.09720000e-06  1.10726224e-02  3.09720000e-06 -9.98978098e-06 
 3.09820000e-06  3.09820000e-06  3.09820000e-06  1.10726222e-02  3.09820000e-06 -9.98976548e-06 
 3.09920000e-06  3.09920000e-06  3.09920000e-06  1.10726220e-02  3.09920000e-06 -9.98978097e-06 
 3.10020000e-06  3.10020000e-06  3.10020000e-06  1.10726218e-02  3.10020000e-06 -9.98976548e-06 
 3.10120000e-06  3.10120000e-06  3.10120000e-06  1.10726216e-02  3.10120000e-06 -9.98978097e-06 
 3.10220000e-06  3.10220000e-06  3.10220000e-06  1.10726215e-02  3.10220000e-06 -9.98976548e-06 
 3.10320000e-06  3.10320000e-06  3.10320000e-06  1.10726213e-02  3.10320000e-06 -9.98978097e-06 
 3.10420000e-06  3.10420000e-06  3.10420000e-06  1.10726212e-02  3.10420000e-06 -9.98976548e-06 
 3.10520000e-06  3.10520000e-06  3.10520000e-06  1.10726211e-02  3.10520000e-06 -9.98978097e-06 
 3.10620000e-06  3.10620000e-06  3.10620000e-06  1.10726211e-02  3.10620000e-06 -9.98976548e-06 
 3.10720000e-06  3.10720000e-06  3.10720000e-06  1.10726210e-02  3.10720000e-06 -9.98978097e-06 
 3.10820000e-06  3.10820000e-06  3.10820000e-06  1.10726209e-02  3.10820000e-06 -9.98976548e-06 
 3.10920000e-06  3.10920000e-06  3.10920000e-06  1.10726209e-02  3.10920000e-06 -9.98978097e-06 
 3.11020000e-06  3.11020000e-06  3.11020000e-06  1.10726208e-02  3.11020000e-06 -9.98976548e-06 
 3.11120000e-06  3.11120000e-06  3.11120000e-06  1.10726208e-02  3.11120000e-06 -9.98978097e-06 
 3.11220000e-06  3.11220000e-06  3.11220000e-06  1.10726207e-02  3.11220000e-06 -9.98976548e-06 
 3.11320000e-06  3.11320000e-06  3.11320000e-06  1.10726207e-02  3.11320000e-06 -9.98978097e-06 
 3.11420000e-06  3.11420000e-06  3.11420000e-06  1.10726207e-02  3.11420000e-06 -9.98976547e-06 
 3.11520000e-06  3.11520000e-06  3.11520000e-06  1.10726207e-02  3.11520000e-06 -9.98978097e-06 
 3.11620000e-06  3.11620000e-06  3.11620000e-06  1.10726206e-02  3.11620000e-06 -9.98976547e-06 
 3.11720000e-06  3.11720000e-06  3.11720000e-06  1.10726206e-02  3.11720000e-06 -9.98978097e-06 
 3.11820000e-06  3.11820000e-06  3.11820000e-06  1.10726206e-02  3.11820000e-06 -9.98976547e-06 
 3.11920000e-06  3.11920000e-06  3.11920000e-06  1.10726206e-02  3.11920000e-06 -9.98978097e-06 
 3.12020000e-06  3.12020000e-06  3.12020000e-06  1.10726206e-02  3.12020000e-06 -9.98976547e-06 
 3.12120000e-06  3.12120000e-06  3.12120000e-06  1.10726206e-02  3.12120000e-06 -9.98978097e-06 
 3.12220000e-06  3.12220000e-06  3.12220000e-06  1.10726206e-02  3.12220000e-06 -9.98976547e-06 
 3.12320000e-06  3.12320000e-06  3.12320000e-06  1.10726205e-02  3.12320000e-06 -9.98978097e-06 
 3.12420000e-06  3.12420000e-06  3.12420000e-06  1.10726205e-02  3.12420000e-06 -9.98976547e-06 
 3.12520000e-06  3.12520000e-06  3.12520000e-06  1.10726205e-02  3.12520000e-06 -9.98978097e-06 
 3.12620000e-06  3.12620000e-06  3.12620000e-06  1.10726205e-02  3.12620000e-06 -9.98976547e-06 
 3.12720000e-06  3.12720000e-06  3.12720000e-06  1.10726205e-02  3.12720000e-06 -9.98978097e-06 
 3.12820000e-06  3.12820000e-06  3.12820000e-06  1.10726205e-02  3.12820000e-06 -9.98976547e-06 
 3.12920000e-06  3.12920000e-06  3.12920000e-06  1.10726205e-02  3.12920000e-06 -9.98978097e-06 
 3.13020000e-06  3.13020000e-06  3.13020000e-06  1.10726205e-02  3.13020000e-06 -9.98976547e-06 
 3.13120000e-06  3.13120000e-06  3.13120000e-06  1.10726205e-02  3.13120000e-06 -9.98978097e-06 
 3.13220000e-06  3.13220000e-06  3.13220000e-06  1.10726205e-02  3.13220000e-06 -9.98976547e-06 
 3.13320000e-06  3.13320000e-06  3.13320000e-06  1.10726205e-02  3.13320000e-06 -9.98978097e-06 
 3.13420000e-06  3.13420000e-06  3.13420000e-06  1.10726205e-02  3.13420000e-06 -9.98976547e-06 
 3.13520000e-06  3.13520000e-06  3.13520000e-06  1.10726205e-02  3.13520000e-06 -9.98978097e-06 
 3.13620000e-06  3.13620000e-06  3.13620000e-06  1.10726205e-02  3.13620000e-06 -9.98976547e-06 
 3.13720000e-06  3.13720000e-06  3.13720000e-06  1.10726205e-02  3.13720000e-06 -9.98978097e-06 
 3.13820000e-06  3.13820000e-06  3.13820000e-06  1.10726205e-02  3.13820000e-06 -9.98976547e-06 
 3.13920000e-06  3.13920000e-06  3.13920000e-06  1.10726205e-02  3.13920000e-06 -9.98978097e-06 
 3.14020000e-06  3.14020000e-06  3.14020000e-06  1.10726205e-02  3.14020000e-06 -9.98976547e-06 
 3.14120000e-06  3.14120000e-06  3.14120000e-06  1.10726205e-02  3.14120000e-06 -9.98978097e-06 
 3.14220000e-06  3.14220000e-06  3.14220000e-06  1.10726205e-02  3.14220000e-06 -9.98976547e-06 
 3.14320000e-06  3.14320000e-06  3.14320000e-06  1.10726205e-02  3.14320000e-06 -9.98978097e-06 
 3.14420000e-06  3.14420000e-06  3.14420000e-06  1.10726205e-02  3.14420000e-06 -9.98976547e-06 
 3.14520000e-06  3.14520000e-06  3.14520000e-06  1.10726205e-02  3.14520000e-06 -9.98978097e-06 
 3.14620000e-06  3.14620000e-06  3.14620000e-06  1.10726205e-02  3.14620000e-06 -9.98976547e-06 
 3.14720000e-06  3.14720000e-06  3.14720000e-06  1.10726205e-02  3.14720000e-06 -9.98978097e-06 
 3.14820000e-06  3.14820000e-06  3.14820000e-06  1.10726205e-02  3.14820000e-06 -9.98976547e-06 
 3.14920000e-06  3.14920000e-06  3.14920000e-06  1.10726205e-02  3.14920000e-06 -9.98978097e-06 
 3.15020000e-06  3.15020000e-06  3.15020000e-06  1.10726205e-02  3.15020000e-06 -9.98976547e-06 
 3.15120000e-06  3.15120000e-06  3.15120000e-06  1.10726205e-02  3.15120000e-06 -9.98978097e-06 
 3.15220000e-06  3.15220000e-06  3.15220000e-06  1.10726205e-02  3.15220000e-06 -9.98976547e-06 
 3.15320000e-06  3.15320000e-06  3.15320000e-06  1.10726205e-02  3.15320000e-06 -9.98978097e-06 
 3.15420000e-06  3.15420000e-06  3.15420000e-06  1.10726205e-02  3.15420000e-06 -9.98976547e-06 
 3.15520000e-06  3.15520000e-06  3.15520000e-06  1.10726205e-02  3.15520000e-06 -9.98978097e-06 
 3.15620000e-06  3.15620000e-06  3.15620000e-06  1.10726205e-02  3.15620000e-06 -9.98976547e-06 
 3.15720000e-06  3.15720000e-06  3.15720000e-06  1.10726205e-02  3.15720000e-06 -9.98978097e-06 
 3.15820000e-06  3.15820000e-06  3.15820000e-06  1.10726205e-02  3.15820000e-06 -9.98976547e-06 
 3.15920000e-06  3.15920000e-06  3.15920000e-06  1.10726205e-02  3.15920000e-06 -9.98978097e-06 
 3.16020000e-06  3.16020000e-06  3.16020000e-06  1.10726205e-02  3.16020000e-06 -9.98976547e-06 
 3.16120000e-06  3.16120000e-06  3.16120000e-06  1.10726205e-02  3.16120000e-06 -9.98978097e-06 
 3.16220000e-06  3.16220000e-06  3.16220000e-06  1.10726205e-02  3.16220000e-06 -9.98976547e-06 
 3.16320000e-06  3.16320000e-06  3.16320000e-06  1.10726205e-02  3.16320000e-06 -9.98978097e-06 
 3.16420000e-06  3.16420000e-06  3.16420000e-06  1.10726205e-02  3.16420000e-06 -9.98976547e-06 
 3.16520000e-06  3.16520000e-06  3.16520000e-06  1.10726205e-02  3.16520000e-06 -9.98978097e-06 
 3.16620000e-06  3.16620000e-06  3.16620000e-06  1.10726205e-02  3.16620000e-06 -9.98976547e-06 
 3.16720000e-06  3.16720000e-06  3.16720000e-06  1.10726205e-02  3.16720000e-06 -9.98978097e-06 
 3.16820000e-06  3.16820000e-06  3.16820000e-06  1.10726205e-02  3.16820000e-06 -9.98976547e-06 
 3.16920000e-06  3.16920000e-06  3.16920000e-06  1.10726205e-02  3.16920000e-06 -9.98978097e-06 
 3.17020000e-06  3.17020000e-06  3.17020000e-06  1.10726205e-02  3.17020000e-06 -9.98976547e-06 
 3.17120000e-06  3.17120000e-06  3.17120000e-06  1.10726205e-02  3.17120000e-06 -9.98978097e-06 
 3.17220000e-06  3.17220000e-06  3.17220000e-06  1.10726205e-02  3.17220000e-06 -9.98976547e-06 
 3.17320000e-06  3.17320000e-06  3.17320000e-06  1.10726205e-02  3.17320000e-06 -9.98978097e-06 
 3.17420000e-06  3.17420000e-06  3.17420000e-06  1.10726205e-02  3.17420000e-06 -9.98976547e-06 
 3.17520000e-06  3.17520000e-06  3.17520000e-06  1.10726205e-02  3.17520000e-06 -9.98978097e-06 
 3.17620000e-06  3.17620000e-06  3.17620000e-06  1.10726205e-02  3.17620000e-06 -9.98976547e-06 
 3.17720000e-06  3.17720000e-06  3.17720000e-06  1.10726205e-02  3.17720000e-06 -9.98978097e-06 
 3.17820000e-06  3.17820000e-06  3.17820000e-06  1.10726205e-02  3.17820000e-06 -9.98976547e-06 
 3.17920000e-06  3.17920000e-06  3.17920000e-06  1.10726205e-02  3.17920000e-06 -9.98978097e-06 
 3.18020000e-06  3.18020000e-06  3.18020000e-06  1.10726205e-02  3.18020000e-06 -9.98976547e-06 
 3.18120000e-06  3.18120000e-06  3.18120000e-06  1.10726205e-02  3.18120000e-06 -9.98978097e-06 
 3.18220000e-06  3.18220000e-06  3.18220000e-06  1.10726205e-02  3.18220000e-06 -9.98976547e-06 
 3.18320000e-06  3.18320000e-06  3.18320000e-06  1.10726205e-02  3.18320000e-06 -9.98978097e-06 
 3.18420000e-06  3.18420000e-06  3.18420000e-06  1.10726205e-02  3.18420000e-06 -9.98976547e-06 
 3.18520000e-06  3.18520000e-06  3.18520000e-06  1.10726205e-02  3.18520000e-06 -9.98978097e-06 
 3.18620000e-06  3.18620000e-06  3.18620000e-06  1.10726205e-02  3.18620000e-06 -9.98976547e-06 
 3.18720000e-06  3.18720000e-06  3.18720000e-06  1.10726205e-02  3.18720000e-06 -9.98978097e-06 
 3.18820000e-06  3.18820000e-06  3.18820000e-06  1.10726205e-02  3.18820000e-06 -9.98976547e-06 
 3.18920000e-06  3.18920000e-06  3.18920000e-06  1.10726205e-02  3.18920000e-06 -9.98978097e-06 
 3.19020000e-06  3.19020000e-06  3.19020000e-06  1.10726205e-02  3.19020000e-06 -9.98976547e-06 
 3.19120000e-06  3.19120000e-06  3.19120000e-06  1.10726205e-02  3.19120000e-06 -9.98978097e-06 
 3.19220000e-06  3.19220000e-06  3.19220000e-06  1.10726205e-02  3.19220000e-06 -9.98976547e-06 
 3.19320000e-06  3.19320000e-06  3.19320000e-06  1.10726205e-02  3.19320000e-06 -9.98978097e-06 
 3.19420000e-06  3.19420000e-06  3.19420000e-06  1.10726205e-02  3.19420000e-06 -9.98976547e-06 
 3.19520000e-06  3.19520000e-06  3.19520000e-06  1.10726205e-02  3.19520000e-06 -9.98978097e-06 
 3.19620000e-06  3.19620000e-06  3.19620000e-06  1.10726205e-02  3.19620000e-06 -9.98976547e-06 
 3.19720000e-06  3.19720000e-06  3.19720000e-06  1.10726205e-02  3.19720000e-06 -9.98978097e-06 
 3.19820000e-06  3.19820000e-06  3.19820000e-06  1.10726205e-02  3.19820000e-06 -9.98976547e-06 
 3.19920000e-06  3.19920000e-06  3.19920000e-06  1.10726205e-02  3.19920000e-06 -9.98978097e-06 
 3.20020000e-06  3.20020000e-06  3.20020000e-06  1.10726205e-02  3.20020000e-06 -9.98976547e-06 
 3.20120000e-06  3.20120000e-06  3.20120000e-06  1.10726205e-02  3.20120000e-06 -9.98978097e-06 
 3.20220000e-06  3.20220000e-06  3.20220000e-06  1.10726205e-02  3.20220000e-06 -9.98976547e-06 
 3.20320000e-06  3.20320000e-06  3.20320000e-06  1.10726205e-02  3.20320000e-06 -9.98978097e-06 
 3.20420000e-06  3.20420000e-06  3.20420000e-06  1.10726205e-02  3.20420000e-06 -9.98976547e-06 
 3.20520000e-06  3.20520000e-06  3.20520000e-06  1.10726205e-02  3.20520000e-06 -9.98978097e-06 
 3.20620000e-06  3.20620000e-06  3.20620000e-06  1.10726205e-02  3.20620000e-06 -9.98976547e-06 
 3.20720000e-06  3.20720000e-06  3.20720000e-06  1.10726205e-02  3.20720000e-06 -9.98978097e-06 
 3.20820000e-06  3.20820000e-06  3.20820000e-06  1.10726205e-02  3.20820000e-06 -9.98976547e-06 
 3.20920000e-06  3.20920000e-06  3.20920000e-06  1.10726205e-02  3.20920000e-06 -9.98978097e-06 
 3.21020000e-06  3.21020000e-06  3.21020000e-06  1.10726205e-02  3.21020000e-06 -9.98976547e-06 
 3.21120000e-06  3.21120000e-06  3.21120000e-06  1.10726205e-02  3.21120000e-06 -9.98978097e-06 
 3.21220000e-06  3.21220000e-06  3.21220000e-06  1.10726205e-02  3.21220000e-06 -9.98976547e-06 
 3.21320000e-06  3.21320000e-06  3.21320000e-06  1.10726205e-02  3.21320000e-06 -9.98978097e-06 
 3.21420000e-06  3.21420000e-06  3.21420000e-06  1.10726205e-02  3.21420000e-06 -9.98976547e-06 
 3.21520000e-06  3.21520000e-06  3.21520000e-06  1.10726205e-02  3.21520000e-06 -9.98978097e-06 
 3.21620000e-06  3.21620000e-06  3.21620000e-06  1.10726205e-02  3.21620000e-06 -9.98976547e-06 
 3.21720000e-06  3.21720000e-06  3.21720000e-06  1.10726205e-02  3.21720000e-06 -9.98978097e-06 
 3.21820000e-06  3.21820000e-06  3.21820000e-06  1.10726205e-02  3.21820000e-06 -9.98976547e-06 
 3.21920000e-06  3.21920000e-06  3.21920000e-06  1.10726205e-02  3.21920000e-06 -9.98978097e-06 
 3.22020000e-06  3.22020000e-06  3.22020000e-06  1.10726205e-02  3.22020000e-06 -9.98976547e-06 
 3.22120000e-06  3.22120000e-06  3.22120000e-06  1.10726205e-02  3.22120000e-06 -9.98978097e-06 
 3.22220000e-06  3.22220000e-06  3.22220000e-06  1.10726205e-02  3.22220000e-06 -9.98976547e-06 
 3.22320000e-06  3.22320000e-06  3.22320000e-06  1.10726205e-02  3.22320000e-06 -9.98978097e-06 
 3.22420000e-06  3.22420000e-06  3.22420000e-06  1.10726205e-02  3.22420000e-06 -9.98976547e-06 
 3.22520000e-06  3.22520000e-06  3.22520000e-06  1.10726205e-02  3.22520000e-06 -9.98978097e-06 
 3.22620000e-06  3.22620000e-06  3.22620000e-06  1.10726205e-02  3.22620000e-06 -9.98976547e-06 
 3.22720000e-06  3.22720000e-06  3.22720000e-06  1.10726205e-02  3.22720000e-06 -9.98978097e-06 
 3.22820000e-06  3.22820000e-06  3.22820000e-06  1.10726205e-02  3.22820000e-06 -9.98976547e-06 
 3.22920000e-06  3.22920000e-06  3.22920000e-06  1.10726205e-02  3.22920000e-06 -9.98978097e-06 
 3.23020000e-06  3.23020000e-06  3.23020000e-06  1.10726205e-02  3.23020000e-06 -9.98976547e-06 
 3.23120000e-06  3.23120000e-06  3.23120000e-06  1.10726205e-02  3.23120000e-06 -9.98978097e-06 
 3.23220000e-06  3.23220000e-06  3.23220000e-06  1.10726205e-02  3.23220000e-06 -9.98976547e-06 
 3.23320000e-06  3.23320000e-06  3.23320000e-06  1.10726205e-02  3.23320000e-06 -9.98978097e-06 
 3.23420000e-06  3.23420000e-06  3.23420000e-06  1.10726205e-02  3.23420000e-06 -9.98976547e-06 
 3.23520000e-06  3.23520000e-06  3.23520000e-06  1.10726205e-02  3.23520000e-06 -9.98978097e-06 
 3.23620000e-06  3.23620000e-06  3.23620000e-06  1.10726205e-02  3.23620000e-06 -9.98976547e-06 
 3.23720000e-06  3.23720000e-06  3.23720000e-06  1.10726205e-02  3.23720000e-06 -9.98978097e-06 
 3.23820000e-06  3.23820000e-06  3.23820000e-06  1.10726205e-02  3.23820000e-06 -9.98976547e-06 
 3.23920000e-06  3.23920000e-06  3.23920000e-06  1.10726205e-02  3.23920000e-06 -9.98978097e-06 
 3.24020000e-06  3.24020000e-06  3.24020000e-06  1.10726205e-02  3.24020000e-06 -9.98976547e-06 
 3.24120000e-06  3.24120000e-06  3.24120000e-06  1.10726205e-02  3.24120000e-06 -9.98978097e-06 
 3.24220000e-06  3.24220000e-06  3.24220000e-06  1.10726205e-02  3.24220000e-06 -9.98976547e-06 
 3.24320000e-06  3.24320000e-06  3.24320000e-06  1.10726205e-02  3.24320000e-06 -9.98978097e-06 
 3.24420000e-06  3.24420000e-06  3.24420000e-06  1.10726205e-02  3.24420000e-06 -9.98976547e-06 
 3.24520000e-06  3.24520000e-06  3.24520000e-06  1.10726205e-02  3.24520000e-06 -9.98978097e-06 
 3.24620000e-06  3.24620000e-06  3.24620000e-06  1.10726205e-02  3.24620000e-06 -9.98976547e-06 
 3.24720000e-06  3.24720000e-06  3.24720000e-06  1.10726205e-02  3.24720000e-06 -9.98978097e-06 
 3.24820000e-06  3.24820000e-06  3.24820000e-06  1.10726205e-02  3.24820000e-06 -9.98976547e-06 
 3.24920000e-06  3.24920000e-06  3.24920000e-06  1.10726205e-02  3.24920000e-06 -9.98978097e-06 
 3.25020000e-06  3.25020000e-06  3.25020000e-06  1.10726205e-02  3.25020000e-06 -9.98976547e-06 
 3.25120000e-06  3.25120000e-06  3.25120000e-06  1.10726205e-02  3.25120000e-06 -9.98978097e-06 
 3.25220000e-06  3.25220000e-06  3.25220000e-06  1.10726205e-02  3.25220000e-06 -9.98976547e-06 
 3.25320000e-06  3.25320000e-06  3.25320000e-06  1.10726205e-02  3.25320000e-06 -9.98978097e-06 
 3.25420000e-06  3.25420000e-06  3.25420000e-06  1.10726205e-02  3.25420000e-06 -9.98976547e-06 
 3.25520000e-06  3.25520000e-06  3.25520000e-06  1.10726205e-02  3.25520000e-06 -9.98978097e-06 
 3.25620000e-06  3.25620000e-06  3.25620000e-06  1.10726205e-02  3.25620000e-06 -9.98976547e-06 
 3.25720000e-06  3.25720000e-06  3.25720000e-06  1.10726205e-02  3.25720000e-06 -9.98978097e-06 
 3.25820000e-06  3.25820000e-06  3.25820000e-06  1.10726205e-02  3.25820000e-06 -9.98976547e-06 
 3.25920000e-06  3.25920000e-06  3.25920000e-06  1.10726205e-02  3.25920000e-06 -9.98978097e-06 
 3.26020000e-06  3.26020000e-06  3.26020000e-06  1.10726205e-02  3.26020000e-06 -9.98976547e-06 
 3.26120000e-06  3.26120000e-06  3.26120000e-06  1.10726205e-02  3.26120000e-06 -9.98978097e-06 
 3.26220000e-06  3.26220000e-06  3.26220000e-06  1.10726205e-02  3.26220000e-06 -9.98976547e-06 
 3.26320000e-06  3.26320000e-06  3.26320000e-06  1.10726205e-02  3.26320000e-06 -9.98978097e-06 
 3.26420000e-06  3.26420000e-06  3.26420000e-06  1.10726205e-02  3.26420000e-06 -9.98976547e-06 
 3.26520000e-06  3.26520000e-06  3.26520000e-06  1.10726205e-02  3.26520000e-06 -9.98978097e-06 
 3.26620000e-06  3.26620000e-06  3.26620000e-06  1.10726205e-02  3.26620000e-06 -9.98976547e-06 
 3.26720000e-06  3.26720000e-06  3.26720000e-06  1.10726205e-02  3.26720000e-06 -9.98978097e-06 
 3.26820000e-06  3.26820000e-06  3.26820000e-06  1.10726205e-02  3.26820000e-06 -9.98976547e-06 
 3.26920000e-06  3.26920000e-06  3.26920000e-06  1.10726205e-02  3.26920000e-06 -9.98978097e-06 
 3.27020000e-06  3.27020000e-06  3.27020000e-06  1.10726205e-02  3.27020000e-06 -9.98976547e-06 
 3.27120000e-06  3.27120000e-06  3.27120000e-06  1.10726205e-02  3.27120000e-06 -9.98978097e-06 
 3.27220000e-06  3.27220000e-06  3.27220000e-06  1.10726205e-02  3.27220000e-06 -9.98976547e-06 
 3.27320000e-06  3.27320000e-06  3.27320000e-06  1.10726205e-02  3.27320000e-06 -9.98978097e-06 
 3.27420000e-06  3.27420000e-06  3.27420000e-06  1.10726205e-02  3.27420000e-06 -9.98976547e-06 
 3.27520000e-06  3.27520000e-06  3.27520000e-06  1.10726205e-02  3.27520000e-06 -9.98978097e-06 
 3.27620000e-06  3.27620000e-06  3.27620000e-06  1.10726205e-02  3.27620000e-06 -9.98976547e-06 
 3.27720000e-06  3.27720000e-06  3.27720000e-06  1.10726205e-02  3.27720000e-06 -9.98978097e-06 
 3.27820000e-06  3.27820000e-06  3.27820000e-06  1.10726205e-02  3.27820000e-06 -9.98976547e-06 
 3.27920000e-06  3.27920000e-06  3.27920000e-06  1.10726205e-02  3.27920000e-06 -9.98978097e-06 
 3.28020000e-06  3.28020000e-06  3.28020000e-06  1.10726205e-02  3.28020000e-06 -9.98976547e-06 
 3.28120000e-06  3.28120000e-06  3.28120000e-06  1.10726205e-02  3.28120000e-06 -9.98978097e-06 
 3.28220000e-06  3.28220000e-06  3.28220000e-06  1.10726205e-02  3.28220000e-06 -9.98976547e-06 
 3.28320000e-06  3.28320000e-06  3.28320000e-06  1.10726205e-02  3.28320000e-06 -9.98978097e-06 
 3.28420000e-06  3.28420000e-06  3.28420000e-06  1.10726205e-02  3.28420000e-06 -9.98976547e-06 
 3.28520000e-06  3.28520000e-06  3.28520000e-06  1.10726205e-02  3.28520000e-06 -9.98978097e-06 
 3.28620000e-06  3.28620000e-06  3.28620000e-06  1.10726205e-02  3.28620000e-06 -9.98976547e-06 
 3.28720000e-06  3.28720000e-06  3.28720000e-06  1.10726205e-02  3.28720000e-06 -9.98978097e-06 
 3.28820000e-06  3.28820000e-06  3.28820000e-06  1.10726205e-02  3.28820000e-06 -9.98976547e-06 
 3.28920000e-06  3.28920000e-06  3.28920000e-06  1.10726205e-02  3.28920000e-06 -9.98978097e-06 
 3.29020000e-06  3.29020000e-06  3.29020000e-06  1.10726205e-02  3.29020000e-06 -9.98976547e-06 
 3.29120000e-06  3.29120000e-06  3.29120000e-06  1.10726205e-02  3.29120000e-06 -9.98978097e-06 
 3.29220000e-06  3.29220000e-06  3.29220000e-06  1.10726205e-02  3.29220000e-06 -9.98976547e-06 
 3.29320000e-06  3.29320000e-06  3.29320000e-06  1.10726205e-02  3.29320000e-06 -9.98978097e-06 
 3.29420000e-06  3.29420000e-06  3.29420000e-06  1.10726205e-02  3.29420000e-06 -9.98976547e-06 
 3.29520000e-06  3.29520000e-06  3.29520000e-06  1.10726205e-02  3.29520000e-06 -9.98978097e-06 
 3.29620000e-06  3.29620000e-06  3.29620000e-06  1.10726205e-02  3.29620000e-06 -9.98976547e-06 
 3.29720000e-06  3.29720000e-06  3.29720000e-06  1.10726205e-02  3.29720000e-06 -9.98978097e-06 
 3.29820000e-06  3.29820000e-06  3.29820000e-06  1.10726205e-02  3.29820000e-06 -9.98976547e-06 
 3.29920000e-06  3.29920000e-06  3.29920000e-06  1.10726205e-02  3.29920000e-06 -9.98978097e-06 
 3.30020000e-06  3.30020000e-06  3.30020000e-06  1.10726205e-02  3.30020000e-06 -9.98976547e-06 
 3.30120000e-06  3.30120000e-06  3.30120000e-06  1.10726205e-02  3.30120000e-06 -9.98978097e-06 
 3.30220000e-06  3.30220000e-06  3.30220000e-06  1.10726205e-02  3.30220000e-06 -9.98976547e-06 
 3.30320000e-06  3.30320000e-06  3.30320000e-06  1.10726205e-02  3.30320000e-06 -9.98978097e-06 
 3.30420000e-06  3.30420000e-06  3.30420000e-06  1.10726205e-02  3.30420000e-06 -9.98976547e-06 
 3.30520000e-06  3.30520000e-06  3.30520000e-06  1.10726205e-02  3.30520000e-06 -9.98978097e-06 
 3.30620000e-06  3.30620000e-06  3.30620000e-06  1.10726205e-02  3.30620000e-06 -9.98976547e-06 
 3.30720000e-06  3.30720000e-06  3.30720000e-06  1.10726205e-02  3.30720000e-06 -9.98978097e-06 
 3.30820000e-06  3.30820000e-06  3.30820000e-06  1.10726205e-02  3.30820000e-06 -9.98976547e-06 
 3.30920000e-06  3.30920000e-06  3.30920000e-06  1.10726205e-02  3.30920000e-06 -9.98978097e-06 
 3.31020000e-06  3.31020000e-06  3.31020000e-06  1.10726205e-02  3.31020000e-06 -9.98976547e-06 
 3.31120000e-06  3.31120000e-06  3.31120000e-06  1.10726205e-02  3.31120000e-06 -9.98978097e-06 
 3.31220000e-06  3.31220000e-06  3.31220000e-06  1.10726205e-02  3.31220000e-06 -9.98976547e-06 
 3.31320000e-06  3.31320000e-06  3.31320000e-06  1.10726205e-02  3.31320000e-06 -9.98978097e-06 
 3.31420000e-06  3.31420000e-06  3.31420000e-06  1.10726205e-02  3.31420000e-06 -9.98976547e-06 
 3.31520000e-06  3.31520000e-06  3.31520000e-06  1.10726205e-02  3.31520000e-06 -9.98978097e-06 
 3.31620000e-06  3.31620000e-06  3.31620000e-06  1.10726205e-02  3.31620000e-06 -9.98976547e-06 
 3.31720000e-06  3.31720000e-06  3.31720000e-06  1.10726205e-02  3.31720000e-06 -9.98978097e-06 
 3.31820000e-06  3.31820000e-06  3.31820000e-06  1.10726205e-02  3.31820000e-06 -9.98976547e-06 
 3.31920000e-06  3.31920000e-06  3.31920000e-06  1.10726205e-02  3.31920000e-06 -9.98978097e-06 
 3.32020000e-06  3.32020000e-06  3.32020000e-06  1.10726205e-02  3.32020000e-06 -9.98976547e-06 
 3.32120000e-06  3.32120000e-06  3.32120000e-06  1.10726205e-02  3.32120000e-06 -9.98978097e-06 
 3.32220000e-06  3.32220000e-06  3.32220000e-06  1.10726205e-02  3.32220000e-06 -9.98976547e-06 
 3.32320000e-06  3.32320000e-06  3.32320000e-06  1.10726205e-02  3.32320000e-06 -9.98978097e-06 
 3.32420000e-06  3.32420000e-06  3.32420000e-06  1.10726205e-02  3.32420000e-06 -9.98976547e-06 
 3.32520000e-06  3.32520000e-06  3.32520000e-06  1.10726205e-02  3.32520000e-06 -9.98978097e-06 
 3.32620000e-06  3.32620000e-06  3.32620000e-06  1.10726205e-02  3.32620000e-06 -9.98976547e-06 
 3.32720000e-06  3.32720000e-06  3.32720000e-06  1.10726205e-02  3.32720000e-06 -9.98978097e-06 
 3.32820000e-06  3.32820000e-06  3.32820000e-06  1.10726205e-02  3.32820000e-06 -9.98976547e-06 
 3.32920000e-06  3.32920000e-06  3.32920000e-06  1.10726205e-02  3.32920000e-06 -9.98978097e-06 
 3.33020000e-06  3.33020000e-06  3.33020000e-06  1.10726205e-02  3.33020000e-06 -9.98976547e-06 
 3.33120000e-06  3.33120000e-06  3.33120000e-06  1.10726205e-02  3.33120000e-06 -9.98978097e-06 
 3.33220000e-06  3.33220000e-06  3.33220000e-06  1.10726205e-02  3.33220000e-06 -9.98976547e-06 
 3.33320000e-06  3.33320000e-06  3.33320000e-06  1.10726205e-02  3.33320000e-06 -9.98978097e-06 
 3.33420000e-06  3.33420000e-06  3.33420000e-06  1.10726205e-02  3.33420000e-06 -9.98976547e-06 
 3.33520000e-06  3.33520000e-06  3.33520000e-06  1.10726205e-02  3.33520000e-06 -9.98978097e-06 
 3.33620000e-06  3.33620000e-06  3.33620000e-06  1.10726205e-02  3.33620000e-06 -9.98976547e-06 
 3.33720000e-06  3.33720000e-06  3.33720000e-06  1.10726205e-02  3.33720000e-06 -9.98978097e-06 
 3.33820000e-06  3.33820000e-06  3.33820000e-06  1.10726205e-02  3.33820000e-06 -9.98976547e-06 
 3.33920000e-06  3.33920000e-06  3.33920000e-06  1.10726205e-02  3.33920000e-06 -9.98978097e-06 
 3.34020000e-06  3.34020000e-06  3.34020000e-06  1.10726205e-02  3.34020000e-06 -9.98976547e-06 
 3.34120000e-06  3.34120000e-06  3.34120000e-06  1.10726205e-02  3.34120000e-06 -9.98978097e-06 
 3.34220000e-06  3.34220000e-06  3.34220000e-06  1.10726205e-02  3.34220000e-06 -9.98976547e-06 
 3.34320000e-06  3.34320000e-06  3.34320000e-06  1.10726205e-02  3.34320000e-06 -9.98978097e-06 
 3.34420000e-06  3.34420000e-06  3.34420000e-06  1.10726205e-02  3.34420000e-06 -9.98976547e-06 
 3.34520000e-06  3.34520000e-06  3.34520000e-06  1.10726205e-02  3.34520000e-06 -9.98978097e-06 
 3.34620000e-06  3.34620000e-06  3.34620000e-06  1.10726205e-02  3.34620000e-06 -9.98976547e-06 
 3.34720000e-06  3.34720000e-06  3.34720000e-06  1.10726205e-02  3.34720000e-06 -9.98978097e-06 
 3.34820000e-06  3.34820000e-06  3.34820000e-06  1.10726205e-02  3.34820000e-06 -9.98976547e-06 
 3.34920000e-06  3.34920000e-06  3.34920000e-06  1.10726205e-02  3.34920000e-06 -9.98978097e-06 
 3.35020000e-06  3.35020000e-06  3.35020000e-06  1.10726205e-02  3.35020000e-06 -9.98976547e-06 
 3.35120000e-06  3.35120000e-06  3.35120000e-06  1.10726205e-02  3.35120000e-06 -9.98978097e-06 
 3.35220000e-06  3.35220000e-06  3.35220000e-06  1.10726205e-02  3.35220000e-06 -9.98976547e-06 
 3.35320000e-06  3.35320000e-06  3.35320000e-06  1.10726205e-02  3.35320000e-06 -9.98978097e-06 
 3.35420000e-06  3.35420000e-06  3.35420000e-06  1.10726205e-02  3.35420000e-06 -9.98976547e-06 
 3.35520000e-06  3.35520000e-06  3.35520000e-06  1.10726205e-02  3.35520000e-06 -9.98978097e-06 
 3.35620000e-06  3.35620000e-06  3.35620000e-06  1.10726205e-02  3.35620000e-06 -9.98976547e-06 
 3.35720000e-06  3.35720000e-06  3.35720000e-06  1.10726205e-02  3.35720000e-06 -9.98978097e-06 
 3.35820000e-06  3.35820000e-06  3.35820000e-06  1.10726205e-02  3.35820000e-06 -9.98976547e-06 
 3.35920000e-06  3.35920000e-06  3.35920000e-06  1.10726205e-02  3.35920000e-06 -9.98978097e-06 
 3.36020000e-06  3.36020000e-06  3.36020000e-06  1.10726205e-02  3.36020000e-06 -9.98976547e-06 
 3.36120000e-06  3.36120000e-06  3.36120000e-06  1.10726205e-02  3.36120000e-06 -9.98978097e-06 
 3.36220000e-06  3.36220000e-06  3.36220000e-06  1.10726205e-02  3.36220000e-06 -9.98976547e-06 
 3.36320000e-06  3.36320000e-06  3.36320000e-06  1.10726205e-02  3.36320000e-06 -9.98978097e-06 
 3.36420000e-06  3.36420000e-06  3.36420000e-06  1.10726205e-02  3.36420000e-06 -9.98976547e-06 
 3.36520000e-06  3.36520000e-06  3.36520000e-06  1.10726205e-02  3.36520000e-06 -9.98978097e-06 
 3.36620000e-06  3.36620000e-06  3.36620000e-06  1.10726205e-02  3.36620000e-06 -9.98976547e-06 
 3.36720000e-06  3.36720000e-06  3.36720000e-06  1.10726205e-02  3.36720000e-06 -9.98978097e-06 
 3.36820000e-06  3.36820000e-06  3.36820000e-06  1.10726205e-02  3.36820000e-06 -9.98976547e-06 
 3.36920000e-06  3.36920000e-06  3.36920000e-06  1.10726205e-02  3.36920000e-06 -9.98978097e-06 
 3.37020000e-06  3.37020000e-06  3.37020000e-06  1.10726205e-02  3.37020000e-06 -9.98976547e-06 
 3.37120000e-06  3.37120000e-06  3.37120000e-06  1.10726205e-02  3.37120000e-06 -9.98978097e-06 
 3.37220000e-06  3.37220000e-06  3.37220000e-06  1.10726205e-02  3.37220000e-06 -9.98976547e-06 
 3.37320000e-06  3.37320000e-06  3.37320000e-06  1.10726205e-02  3.37320000e-06 -9.98978097e-06 
 3.37420000e-06  3.37420000e-06  3.37420000e-06  1.10726205e-02  3.37420000e-06 -9.98976547e-06 
 3.37520000e-06  3.37520000e-06  3.37520000e-06  1.10726205e-02  3.37520000e-06 -9.98978097e-06 
 3.37620000e-06  3.37620000e-06  3.37620000e-06  1.10726205e-02  3.37620000e-06 -9.98976547e-06 
 3.37720000e-06  3.37720000e-06  3.37720000e-06  1.10726205e-02  3.37720000e-06 -9.98978097e-06 
 3.37820000e-06  3.37820000e-06  3.37820000e-06  1.10726205e-02  3.37820000e-06 -9.98976547e-06 
 3.37920000e-06  3.37920000e-06  3.37920000e-06  1.10726205e-02  3.37920000e-06 -9.98978097e-06 
 3.38020000e-06  3.38020000e-06  3.38020000e-06  1.10726205e-02  3.38020000e-06 -9.98976547e-06 
 3.38120000e-06  3.38120000e-06  3.38120000e-06  1.10726205e-02  3.38120000e-06 -9.98978097e-06 
 3.38220000e-06  3.38220000e-06  3.38220000e-06  1.10726205e-02  3.38220000e-06 -9.98976547e-06 
 3.38320000e-06  3.38320000e-06  3.38320000e-06  1.10726205e-02  3.38320000e-06 -9.98978097e-06 
 3.38420000e-06  3.38420000e-06  3.38420000e-06  1.10726205e-02  3.38420000e-06 -9.98976547e-06 
 3.38520000e-06  3.38520000e-06  3.38520000e-06  1.10726205e-02  3.38520000e-06 -9.98978097e-06 
 3.38620000e-06  3.38620000e-06  3.38620000e-06  1.10726205e-02  3.38620000e-06 -9.98976547e-06 
 3.38720000e-06  3.38720000e-06  3.38720000e-06  1.10726205e-02  3.38720000e-06 -9.98978097e-06 
 3.38820000e-06  3.38820000e-06  3.38820000e-06  1.10726205e-02  3.38820000e-06 -9.98976547e-06 
 3.38920000e-06  3.38920000e-06  3.38920000e-06  1.10726205e-02  3.38920000e-06 -9.98978097e-06 
 3.39020000e-06  3.39020000e-06  3.39020000e-06  1.10726205e-02  3.39020000e-06 -9.98976547e-06 
 3.39120000e-06  3.39120000e-06  3.39120000e-06  1.10726205e-02  3.39120000e-06 -9.98978097e-06 
 3.39220000e-06  3.39220000e-06  3.39220000e-06  1.10726205e-02  3.39220000e-06 -9.98976547e-06 
 3.39320000e-06  3.39320000e-06  3.39320000e-06  1.10726205e-02  3.39320000e-06 -9.98978097e-06 
 3.39420000e-06  3.39420000e-06  3.39420000e-06  1.10726205e-02  3.39420000e-06 -9.98976547e-06 
 3.39520000e-06  3.39520000e-06  3.39520000e-06  1.10726205e-02  3.39520000e-06 -9.98978097e-06 
 3.39620000e-06  3.39620000e-06  3.39620000e-06  1.10726205e-02  3.39620000e-06 -9.98976547e-06 
 3.39720000e-06  3.39720000e-06  3.39720000e-06  1.10726205e-02  3.39720000e-06 -9.98978097e-06 
 3.39820000e-06  3.39820000e-06  3.39820000e-06  1.10726205e-02  3.39820000e-06 -9.98976547e-06 
 3.39920000e-06  3.39920000e-06  3.39920000e-06  1.10726205e-02  3.39920000e-06 -9.98978097e-06 
 3.40020000e-06  3.40020000e-06  3.40020000e-06  1.10726205e-02  3.40020000e-06 -9.98976547e-06 
 3.40120000e-06  3.40120000e-06  3.40120000e-06  1.10726205e-02  3.40120000e-06 -9.98978097e-06 
 3.40220000e-06  3.40220000e-06  3.40220000e-06  1.10726205e-02  3.40220000e-06 -9.98976547e-06 
 3.40320000e-06  3.40320000e-06  3.40320000e-06  1.10726205e-02  3.40320000e-06 -9.98978097e-06 
 3.40420000e-06  3.40420000e-06  3.40420000e-06  1.10726205e-02  3.40420000e-06 -9.98976547e-06 
 3.40520000e-06  3.40520000e-06  3.40520000e-06  1.10726205e-02  3.40520000e-06 -9.98978097e-06 
 3.40620000e-06  3.40620000e-06  3.40620000e-06  1.10726205e-02  3.40620000e-06 -9.98976547e-06 
 3.40720000e-06  3.40720000e-06  3.40720000e-06  1.10726205e-02  3.40720000e-06 -9.98978097e-06 
 3.40820000e-06  3.40820000e-06  3.40820000e-06  1.10726205e-02  3.40820000e-06 -9.98976547e-06 
 3.40920000e-06  3.40920000e-06  3.40920000e-06  1.10726205e-02  3.40920000e-06 -9.98978097e-06 
 3.41020000e-06  3.41020000e-06  3.41020000e-06  1.10726205e-02  3.41020000e-06 -9.98976547e-06 
 3.41120000e-06  3.41120000e-06  3.41120000e-06  1.10726205e-02  3.41120000e-06 -9.98978097e-06 
 3.41220000e-06  3.41220000e-06  3.41220000e-06  1.10726205e-02  3.41220000e-06 -9.98976547e-06 
 3.41320000e-06  3.41320000e-06  3.41320000e-06  1.10726205e-02  3.41320000e-06 -9.98978097e-06 
 3.41420000e-06  3.41420000e-06  3.41420000e-06  1.10726205e-02  3.41420000e-06 -9.98976547e-06 
 3.41520000e-06  3.41520000e-06  3.41520000e-06  1.10726205e-02  3.41520000e-06 -9.98978097e-06 
 3.41620000e-06  3.41620000e-06  3.41620000e-06  1.10726205e-02  3.41620000e-06 -9.98976547e-06 
 3.41720000e-06  3.41720000e-06  3.41720000e-06  1.10726205e-02  3.41720000e-06 -9.98978097e-06 
 3.41820000e-06  3.41820000e-06  3.41820000e-06  1.10726205e-02  3.41820000e-06 -9.98976547e-06 
 3.41920000e-06  3.41920000e-06  3.41920000e-06  1.10726205e-02  3.41920000e-06 -9.98978097e-06 
 3.42020000e-06  3.42020000e-06  3.42020000e-06  1.10726205e-02  3.42020000e-06 -9.98976547e-06 
 3.42120000e-06  3.42120000e-06  3.42120000e-06  1.10726205e-02  3.42120000e-06 -9.98978097e-06 
 3.42220000e-06  3.42220000e-06  3.42220000e-06  1.10726205e-02  3.42220000e-06 -9.98976547e-06 
 3.42320000e-06  3.42320000e-06  3.42320000e-06  1.10726205e-02  3.42320000e-06 -9.98978097e-06 
 3.42420000e-06  3.42420000e-06  3.42420000e-06  1.10726205e-02  3.42420000e-06 -9.98976547e-06 
 3.42520000e-06  3.42520000e-06  3.42520000e-06  1.10726205e-02  3.42520000e-06 -9.98978097e-06 
 3.42620000e-06  3.42620000e-06  3.42620000e-06  1.10726205e-02  3.42620000e-06 -9.98976547e-06 
 3.42720000e-06  3.42720000e-06  3.42720000e-06  1.10726205e-02  3.42720000e-06 -9.98978097e-06 
 3.42820000e-06  3.42820000e-06  3.42820000e-06  1.10726205e-02  3.42820000e-06 -9.98976547e-06 
 3.42920000e-06  3.42920000e-06  3.42920000e-06  1.10726205e-02  3.42920000e-06 -9.98978097e-06 
 3.43020000e-06  3.43020000e-06  3.43020000e-06  1.10726205e-02  3.43020000e-06 -9.98976547e-06 
 3.43120000e-06  3.43120000e-06  3.43120000e-06  1.10726205e-02  3.43120000e-06 -9.98978097e-06 
 3.43220000e-06  3.43220000e-06  3.43220000e-06  1.10726205e-02  3.43220000e-06 -9.98976547e-06 
 3.43320000e-06  3.43320000e-06  3.43320000e-06  1.10726205e-02  3.43320000e-06 -9.98978097e-06 
 3.43420000e-06  3.43420000e-06  3.43420000e-06  1.10726205e-02  3.43420000e-06 -9.98976547e-06 
 3.43520000e-06  3.43520000e-06  3.43520000e-06  1.10726205e-02  3.43520000e-06 -9.98978097e-06 
 3.43620000e-06  3.43620000e-06  3.43620000e-06  1.10726205e-02  3.43620000e-06 -9.98976547e-06 
 3.43720000e-06  3.43720000e-06  3.43720000e-06  1.10726205e-02  3.43720000e-06 -9.98978097e-06 
 3.43820000e-06  3.43820000e-06  3.43820000e-06  1.10726205e-02  3.43820000e-06 -9.98976547e-06 
 3.43920000e-06  3.43920000e-06  3.43920000e-06  1.10726205e-02  3.43920000e-06 -9.98978097e-06 
 3.44020000e-06  3.44020000e-06  3.44020000e-06  1.10726205e-02  3.44020000e-06 -9.98976547e-06 
 3.44120000e-06  3.44120000e-06  3.44120000e-06  1.10726205e-02  3.44120000e-06 -9.98978097e-06 
 3.44220000e-06  3.44220000e-06  3.44220000e-06  1.10726205e-02  3.44220000e-06 -9.98976547e-06 
 3.44320000e-06  3.44320000e-06  3.44320000e-06  1.10726205e-02  3.44320000e-06 -9.98978097e-06 
 3.44420000e-06  3.44420000e-06  3.44420000e-06  1.10726205e-02  3.44420000e-06 -9.98976547e-06 
 3.44520000e-06  3.44520000e-06  3.44520000e-06  1.10726205e-02  3.44520000e-06 -9.98978097e-06 
 3.44620000e-06  3.44620000e-06  3.44620000e-06  1.10726205e-02  3.44620000e-06 -9.98976547e-06 
 3.44720000e-06  3.44720000e-06  3.44720000e-06  1.10726205e-02  3.44720000e-06 -9.98978097e-06 
 3.44820000e-06  3.44820000e-06  3.44820000e-06  1.10726205e-02  3.44820000e-06 -9.98976547e-06 
 3.44920000e-06  3.44920000e-06  3.44920000e-06  1.10726205e-02  3.44920000e-06 -9.98978097e-06 
 3.45020000e-06  3.45020000e-06  3.45020000e-06  1.10726205e-02  3.45020000e-06 -9.98976547e-06 
 3.45120000e-06  3.45120000e-06  3.45120000e-06  1.10726205e-02  3.45120000e-06 -9.98978097e-06 
 3.45220000e-06  3.45220000e-06  3.45220000e-06  1.10726205e-02  3.45220000e-06 -9.98976547e-06 
 3.45320000e-06  3.45320000e-06  3.45320000e-06  1.10726205e-02  3.45320000e-06 -9.98978097e-06 
 3.45420000e-06  3.45420000e-06  3.45420000e-06  1.10726205e-02  3.45420000e-06 -9.98976547e-06 
 3.45520000e-06  3.45520000e-06  3.45520000e-06  1.10726205e-02  3.45520000e-06 -9.98978097e-06 
 3.45620000e-06  3.45620000e-06  3.45620000e-06  1.10726205e-02  3.45620000e-06 -9.98976547e-06 
 3.45720000e-06  3.45720000e-06  3.45720000e-06  1.10726205e-02  3.45720000e-06 -9.98978097e-06 
 3.45820000e-06  3.45820000e-06  3.45820000e-06  1.10726205e-02  3.45820000e-06 -9.98976547e-06 
 3.45920000e-06  3.45920000e-06  3.45920000e-06  1.10726205e-02  3.45920000e-06 -9.98978097e-06 
 3.46020000e-06  3.46020000e-06  3.46020000e-06  1.10726205e-02  3.46020000e-06 -9.98976547e-06 
 3.46120000e-06  3.46120000e-06  3.46120000e-06  1.10726205e-02  3.46120000e-06 -9.98978097e-06 
 3.46220000e-06  3.46220000e-06  3.46220000e-06  1.10726205e-02  3.46220000e-06 -9.98976547e-06 
 3.46320000e-06  3.46320000e-06  3.46320000e-06  1.10726205e-02  3.46320000e-06 -9.98978097e-06 
 3.46420000e-06  3.46420000e-06  3.46420000e-06  1.10726205e-02  3.46420000e-06 -9.98976547e-06 
 3.46520000e-06  3.46520000e-06  3.46520000e-06  1.10726205e-02  3.46520000e-06 -9.98978097e-06 
 3.46620000e-06  3.46620000e-06  3.46620000e-06  1.10726205e-02  3.46620000e-06 -9.98976547e-06 
 3.46720000e-06  3.46720000e-06  3.46720000e-06  1.10726205e-02  3.46720000e-06 -9.98978097e-06 
 3.46820000e-06  3.46820000e-06  3.46820000e-06  1.10726205e-02  3.46820000e-06 -9.98976547e-06 
 3.46920000e-06  3.46920000e-06  3.46920000e-06  1.10726205e-02  3.46920000e-06 -9.98978097e-06 
 3.47020000e-06  3.47020000e-06  3.47020000e-06  1.10726205e-02  3.47020000e-06 -9.98976547e-06 
 3.47120000e-06  3.47120000e-06  3.47120000e-06  1.10726205e-02  3.47120000e-06 -9.98978097e-06 
 3.47220000e-06  3.47220000e-06  3.47220000e-06  1.10726205e-02  3.47220000e-06 -9.98976547e-06 
 3.47320000e-06  3.47320000e-06  3.47320000e-06  1.10726205e-02  3.47320000e-06 -9.98978097e-06 
 3.47420000e-06  3.47420000e-06  3.47420000e-06  1.10726205e-02  3.47420000e-06 -9.98976547e-06 
 3.47520000e-06  3.47520000e-06  3.47520000e-06  1.10726205e-02  3.47520000e-06 -9.98978097e-06 
 3.47620000e-06  3.47620000e-06  3.47620000e-06  1.10726205e-02  3.47620000e-06 -9.98976547e-06 
 3.47720000e-06  3.47720000e-06  3.47720000e-06  1.10726205e-02  3.47720000e-06 -9.98978097e-06 
 3.47820000e-06  3.47820000e-06  3.47820000e-06  1.10726205e-02  3.47820000e-06 -9.98976547e-06 
 3.47920000e-06  3.47920000e-06  3.47920000e-06  1.10726205e-02  3.47920000e-06 -9.98978097e-06 
 3.48020000e-06  3.48020000e-06  3.48020000e-06  1.10726205e-02  3.48020000e-06 -9.98976547e-06 
 3.48120000e-06  3.48120000e-06  3.48120000e-06  1.10726205e-02  3.48120000e-06 -9.98978097e-06 
 3.48220000e-06  3.48220000e-06  3.48220000e-06  1.10726205e-02  3.48220000e-06 -9.98976547e-06 
 3.48320000e-06  3.48320000e-06  3.48320000e-06  1.10726205e-02  3.48320000e-06 -9.98978097e-06 
 3.48420000e-06  3.48420000e-06  3.48420000e-06  1.10726205e-02  3.48420000e-06 -9.98976547e-06 
 3.48520000e-06  3.48520000e-06  3.48520000e-06  1.10726205e-02  3.48520000e-06 -9.98978097e-06 
 3.48620000e-06  3.48620000e-06  3.48620000e-06  1.10726205e-02  3.48620000e-06 -9.98976547e-06 
 3.48720000e-06  3.48720000e-06  3.48720000e-06  1.10726205e-02  3.48720000e-06 -9.98978097e-06 
 3.48820000e-06  3.48820000e-06  3.48820000e-06  1.10726205e-02  3.48820000e-06 -9.98976547e-06 
 3.48920000e-06  3.48920000e-06  3.48920000e-06  1.10726205e-02  3.48920000e-06 -9.98978097e-06 
 3.49020000e-06  3.49020000e-06  3.49020000e-06  1.10726205e-02  3.49020000e-06 -9.98976547e-06 
 3.49120000e-06  3.49120000e-06  3.49120000e-06  1.10726205e-02  3.49120000e-06 -9.98978097e-06 
 3.49220000e-06  3.49220000e-06  3.49220000e-06  1.10726205e-02  3.49220000e-06 -9.98976547e-06 
 3.49320000e-06  3.49320000e-06  3.49320000e-06  1.10726205e-02  3.49320000e-06 -9.98978097e-06 
 3.49420000e-06  3.49420000e-06  3.49420000e-06  1.10726205e-02  3.49420000e-06 -9.98976547e-06 
 3.49520000e-06  3.49520000e-06  3.49520000e-06  1.10726205e-02  3.49520000e-06 -9.98978097e-06 
 3.49620000e-06  3.49620000e-06  3.49620000e-06  1.10726205e-02  3.49620000e-06 -9.98976547e-06 
 3.49720000e-06  3.49720000e-06  3.49720000e-06  1.10726205e-02  3.49720000e-06 -9.98978097e-06 
 3.49820000e-06  3.49820000e-06  3.49820000e-06  1.10726205e-02  3.49820000e-06 -9.98976547e-06 
 3.49920000e-06  3.49920000e-06  3.49920000e-06  1.10726205e-02  3.49920000e-06 -9.98978097e-06 
 3.50020000e-06  3.50020000e-06  3.50020000e-06  1.10726205e-02  3.50020000e-06 -9.98976547e-06 
 3.50120000e-06  3.50120000e-06  3.50120000e-06  1.10726205e-02  3.50120000e-06 -9.98978097e-06 
 3.50220000e-06  3.50220000e-06  3.50220000e-06  1.10726205e-02  3.50220000e-06 -9.98976547e-06 
 3.50320000e-06  3.50320000e-06  3.50320000e-06  1.10726205e-02  3.50320000e-06 -9.98978097e-06 
 3.50420000e-06  3.50420000e-06  3.50420000e-06  1.10726205e-02  3.50420000e-06 -9.98976547e-06 
 3.50520000e-06  3.50520000e-06  3.50520000e-06  1.10726205e-02  3.50520000e-06 -9.98978097e-06 
 3.50620000e-06  3.50620000e-06  3.50620000e-06  1.10726205e-02  3.50620000e-06 -9.98976547e-06 
 3.50720000e-06  3.50720000e-06  3.50720000e-06  1.10726205e-02  3.50720000e-06 -9.98978097e-06 
 3.50820000e-06  3.50820000e-06  3.50820000e-06  1.10726205e-02  3.50820000e-06 -9.98976547e-06 
 3.50920000e-06  3.50920000e-06  3.50920000e-06  1.10726205e-02  3.50920000e-06 -9.98978097e-06 
 3.51020000e-06  3.51020000e-06  3.51020000e-06  1.10726205e-02  3.51020000e-06 -9.98976547e-06 
 3.51120000e-06  3.51120000e-06  3.51120000e-06  1.10726205e-02  3.51120000e-06 -9.98978097e-06 
 3.51220000e-06  3.51220000e-06  3.51220000e-06  1.10726205e-02  3.51220000e-06 -9.98976547e-06 
 3.51320000e-06  3.51320000e-06  3.51320000e-06  1.10726205e-02  3.51320000e-06 -9.98978097e-06 
 3.51420000e-06  3.51420000e-06  3.51420000e-06  1.10726205e-02  3.51420000e-06 -9.98976547e-06 
 3.51520000e-06  3.51520000e-06  3.51520000e-06  1.10726205e-02  3.51520000e-06 -9.98978097e-06 
 3.51620000e-06  3.51620000e-06  3.51620000e-06  1.10726205e-02  3.51620000e-06 -9.98976547e-06 
 3.51720000e-06  3.51720000e-06  3.51720000e-06  1.10726205e-02  3.51720000e-06 -9.98978097e-06 
 3.51820000e-06  3.51820000e-06  3.51820000e-06  1.10726205e-02  3.51820000e-06 -9.98976547e-06 
 3.51920000e-06  3.51920000e-06  3.51920000e-06  1.10726205e-02  3.51920000e-06 -9.98978097e-06 
 3.52020000e-06  3.52020000e-06  3.52020000e-06  1.10726205e-02  3.52020000e-06 -9.98976547e-06 
 3.52120000e-06  3.52120000e-06  3.52120000e-06  1.10726205e-02  3.52120000e-06 -9.98978097e-06 
 3.52220000e-06  3.52220000e-06  3.52220000e-06  1.10726205e-02  3.52220000e-06 -9.98976547e-06 
 3.52320000e-06  3.52320000e-06  3.52320000e-06  1.10726205e-02  3.52320000e-06 -9.98978097e-06 
 3.52420000e-06  3.52420000e-06  3.52420000e-06  1.10726205e-02  3.52420000e-06 -9.98976547e-06 
 3.52520000e-06  3.52520000e-06  3.52520000e-06  1.10726205e-02  3.52520000e-06 -9.98978097e-06 
 3.52620000e-06  3.52620000e-06  3.52620000e-06  1.10726205e-02  3.52620000e-06 -9.98976547e-06 
 3.52720000e-06  3.52720000e-06  3.52720000e-06  1.10726205e-02  3.52720000e-06 -9.98978097e-06 
 3.52820000e-06  3.52820000e-06  3.52820000e-06  1.10726205e-02  3.52820000e-06 -9.98976547e-06 
 3.52920000e-06  3.52920000e-06  3.52920000e-06  1.10726205e-02  3.52920000e-06 -9.98978097e-06 
 3.53020000e-06  3.53020000e-06  3.53020000e-06  1.10726205e-02  3.53020000e-06 -9.98976547e-06 
 3.53120000e-06  3.53120000e-06  3.53120000e-06  1.10726205e-02  3.53120000e-06 -9.98978097e-06 
 3.53220000e-06  3.53220000e-06  3.53220000e-06  1.10726205e-02  3.53220000e-06 -9.98976547e-06 
 3.53320000e-06  3.53320000e-06  3.53320000e-06  1.10726205e-02  3.53320000e-06 -9.98978097e-06 
 3.53420000e-06  3.53420000e-06  3.53420000e-06  1.10726205e-02  3.53420000e-06 -9.98976547e-06 
 3.53520000e-06  3.53520000e-06  3.53520000e-06  1.10726205e-02  3.53520000e-06 -9.98978097e-06 
 3.53620000e-06  3.53620000e-06  3.53620000e-06  1.10726205e-02  3.53620000e-06 -9.98976547e-06 
 3.53720000e-06  3.53720000e-06  3.53720000e-06  1.10726205e-02  3.53720000e-06 -9.98978097e-06 
 3.53820000e-06  3.53820000e-06  3.53820000e-06  1.10726205e-02  3.53820000e-06 -9.98976547e-06 
 3.53920000e-06  3.53920000e-06  3.53920000e-06  1.10726205e-02  3.53920000e-06 -9.98978097e-06 
 3.54020000e-06  3.54020000e-06  3.54020000e-06  1.10726205e-02  3.54020000e-06 -9.98976547e-06 
 3.54120000e-06  3.54120000e-06  3.54120000e-06  1.10726205e-02  3.54120000e-06 -9.98978097e-06 
 3.54220000e-06  3.54220000e-06  3.54220000e-06  1.10726205e-02  3.54220000e-06 -9.98976547e-06 
 3.54320000e-06  3.54320000e-06  3.54320000e-06  1.10726205e-02  3.54320000e-06 -9.98978097e-06 
 3.54420000e-06  3.54420000e-06  3.54420000e-06  1.10726205e-02  3.54420000e-06 -9.98976547e-06 
 3.54520000e-06  3.54520000e-06  3.54520000e-06  1.10726205e-02  3.54520000e-06 -9.98978097e-06 
 3.54620000e-06  3.54620000e-06  3.54620000e-06  1.10726205e-02  3.54620000e-06 -9.98976547e-06 
 3.54720000e-06  3.54720000e-06  3.54720000e-06  1.10726205e-02  3.54720000e-06 -9.98978097e-06 
 3.54820000e-06  3.54820000e-06  3.54820000e-06  1.10726205e-02  3.54820000e-06 -9.98976547e-06 
 3.54920000e-06  3.54920000e-06  3.54920000e-06  1.10726205e-02  3.54920000e-06 -9.98978097e-06 
 3.55020000e-06  3.55020000e-06  3.55020000e-06  1.10726205e-02  3.55020000e-06 -9.98976547e-06 
 3.55120000e-06  3.55120000e-06  3.55120000e-06  1.10726205e-02  3.55120000e-06 -9.98978097e-06 
 3.55220000e-06  3.55220000e-06  3.55220000e-06  1.10726205e-02  3.55220000e-06 -9.98976547e-06 
 3.55320000e-06  3.55320000e-06  3.55320000e-06  1.10726205e-02  3.55320000e-06 -9.98978097e-06 
 3.55420000e-06  3.55420000e-06  3.55420000e-06  1.10726205e-02  3.55420000e-06 -9.98976547e-06 
 3.55520000e-06  3.55520000e-06  3.55520000e-06  1.10726205e-02  3.55520000e-06 -9.98978097e-06 
 3.55620000e-06  3.55620000e-06  3.55620000e-06  1.10726205e-02  3.55620000e-06 -9.98976547e-06 
 3.55720000e-06  3.55720000e-06  3.55720000e-06  1.10726205e-02  3.55720000e-06 -9.98978097e-06 
 3.55820000e-06  3.55820000e-06  3.55820000e-06  1.10726205e-02  3.55820000e-06 -9.98976547e-06 
 3.55920000e-06  3.55920000e-06  3.55920000e-06  1.10726205e-02  3.55920000e-06 -9.98978097e-06 
 3.56020000e-06  3.56020000e-06  3.56020000e-06  1.10726205e-02  3.56020000e-06 -9.98976547e-06 
 3.56120000e-06  3.56120000e-06  3.56120000e-06  1.10726205e-02  3.56120000e-06 -9.98978097e-06 
 3.56220000e-06  3.56220000e-06  3.56220000e-06  1.10726205e-02  3.56220000e-06 -9.98976547e-06 
 3.56320000e-06  3.56320000e-06  3.56320000e-06  1.10726205e-02  3.56320000e-06 -9.98978097e-06 
 3.56420000e-06  3.56420000e-06  3.56420000e-06  1.10726205e-02  3.56420000e-06 -9.98976547e-06 
 3.56520000e-06  3.56520000e-06  3.56520000e-06  1.10726205e-02  3.56520000e-06 -9.98978097e-06 
 3.56620000e-06  3.56620000e-06  3.56620000e-06  1.10726205e-02  3.56620000e-06 -9.98976547e-06 
 3.56720000e-06  3.56720000e-06  3.56720000e-06  1.10726205e-02  3.56720000e-06 -9.98978097e-06 
 3.56820000e-06  3.56820000e-06  3.56820000e-06  1.10726205e-02  3.56820000e-06 -9.98976547e-06 
 3.56920000e-06  3.56920000e-06  3.56920000e-06  1.10726205e-02  3.56920000e-06 -9.98978097e-06 
 3.57020000e-06  3.57020000e-06  3.57020000e-06  1.10726205e-02  3.57020000e-06 -9.98976547e-06 
 3.57120000e-06  3.57120000e-06  3.57120000e-06  1.10726205e-02  3.57120000e-06 -9.98978097e-06 
 3.57220000e-06  3.57220000e-06  3.57220000e-06  1.10726205e-02  3.57220000e-06 -9.98976547e-06 
 3.57320000e-06  3.57320000e-06  3.57320000e-06  1.10726205e-02  3.57320000e-06 -9.98978097e-06 
 3.57420000e-06  3.57420000e-06  3.57420000e-06  1.10726205e-02  3.57420000e-06 -9.98976547e-06 
 3.57520000e-06  3.57520000e-06  3.57520000e-06  1.10726205e-02  3.57520000e-06 -9.98978097e-06 
 3.57620000e-06  3.57620000e-06  3.57620000e-06  1.10726205e-02  3.57620000e-06 -9.98976547e-06 
 3.57720000e-06  3.57720000e-06  3.57720000e-06  1.10726205e-02  3.57720000e-06 -9.98978097e-06 
 3.57820000e-06  3.57820000e-06  3.57820000e-06  1.10726205e-02  3.57820000e-06 -9.98976547e-06 
 3.57920000e-06  3.57920000e-06  3.57920000e-06  1.10726205e-02  3.57920000e-06 -9.98978097e-06 
 3.58020000e-06  3.58020000e-06  3.58020000e-06  1.10726205e-02  3.58020000e-06 -9.98976547e-06 
 3.58120000e-06  3.58120000e-06  3.58120000e-06  1.10726205e-02  3.58120000e-06 -9.98978097e-06 
 3.58220000e-06  3.58220000e-06  3.58220000e-06  1.10726205e-02  3.58220000e-06 -9.98976547e-06 
 3.58320000e-06  3.58320000e-06  3.58320000e-06  1.10726205e-02  3.58320000e-06 -9.98978097e-06 
 3.58420000e-06  3.58420000e-06  3.58420000e-06  1.10726205e-02  3.58420000e-06 -9.98976547e-06 
 3.58520000e-06  3.58520000e-06  3.58520000e-06  1.10726205e-02  3.58520000e-06 -9.98978097e-06 
 3.58620000e-06  3.58620000e-06  3.58620000e-06  1.10726205e-02  3.58620000e-06 -9.98976547e-06 
 3.58720000e-06  3.58720000e-06  3.58720000e-06  1.10726205e-02  3.58720000e-06 -9.98978097e-06 
 3.58820000e-06  3.58820000e-06  3.58820000e-06  1.10726205e-02  3.58820000e-06 -9.98976547e-06 
 3.58920000e-06  3.58920000e-06  3.58920000e-06  1.10726205e-02  3.58920000e-06 -9.98978097e-06 
 3.59020000e-06  3.59020000e-06  3.59020000e-06  1.10726205e-02  3.59020000e-06 -9.98976547e-06 
 3.59120000e-06  3.59120000e-06  3.59120000e-06  1.10726205e-02  3.59120000e-06 -9.98978097e-06 
 3.59220000e-06  3.59220000e-06  3.59220000e-06  1.10726205e-02  3.59220000e-06 -9.98976547e-06 
 3.59320000e-06  3.59320000e-06  3.59320000e-06  1.10726205e-02  3.59320000e-06 -9.98978097e-06 
 3.59420000e-06  3.59420000e-06  3.59420000e-06  1.10726205e-02  3.59420000e-06 -9.98976547e-06 
 3.59520000e-06  3.59520000e-06  3.59520000e-06  1.10726205e-02  3.59520000e-06 -9.98978097e-06 
 3.59620000e-06  3.59620000e-06  3.59620000e-06  1.10726205e-02  3.59620000e-06 -9.98976547e-06 
 3.59720000e-06  3.59720000e-06  3.59720000e-06  1.10726205e-02  3.59720000e-06 -9.98978097e-06 
 3.59820000e-06  3.59820000e-06  3.59820000e-06  1.10726205e-02  3.59820000e-06 -9.98976547e-06 
 3.59920000e-06  3.59920000e-06  3.59920000e-06  1.10726205e-02  3.59920000e-06 -9.98978097e-06 
 3.60020000e-06  3.60020000e-06  3.60020000e-06  1.10726205e-02  3.60020000e-06 -9.98976547e-06 
 3.60120000e-06  3.60120000e-06  3.60120000e-06  1.10726205e-02  3.60120000e-06 -9.98978097e-06 
 3.60220000e-06  3.60220000e-06  3.60220000e-06  1.10726205e-02  3.60220000e-06 -9.98976547e-06 
 3.60320000e-06  3.60320000e-06  3.60320000e-06  1.10726205e-02  3.60320000e-06 -9.98978097e-06 
 3.60420000e-06  3.60420000e-06  3.60420000e-06  1.10726205e-02  3.60420000e-06 -9.98976547e-06 
 3.60520000e-06  3.60520000e-06  3.60520000e-06  1.10726205e-02  3.60520000e-06 -9.98978097e-06 
 3.60620000e-06  3.60620000e-06  3.60620000e-06  1.10726205e-02  3.60620000e-06 -9.98976547e-06 
 3.60720000e-06  3.60720000e-06  3.60720000e-06  1.10726205e-02  3.60720000e-06 -9.98978097e-06 
 3.60820000e-06  3.60820000e-06  3.60820000e-06  1.10726205e-02  3.60820000e-06 -9.98976547e-06 
 3.60920000e-06  3.60920000e-06  3.60920000e-06  1.10726205e-02  3.60920000e-06 -9.98978097e-06 
 3.61020000e-06  3.61020000e-06  3.61020000e-06  1.10726205e-02  3.61020000e-06 -9.98976547e-06 
 3.61120000e-06  3.61120000e-06  3.61120000e-06  1.10726205e-02  3.61120000e-06 -9.98978097e-06 
 3.61220000e-06  3.61220000e-06  3.61220000e-06  1.10726205e-02  3.61220000e-06 -9.98976547e-06 
 3.61320000e-06  3.61320000e-06  3.61320000e-06  1.10726205e-02  3.61320000e-06 -9.98978097e-06 
 3.61420000e-06  3.61420000e-06  3.61420000e-06  1.10726205e-02  3.61420000e-06 -9.98976547e-06 
 3.61520000e-06  3.61520000e-06  3.61520000e-06  1.10726205e-02  3.61520000e-06 -9.98978097e-06 
 3.61620000e-06  3.61620000e-06  3.61620000e-06  1.10726205e-02  3.61620000e-06 -9.98976547e-06 
 3.61720000e-06  3.61720000e-06  3.61720000e-06  1.10726205e-02  3.61720000e-06 -9.98978097e-06 
 3.61820000e-06  3.61820000e-06  3.61820000e-06  1.10726205e-02  3.61820000e-06 -9.98976547e-06 
 3.61920000e-06  3.61920000e-06  3.61920000e-06  1.10726205e-02  3.61920000e-06 -9.98978097e-06 
 3.62020000e-06  3.62020000e-06  3.62020000e-06  1.10726205e-02  3.62020000e-06 -9.98976547e-06 
 3.62120000e-06  3.62120000e-06  3.62120000e-06  1.10726205e-02  3.62120000e-06 -9.98978097e-06 
 3.62220000e-06  3.62220000e-06  3.62220000e-06  1.10726205e-02  3.62220000e-06 -9.98976547e-06 
 3.62320000e-06  3.62320000e-06  3.62320000e-06  1.10726205e-02  3.62320000e-06 -9.98978097e-06 
 3.62420000e-06  3.62420000e-06  3.62420000e-06  1.10726205e-02  3.62420000e-06 -9.98976547e-06 
 3.62520000e-06  3.62520000e-06  3.62520000e-06  1.10726205e-02  3.62520000e-06 -9.98978097e-06 
 3.62620000e-06  3.62620000e-06  3.62620000e-06  1.10726205e-02  3.62620000e-06 -9.98976547e-06 
 3.62720000e-06  3.62720000e-06  3.62720000e-06  1.10726205e-02  3.62720000e-06 -9.98978097e-06 
 3.62820000e-06  3.62820000e-06  3.62820000e-06  1.10726205e-02  3.62820000e-06 -9.98976547e-06 
 3.62920000e-06  3.62920000e-06  3.62920000e-06  1.10726205e-02  3.62920000e-06 -9.98978097e-06 
 3.63020000e-06  3.63020000e-06  3.63020000e-06  1.10726205e-02  3.63020000e-06 -9.98976547e-06 
 3.63120000e-06  3.63120000e-06  3.63120000e-06  1.10726205e-02  3.63120000e-06 -9.98978097e-06 
 3.63220000e-06  3.63220000e-06  3.63220000e-06  1.10726205e-02  3.63220000e-06 -9.98976547e-06 
 3.63320000e-06  3.63320000e-06  3.63320000e-06  1.10726205e-02  3.63320000e-06 -9.98978097e-06 
 3.63420000e-06  3.63420000e-06  3.63420000e-06  1.10726205e-02  3.63420000e-06 -9.98976547e-06 
 3.63520000e-06  3.63520000e-06  3.63520000e-06  1.10726205e-02  3.63520000e-06 -9.98978097e-06 
 3.63620000e-06  3.63620000e-06  3.63620000e-06  1.10726205e-02  3.63620000e-06 -9.98976547e-06 
 3.63720000e-06  3.63720000e-06  3.63720000e-06  1.10726205e-02  3.63720000e-06 -9.98978097e-06 
 3.63820000e-06  3.63820000e-06  3.63820000e-06  1.10726205e-02  3.63820000e-06 -9.98976547e-06 
 3.63920000e-06  3.63920000e-06  3.63920000e-06  1.10726205e-02  3.63920000e-06 -9.98978097e-06 
 3.64020000e-06  3.64020000e-06  3.64020000e-06  1.10726205e-02  3.64020000e-06 -9.98976547e-06 
 3.64120000e-06  3.64120000e-06  3.64120000e-06  1.10726205e-02  3.64120000e-06 -9.98978097e-06 
 3.64220000e-06  3.64220000e-06  3.64220000e-06  1.10726205e-02  3.64220000e-06 -9.98976547e-06 
 3.64320000e-06  3.64320000e-06  3.64320000e-06  1.10726205e-02  3.64320000e-06 -9.98978097e-06 
 3.64420000e-06  3.64420000e-06  3.64420000e-06  1.10726205e-02  3.64420000e-06 -9.98976547e-06 
 3.64520000e-06  3.64520000e-06  3.64520000e-06  1.10726205e-02  3.64520000e-06 -9.98978097e-06 
 3.64620000e-06  3.64620000e-06  3.64620000e-06  1.10726205e-02  3.64620000e-06 -9.98976547e-06 
 3.64720000e-06  3.64720000e-06  3.64720000e-06  1.10726205e-02  3.64720000e-06 -9.98978097e-06 
 3.64820000e-06  3.64820000e-06  3.64820000e-06  1.10726205e-02  3.64820000e-06 -9.98976547e-06 
 3.64920000e-06  3.64920000e-06  3.64920000e-06  1.10726205e-02  3.64920000e-06 -9.98978097e-06 
 3.65020000e-06  3.65020000e-06  3.65020000e-06  1.10726205e-02  3.65020000e-06 -9.98976547e-06 
 3.65120000e-06  3.65120000e-06  3.65120000e-06  1.10726205e-02  3.65120000e-06 -9.98978097e-06 
 3.65220000e-06  3.65220000e-06  3.65220000e-06  1.10726205e-02  3.65220000e-06 -9.98976547e-06 
 3.65320000e-06  3.65320000e-06  3.65320000e-06  1.10726205e-02  3.65320000e-06 -9.98978097e-06 
 3.65420000e-06  3.65420000e-06  3.65420000e-06  1.10726205e-02  3.65420000e-06 -9.98976547e-06 
 3.65520000e-06  3.65520000e-06  3.65520000e-06  1.10726205e-02  3.65520000e-06 -9.98978097e-06 
 3.65620000e-06  3.65620000e-06  3.65620000e-06  1.10726205e-02  3.65620000e-06 -9.98976547e-06 
 3.65720000e-06  3.65720000e-06  3.65720000e-06  1.10726205e-02  3.65720000e-06 -9.98978097e-06 
 3.65820000e-06  3.65820000e-06  3.65820000e-06  1.10726205e-02  3.65820000e-06 -9.98976547e-06 
 3.65920000e-06  3.65920000e-06  3.65920000e-06  1.10726205e-02  3.65920000e-06 -9.98978097e-06 
 3.66020000e-06  3.66020000e-06  3.66020000e-06  1.10726205e-02  3.66020000e-06 -9.98976547e-06 
 3.66120000e-06  3.66120000e-06  3.66120000e-06  1.10726205e-02  3.66120000e-06 -9.98978097e-06 
 3.66220000e-06  3.66220000e-06  3.66220000e-06  1.10726205e-02  3.66220000e-06 -9.98976547e-06 
 3.66320000e-06  3.66320000e-06  3.66320000e-06  1.10726205e-02  3.66320000e-06 -9.98978097e-06 
 3.66420000e-06  3.66420000e-06  3.66420000e-06  1.10726205e-02  3.66420000e-06 -9.98976547e-06 
 3.66520000e-06  3.66520000e-06  3.66520000e-06  1.10726205e-02  3.66520000e-06 -9.98978097e-06 
 3.66620000e-06  3.66620000e-06  3.66620000e-06  1.10726205e-02  3.66620000e-06 -9.98976547e-06 
 3.66720000e-06  3.66720000e-06  3.66720000e-06  1.10726205e-02  3.66720000e-06 -9.98978097e-06 
 3.66820000e-06  3.66820000e-06  3.66820000e-06  1.10726205e-02  3.66820000e-06 -9.98976547e-06 
 3.66920000e-06  3.66920000e-06  3.66920000e-06  1.10726205e-02  3.66920000e-06 -9.98978097e-06 
 3.67020000e-06  3.67020000e-06  3.67020000e-06  1.10726205e-02  3.67020000e-06 -9.98976547e-06 
 3.67120000e-06  3.67120000e-06  3.67120000e-06  1.10726205e-02  3.67120000e-06 -9.98978097e-06 
 3.67220000e-06  3.67220000e-06  3.67220000e-06  1.10726205e-02  3.67220000e-06 -9.98976547e-06 
 3.67320000e-06  3.67320000e-06  3.67320000e-06  1.10726205e-02  3.67320000e-06 -9.98978097e-06 
 3.67420000e-06  3.67420000e-06  3.67420000e-06  1.10726205e-02  3.67420000e-06 -9.98976547e-06 
 3.67520000e-06  3.67520000e-06  3.67520000e-06  1.10726205e-02  3.67520000e-06 -9.98978097e-06 
 3.67620000e-06  3.67620000e-06  3.67620000e-06  1.10726205e-02  3.67620000e-06 -9.98976547e-06 
 3.67720000e-06  3.67720000e-06  3.67720000e-06  1.10726205e-02  3.67720000e-06 -9.98978097e-06 
 3.67820000e-06  3.67820000e-06  3.67820000e-06  1.10726205e-02  3.67820000e-06 -9.98976547e-06 
 3.67920000e-06  3.67920000e-06  3.67920000e-06  1.10726205e-02  3.67920000e-06 -9.98978097e-06 
 3.68020000e-06  3.68020000e-06  3.68020000e-06  1.10726205e-02  3.68020000e-06 -9.98976547e-06 
 3.68120000e-06  3.68120000e-06  3.68120000e-06  1.10726205e-02  3.68120000e-06 -9.98978097e-06 
 3.68220000e-06  3.68220000e-06  3.68220000e-06  1.10726205e-02  3.68220000e-06 -9.98976547e-06 
 3.68320000e-06  3.68320000e-06  3.68320000e-06  1.10726205e-02  3.68320000e-06 -9.98978097e-06 
 3.68420000e-06  3.68420000e-06  3.68420000e-06  1.10726205e-02  3.68420000e-06 -9.98976547e-06 
 3.68520000e-06  3.68520000e-06  3.68520000e-06  1.10726205e-02  3.68520000e-06 -9.98978097e-06 
 3.68620000e-06  3.68620000e-06  3.68620000e-06  1.10726205e-02  3.68620000e-06 -9.98976547e-06 
 3.68720000e-06  3.68720000e-06  3.68720000e-06  1.10726205e-02  3.68720000e-06 -9.98978097e-06 
 3.68820000e-06  3.68820000e-06  3.68820000e-06  1.10726205e-02  3.68820000e-06 -9.98976547e-06 
 3.68920000e-06  3.68920000e-06  3.68920000e-06  1.10726205e-02  3.68920000e-06 -9.98978097e-06 
 3.69020000e-06  3.69020000e-06  3.69020000e-06  1.10726205e-02  3.69020000e-06 -9.98976547e-06 
 3.69120000e-06  3.69120000e-06  3.69120000e-06  1.10726205e-02  3.69120000e-06 -9.98978097e-06 
 3.69220000e-06  3.69220000e-06  3.69220000e-06  1.10726205e-02  3.69220000e-06 -9.98976547e-06 
 3.69320000e-06  3.69320000e-06  3.69320000e-06  1.10726205e-02  3.69320000e-06 -9.98978097e-06 
 3.69420000e-06  3.69420000e-06  3.69420000e-06  1.10726205e-02  3.69420000e-06 -9.98976547e-06 
 3.69520000e-06  3.69520000e-06  3.69520000e-06  1.10726205e-02  3.69520000e-06 -9.98978097e-06 
 3.69620000e-06  3.69620000e-06  3.69620000e-06  1.10726205e-02  3.69620000e-06 -9.98976547e-06 
 3.69720000e-06  3.69720000e-06  3.69720000e-06  1.10726205e-02  3.69720000e-06 -9.98978097e-06 
 3.69820000e-06  3.69820000e-06  3.69820000e-06  1.10726205e-02  3.69820000e-06 -9.98976547e-06 
 3.69920000e-06  3.69920000e-06  3.69920000e-06  1.10726205e-02  3.69920000e-06 -9.98978097e-06 
 3.70020000e-06  3.70020000e-06  3.70020000e-06  1.10726205e-02  3.70020000e-06 -9.98976547e-06 
 3.70120000e-06  3.70120000e-06  3.70120000e-06  1.10726205e-02  3.70120000e-06 -9.98978097e-06 
 3.70220000e-06  3.70220000e-06  3.70220000e-06  1.10726205e-02  3.70220000e-06 -9.98976547e-06 
 3.70320000e-06  3.70320000e-06  3.70320000e-06  1.10726205e-02  3.70320000e-06 -9.98978097e-06 
 3.70420000e-06  3.70420000e-06  3.70420000e-06  1.10726205e-02  3.70420000e-06 -9.98976547e-06 
 3.70520000e-06  3.70520000e-06  3.70520000e-06  1.10726205e-02  3.70520000e-06 -9.98978097e-06 
 3.70620000e-06  3.70620000e-06  3.70620000e-06  1.10726205e-02  3.70620000e-06 -9.98976547e-06 
 3.70720000e-06  3.70720000e-06  3.70720000e-06  1.10726205e-02  3.70720000e-06 -9.98978097e-06 
 3.70820000e-06  3.70820000e-06  3.70820000e-06  1.10726205e-02  3.70820000e-06 -9.98976547e-06 
 3.70920000e-06  3.70920000e-06  3.70920000e-06  1.10726205e-02  3.70920000e-06 -9.98978097e-06 
 3.71020000e-06  3.71020000e-06  3.71020000e-06  1.10726205e-02  3.71020000e-06 -9.98976547e-06 
 3.71120000e-06  3.71120000e-06  3.71120000e-06  1.10726205e-02  3.71120000e-06 -9.98978097e-06 
 3.71220000e-06  3.71220000e-06  3.71220000e-06  1.10726205e-02  3.71220000e-06 -9.98976547e-06 
 3.71320000e-06  3.71320000e-06  3.71320000e-06  1.10726205e-02  3.71320000e-06 -9.98978097e-06 
 3.71420000e-06  3.71420000e-06  3.71420000e-06  1.10726205e-02  3.71420000e-06 -9.98976547e-06 
 3.71520000e-06  3.71520000e-06  3.71520000e-06  1.10726205e-02  3.71520000e-06 -9.98978097e-06 
 3.71620000e-06  3.71620000e-06  3.71620000e-06  1.10726205e-02  3.71620000e-06 -9.98976547e-06 
 3.71720000e-06  3.71720000e-06  3.71720000e-06  1.10726205e-02  3.71720000e-06 -9.98978097e-06 
 3.71820000e-06  3.71820000e-06  3.71820000e-06  1.10726205e-02  3.71820000e-06 -9.98976547e-06 
 3.71920000e-06  3.71920000e-06  3.71920000e-06  1.10726205e-02  3.71920000e-06 -9.98978097e-06 
 3.72020000e-06  3.72020000e-06  3.72020000e-06  1.10726205e-02  3.72020000e-06 -9.98976547e-06 
 3.72120000e-06  3.72120000e-06  3.72120000e-06  1.10726205e-02  3.72120000e-06 -9.98978097e-06 
 3.72220000e-06  3.72220000e-06  3.72220000e-06  1.10726205e-02  3.72220000e-06 -9.98976547e-06 
 3.72320000e-06  3.72320000e-06  3.72320000e-06  1.10726205e-02  3.72320000e-06 -9.98978097e-06 
 3.72420000e-06  3.72420000e-06  3.72420000e-06  1.10726205e-02  3.72420000e-06 -9.98976547e-06 
 3.72520000e-06  3.72520000e-06  3.72520000e-06  1.10726205e-02  3.72520000e-06 -9.98978097e-06 
 3.72620000e-06  3.72620000e-06  3.72620000e-06  1.10726205e-02  3.72620000e-06 -9.98976547e-06 
 3.72720000e-06  3.72720000e-06  3.72720000e-06  1.10726205e-02  3.72720000e-06 -9.98978097e-06 
 3.72820000e-06  3.72820000e-06  3.72820000e-06  1.10726205e-02  3.72820000e-06 -9.98976547e-06 
 3.72920000e-06  3.72920000e-06  3.72920000e-06  1.10726205e-02  3.72920000e-06 -9.98978097e-06 
 3.73020000e-06  3.73020000e-06  3.73020000e-06  1.10726205e-02  3.73020000e-06 -9.98976547e-06 
 3.73120000e-06  3.73120000e-06  3.73120000e-06  1.10726205e-02  3.73120000e-06 -9.98978097e-06 
 3.73220000e-06  3.73220000e-06  3.73220000e-06  1.10726205e-02  3.73220000e-06 -9.98976547e-06 
 3.73320000e-06  3.73320000e-06  3.73320000e-06  1.10726205e-02  3.73320000e-06 -9.98978097e-06 
 3.73420000e-06  3.73420000e-06  3.73420000e-06  1.10726205e-02  3.73420000e-06 -9.98976547e-06 
 3.73520000e-06  3.73520000e-06  3.73520000e-06  1.10726205e-02  3.73520000e-06 -9.98978097e-06 
 3.73620000e-06  3.73620000e-06  3.73620000e-06  1.10726205e-02  3.73620000e-06 -9.98976547e-06 
 3.73720000e-06  3.73720000e-06  3.73720000e-06  1.10726205e-02  3.73720000e-06 -9.98978097e-06 
 3.73820000e-06  3.73820000e-06  3.73820000e-06  1.10726205e-02  3.73820000e-06 -9.98976547e-06 
 3.73920000e-06  3.73920000e-06  3.73920000e-06  1.10726205e-02  3.73920000e-06 -9.98978097e-06 
 3.74020000e-06  3.74020000e-06  3.74020000e-06  1.10726205e-02  3.74020000e-06 -9.98976547e-06 
 3.74120000e-06  3.74120000e-06  3.74120000e-06  1.10726205e-02  3.74120000e-06 -9.98978097e-06 
 3.74220000e-06  3.74220000e-06  3.74220000e-06  1.10726205e-02  3.74220000e-06 -9.98976547e-06 
 3.74320000e-06  3.74320000e-06  3.74320000e-06  1.10726205e-02  3.74320000e-06 -9.98978097e-06 
 3.74420000e-06  3.74420000e-06  3.74420000e-06  1.10726205e-02  3.74420000e-06 -9.98976547e-06 
 3.74520000e-06  3.74520000e-06  3.74520000e-06  1.10726205e-02  3.74520000e-06 -9.98978097e-06 
 3.74620000e-06  3.74620000e-06  3.74620000e-06  1.10726205e-02  3.74620000e-06 -9.98976547e-06 
 3.74720000e-06  3.74720000e-06  3.74720000e-06  1.10726205e-02  3.74720000e-06 -9.98978097e-06 
 3.74820000e-06  3.74820000e-06  3.74820000e-06  1.10726205e-02  3.74820000e-06 -9.98976547e-06 
 3.74920000e-06  3.74920000e-06  3.74920000e-06  1.10726205e-02  3.74920000e-06 -9.98978097e-06 
 3.75020000e-06  3.75020000e-06  3.75020000e-06  1.10726205e-02  3.75020000e-06 -9.98976547e-06 
 3.75120000e-06  3.75120000e-06  3.75120000e-06  1.10726205e-02  3.75120000e-06 -9.98978097e-06 
 3.75220000e-06  3.75220000e-06  3.75220000e-06  1.10726205e-02  3.75220000e-06 -9.98976547e-06 
 3.75320000e-06  3.75320000e-06  3.75320000e-06  1.10726205e-02  3.75320000e-06 -9.98978097e-06 
 3.75420000e-06  3.75420000e-06  3.75420000e-06  1.10726205e-02  3.75420000e-06 -9.98976547e-06 
 3.75520000e-06  3.75520000e-06  3.75520000e-06  1.10726205e-02  3.75520000e-06 -9.98978097e-06 
 3.75620000e-06  3.75620000e-06  3.75620000e-06  1.10726205e-02  3.75620000e-06 -9.98976547e-06 
 3.75720000e-06  3.75720000e-06  3.75720000e-06  1.10726205e-02  3.75720000e-06 -9.98978097e-06 
 3.75820000e-06  3.75820000e-06  3.75820000e-06  1.10726205e-02  3.75820000e-06 -9.98976547e-06 
 3.75920000e-06  3.75920000e-06  3.75920000e-06  1.10726205e-02  3.75920000e-06 -9.98978097e-06 
 3.76020000e-06  3.76020000e-06  3.76020000e-06  1.10726205e-02  3.76020000e-06 -9.98976547e-06 
 3.76120000e-06  3.76120000e-06  3.76120000e-06  1.10726205e-02  3.76120000e-06 -9.98978097e-06 
 3.76220000e-06  3.76220000e-06  3.76220000e-06  1.10726205e-02  3.76220000e-06 -9.98976547e-06 
 3.76320000e-06  3.76320000e-06  3.76320000e-06  1.10726205e-02  3.76320000e-06 -9.98978097e-06 
 3.76420000e-06  3.76420000e-06  3.76420000e-06  1.10726205e-02  3.76420000e-06 -9.98976547e-06 
 3.76520000e-06  3.76520000e-06  3.76520000e-06  1.10726205e-02  3.76520000e-06 -9.98978097e-06 
 3.76620000e-06  3.76620000e-06  3.76620000e-06  1.10726205e-02  3.76620000e-06 -9.98976547e-06 
 3.76720000e-06  3.76720000e-06  3.76720000e-06  1.10726205e-02  3.76720000e-06 -9.98978097e-06 
 3.76820000e-06  3.76820000e-06  3.76820000e-06  1.10726205e-02  3.76820000e-06 -9.98976547e-06 
 3.76920000e-06  3.76920000e-06  3.76920000e-06  1.10726205e-02  3.76920000e-06 -9.98978097e-06 
 3.77020000e-06  3.77020000e-06  3.77020000e-06  1.10726205e-02  3.77020000e-06 -9.98976547e-06 
 3.77120000e-06  3.77120000e-06  3.77120000e-06  1.10726205e-02  3.77120000e-06 -9.98978097e-06 
 3.77220000e-06  3.77220000e-06  3.77220000e-06  1.10726205e-02  3.77220000e-06 -9.98976547e-06 
 3.77320000e-06  3.77320000e-06  3.77320000e-06  1.10726205e-02  3.77320000e-06 -9.98978097e-06 
 3.77420000e-06  3.77420000e-06  3.77420000e-06  1.10726205e-02  3.77420000e-06 -9.98976547e-06 
 3.77520000e-06  3.77520000e-06  3.77520000e-06  1.10726205e-02  3.77520000e-06 -9.98978097e-06 
 3.77620000e-06  3.77620000e-06  3.77620000e-06  1.10726205e-02  3.77620000e-06 -9.98976547e-06 
 3.77720000e-06  3.77720000e-06  3.77720000e-06  1.10726205e-02  3.77720000e-06 -9.98978097e-06 
 3.77820000e-06  3.77820000e-06  3.77820000e-06  1.10726205e-02  3.77820000e-06 -9.98976547e-06 
 3.77920000e-06  3.77920000e-06  3.77920000e-06  1.10726205e-02  3.77920000e-06 -9.98978097e-06 
 3.78020000e-06  3.78020000e-06  3.78020000e-06  1.10726205e-02  3.78020000e-06 -9.98976547e-06 
 3.78120000e-06  3.78120000e-06  3.78120000e-06  1.10726205e-02  3.78120000e-06 -9.98978097e-06 
 3.78220000e-06  3.78220000e-06  3.78220000e-06  1.10726205e-02  3.78220000e-06 -9.98976547e-06 
 3.78320000e-06  3.78320000e-06  3.78320000e-06  1.10726205e-02  3.78320000e-06 -9.98978097e-06 
 3.78420000e-06  3.78420000e-06  3.78420000e-06  1.10726205e-02  3.78420000e-06 -9.98976547e-06 
 3.78520000e-06  3.78520000e-06  3.78520000e-06  1.10726205e-02  3.78520000e-06 -9.98978097e-06 
 3.78620000e-06  3.78620000e-06  3.78620000e-06  1.10726205e-02  3.78620000e-06 -9.98976547e-06 
 3.78720000e-06  3.78720000e-06  3.78720000e-06  1.10726205e-02  3.78720000e-06 -9.98978097e-06 
 3.78820000e-06  3.78820000e-06  3.78820000e-06  1.10726205e-02  3.78820000e-06 -9.98976547e-06 
 3.78920000e-06  3.78920000e-06  3.78920000e-06  1.10726205e-02  3.78920000e-06 -9.98978097e-06 
 3.79020000e-06  3.79020000e-06  3.79020000e-06  1.10726205e-02  3.79020000e-06 -9.98976547e-06 
 3.79120000e-06  3.79120000e-06  3.79120000e-06  1.10726205e-02  3.79120000e-06 -9.98978097e-06 
 3.79220000e-06  3.79220000e-06  3.79220000e-06  1.10726205e-02  3.79220000e-06 -9.98976547e-06 
 3.79320000e-06  3.79320000e-06  3.79320000e-06  1.10726205e-02  3.79320000e-06 -9.98978097e-06 
 3.79420000e-06  3.79420000e-06  3.79420000e-06  1.10726205e-02  3.79420000e-06 -9.98976547e-06 
 3.79520000e-06  3.79520000e-06  3.79520000e-06  1.10726205e-02  3.79520000e-06 -9.98978097e-06 
 3.79620000e-06  3.79620000e-06  3.79620000e-06  1.10726205e-02  3.79620000e-06 -9.98976547e-06 
 3.79720000e-06  3.79720000e-06  3.79720000e-06  1.10726205e-02  3.79720000e-06 -9.98978097e-06 
 3.79820000e-06  3.79820000e-06  3.79820000e-06  1.10726205e-02  3.79820000e-06 -9.98976547e-06 
 3.79920000e-06  3.79920000e-06  3.79920000e-06  1.10726205e-02  3.79920000e-06 -9.98978097e-06 
 3.80020000e-06  3.80020000e-06  3.80020000e-06  1.10726205e-02  3.80020000e-06 -9.98976547e-06 
 3.80120000e-06  3.80120000e-06  3.80120000e-06  1.10726205e-02  3.80120000e-06 -9.98978097e-06 
 3.80220000e-06  3.80220000e-06  3.80220000e-06  1.10726205e-02  3.80220000e-06 -9.98976547e-06 
 3.80320000e-06  3.80320000e-06  3.80320000e-06  1.10726205e-02  3.80320000e-06 -9.98978097e-06 
 3.80420000e-06  3.80420000e-06  3.80420000e-06  1.10726205e-02  3.80420000e-06 -9.98976547e-06 
 3.80520000e-06  3.80520000e-06  3.80520000e-06  1.10726205e-02  3.80520000e-06 -9.98978097e-06 
 3.80620000e-06  3.80620000e-06  3.80620000e-06  1.10726205e-02  3.80620000e-06 -9.98976547e-06 
 3.80720000e-06  3.80720000e-06  3.80720000e-06  1.10726205e-02  3.80720000e-06 -9.98978097e-06 
 3.80820000e-06  3.80820000e-06  3.80820000e-06  1.10726205e-02  3.80820000e-06 -9.98976547e-06 
 3.80920000e-06  3.80920000e-06  3.80920000e-06  1.10726205e-02  3.80920000e-06 -9.98978097e-06 
 3.81020000e-06  3.81020000e-06  3.81020000e-06  1.10726205e-02  3.81020000e-06 -9.98976547e-06 
 3.81120000e-06  3.81120000e-06  3.81120000e-06  1.10726205e-02  3.81120000e-06 -9.98978097e-06 
 3.81220000e-06  3.81220000e-06  3.81220000e-06  1.10726205e-02  3.81220000e-06 -9.98976547e-06 
 3.81320000e-06  3.81320000e-06  3.81320000e-06  1.10726205e-02  3.81320000e-06 -9.98978097e-06 
 3.81420000e-06  3.81420000e-06  3.81420000e-06  1.10726205e-02  3.81420000e-06 -9.98976547e-06 
 3.81520000e-06  3.81520000e-06  3.81520000e-06  1.10726205e-02  3.81520000e-06 -9.98978097e-06 
 3.81620000e-06  3.81620000e-06  3.81620000e-06  1.10726205e-02  3.81620000e-06 -9.98976547e-06 
 3.81720000e-06  3.81720000e-06  3.81720000e-06  1.10726205e-02  3.81720000e-06 -9.98978097e-06 
 3.81820000e-06  3.81820000e-06  3.81820000e-06  1.10726205e-02  3.81820000e-06 -9.98976547e-06 
 3.81920000e-06  3.81920000e-06  3.81920000e-06  1.10726205e-02  3.81920000e-06 -9.98978097e-06 
 3.82020000e-06  3.82020000e-06  3.82020000e-06  1.10726205e-02  3.82020000e-06 -9.98976547e-06 
 3.82120000e-06  3.82120000e-06  3.82120000e-06  1.10726205e-02  3.82120000e-06 -9.98978097e-06 
 3.82220000e-06  3.82220000e-06  3.82220000e-06  1.10726205e-02  3.82220000e-06 -9.98976547e-06 
 3.82320000e-06  3.82320000e-06  3.82320000e-06  1.10726205e-02  3.82320000e-06 -9.98978097e-06 
 3.82420000e-06  3.82420000e-06  3.82420000e-06  1.10726205e-02  3.82420000e-06 -9.98976547e-06 
 3.82520000e-06  3.82520000e-06  3.82520000e-06  1.10726205e-02  3.82520000e-06 -9.98978097e-06 
 3.82620000e-06  3.82620000e-06  3.82620000e-06  1.10726205e-02  3.82620000e-06 -9.98976547e-06 
 3.82720000e-06  3.82720000e-06  3.82720000e-06  1.10726205e-02  3.82720000e-06 -9.98978097e-06 
 3.82820000e-06  3.82820000e-06  3.82820000e-06  1.10726205e-02  3.82820000e-06 -9.98976547e-06 
 3.82920000e-06  3.82920000e-06  3.82920000e-06  1.10726205e-02  3.82920000e-06 -9.98978097e-06 
 3.83020000e-06  3.83020000e-06  3.83020000e-06  1.10726205e-02  3.83020000e-06 -9.98976547e-06 
 3.83120000e-06  3.83120000e-06  3.83120000e-06  1.10726205e-02  3.83120000e-06 -9.98978097e-06 
 3.83220000e-06  3.83220000e-06  3.83220000e-06  1.10726205e-02  3.83220000e-06 -9.98976547e-06 
 3.83320000e-06  3.83320000e-06  3.83320000e-06  1.10726205e-02  3.83320000e-06 -9.98978097e-06 
 3.83420000e-06  3.83420000e-06  3.83420000e-06  1.10726205e-02  3.83420000e-06 -9.98976547e-06 
 3.83520000e-06  3.83520000e-06  3.83520000e-06  1.10726205e-02  3.83520000e-06 -9.98978097e-06 
 3.83620000e-06  3.83620000e-06  3.83620000e-06  1.10726205e-02  3.83620000e-06 -9.98976547e-06 
 3.83720000e-06  3.83720000e-06  3.83720000e-06  1.10726205e-02  3.83720000e-06 -9.98978097e-06 
 3.83820000e-06  3.83820000e-06  3.83820000e-06  1.10726205e-02  3.83820000e-06 -9.98976547e-06 
 3.83920000e-06  3.83920000e-06  3.83920000e-06  1.10726205e-02  3.83920000e-06 -9.98978097e-06 
 3.84020000e-06  3.84020000e-06  3.84020000e-06  1.10726205e-02  3.84020000e-06 -9.98976547e-06 
 3.84120000e-06  3.84120000e-06  3.84120000e-06  1.10726205e-02  3.84120000e-06 -9.98978097e-06 
 3.84220000e-06  3.84220000e-06  3.84220000e-06  1.10726205e-02  3.84220000e-06 -9.98976547e-06 
 3.84320000e-06  3.84320000e-06  3.84320000e-06  1.10726205e-02  3.84320000e-06 -9.98978097e-06 
 3.84420000e-06  3.84420000e-06  3.84420000e-06  1.10726205e-02  3.84420000e-06 -9.98976547e-06 
 3.84520000e-06  3.84520000e-06  3.84520000e-06  1.10726205e-02  3.84520000e-06 -9.98978097e-06 
 3.84620000e-06  3.84620000e-06  3.84620000e-06  1.10726205e-02  3.84620000e-06 -9.98976547e-06 
 3.84720000e-06  3.84720000e-06  3.84720000e-06  1.10726205e-02  3.84720000e-06 -9.98978097e-06 
 3.84820000e-06  3.84820000e-06  3.84820000e-06  1.10726205e-02  3.84820000e-06 -9.98976547e-06 
 3.84920000e-06  3.84920000e-06  3.84920000e-06  1.10726205e-02  3.84920000e-06 -9.98978097e-06 
 3.85020000e-06  3.85020000e-06  3.85020000e-06  1.10726205e-02  3.85020000e-06 -9.98976547e-06 
 3.85120000e-06  3.85120000e-06  3.85120000e-06  1.10726205e-02  3.85120000e-06 -9.98978097e-06 
 3.85220000e-06  3.85220000e-06  3.85220000e-06  1.10726205e-02  3.85220000e-06 -9.98976547e-06 
 3.85320000e-06  3.85320000e-06  3.85320000e-06  1.10726205e-02  3.85320000e-06 -9.98978097e-06 
 3.85420000e-06  3.85420000e-06  3.85420000e-06  1.10726205e-02  3.85420000e-06 -9.98976547e-06 
 3.85520000e-06  3.85520000e-06  3.85520000e-06  1.10726205e-02  3.85520000e-06 -9.98978097e-06 
 3.85620000e-06  3.85620000e-06  3.85620000e-06  1.10726205e-02  3.85620000e-06 -9.98976547e-06 
 3.85720000e-06  3.85720000e-06  3.85720000e-06  1.10726205e-02  3.85720000e-06 -9.98978097e-06 
 3.85820000e-06  3.85820000e-06  3.85820000e-06  1.10726205e-02  3.85820000e-06 -9.98976547e-06 
 3.85920000e-06  3.85920000e-06  3.85920000e-06  1.10726205e-02  3.85920000e-06 -9.98978097e-06 
 3.86020000e-06  3.86020000e-06  3.86020000e-06  1.10726205e-02  3.86020000e-06 -9.98976547e-06 
 3.86120000e-06  3.86120000e-06  3.86120000e-06  1.10726205e-02  3.86120000e-06 -9.98978097e-06 
 3.86220000e-06  3.86220000e-06  3.86220000e-06  1.10726205e-02  3.86220000e-06 -9.98976547e-06 
 3.86320000e-06  3.86320000e-06  3.86320000e-06  1.10726205e-02  3.86320000e-06 -9.98978097e-06 
 3.86420000e-06  3.86420000e-06  3.86420000e-06  1.10726205e-02  3.86420000e-06 -9.98976547e-06 
 3.86520000e-06  3.86520000e-06  3.86520000e-06  1.10726205e-02  3.86520000e-06 -9.98978097e-06 
 3.86620000e-06  3.86620000e-06  3.86620000e-06  1.10726205e-02  3.86620000e-06 -9.98976547e-06 
 3.86720000e-06  3.86720000e-06  3.86720000e-06  1.10726205e-02  3.86720000e-06 -9.98978097e-06 
 3.86820000e-06  3.86820000e-06  3.86820000e-06  1.10726205e-02  3.86820000e-06 -9.98976547e-06 
 3.86920000e-06  3.86920000e-06  3.86920000e-06  1.10726205e-02  3.86920000e-06 -9.98978097e-06 
 3.87020000e-06  3.87020000e-06  3.87020000e-06  1.10726205e-02  3.87020000e-06 -9.98976547e-06 
 3.87120000e-06  3.87120000e-06  3.87120000e-06  1.10726205e-02  3.87120000e-06 -9.98978097e-06 
 3.87220000e-06  3.87220000e-06  3.87220000e-06  1.10726205e-02  3.87220000e-06 -9.98976547e-06 
 3.87320000e-06  3.87320000e-06  3.87320000e-06  1.10726205e-02  3.87320000e-06 -9.98978097e-06 
 3.87420000e-06  3.87420000e-06  3.87420000e-06  1.10726205e-02  3.87420000e-06 -9.98976547e-06 
 3.87520000e-06  3.87520000e-06  3.87520000e-06  1.10726205e-02  3.87520000e-06 -9.98978097e-06 
 3.87620000e-06  3.87620000e-06  3.87620000e-06  1.10726205e-02  3.87620000e-06 -9.98976547e-06 
 3.87720000e-06  3.87720000e-06  3.87720000e-06  1.10726205e-02  3.87720000e-06 -9.98978097e-06 
 3.87820000e-06  3.87820000e-06  3.87820000e-06  1.10726205e-02  3.87820000e-06 -9.98976547e-06 
 3.87920000e-06  3.87920000e-06  3.87920000e-06  1.10726205e-02  3.87920000e-06 -9.98978097e-06 
 3.88020000e-06  3.88020000e-06  3.88020000e-06  1.10726205e-02  3.88020000e-06 -9.98976547e-06 
 3.88120000e-06  3.88120000e-06  3.88120000e-06  1.10726205e-02  3.88120000e-06 -9.98978097e-06 
 3.88220000e-06  3.88220000e-06  3.88220000e-06  1.10726205e-02  3.88220000e-06 -9.98976547e-06 
 3.88320000e-06  3.88320000e-06  3.88320000e-06  1.10726205e-02  3.88320000e-06 -9.98978097e-06 
 3.88420000e-06  3.88420000e-06  3.88420000e-06  1.10726205e-02  3.88420000e-06 -9.98976547e-06 
 3.88520000e-06  3.88520000e-06  3.88520000e-06  1.10726205e-02  3.88520000e-06 -9.98978097e-06 
 3.88620000e-06  3.88620000e-06  3.88620000e-06  1.10726205e-02  3.88620000e-06 -9.98976547e-06 
 3.88720000e-06  3.88720000e-06  3.88720000e-06  1.10726205e-02  3.88720000e-06 -9.98978097e-06 
 3.88820000e-06  3.88820000e-06  3.88820000e-06  1.10726205e-02  3.88820000e-06 -9.98976547e-06 
 3.88920000e-06  3.88920000e-06  3.88920000e-06  1.10726205e-02  3.88920000e-06 -9.98978097e-06 
 3.89020000e-06  3.89020000e-06  3.89020000e-06  1.10726205e-02  3.89020000e-06 -9.98976547e-06 
 3.89120000e-06  3.89120000e-06  3.89120000e-06  1.10726205e-02  3.89120000e-06 -9.98978097e-06 
 3.89220000e-06  3.89220000e-06  3.89220000e-06  1.10726205e-02  3.89220000e-06 -9.98976547e-06 
 3.89320000e-06  3.89320000e-06  3.89320000e-06  1.10726205e-02  3.89320000e-06 -9.98978097e-06 
 3.89420000e-06  3.89420000e-06  3.89420000e-06  1.10726205e-02  3.89420000e-06 -9.98976547e-06 
 3.89520000e-06  3.89520000e-06  3.89520000e-06  1.10726205e-02  3.89520000e-06 -9.98978097e-06 
 3.89620000e-06  3.89620000e-06  3.89620000e-06  1.10726205e-02  3.89620000e-06 -9.98976547e-06 
 3.89720000e-06  3.89720000e-06  3.89720000e-06  1.10726205e-02  3.89720000e-06 -9.98978097e-06 
 3.89820000e-06  3.89820000e-06  3.89820000e-06  1.10726205e-02  3.89820000e-06 -9.98976547e-06 
 3.89920000e-06  3.89920000e-06  3.89920000e-06  1.10726205e-02  3.89920000e-06 -9.98978097e-06 
 3.90020000e-06  3.90020000e-06  3.90020000e-06  1.10726205e-02  3.90020000e-06 -9.98976547e-06 
 3.90120000e-06  3.90120000e-06  3.90120000e-06  1.10726205e-02  3.90120000e-06 -9.98978097e-06 
 3.90220000e-06  3.90220000e-06  3.90220000e-06  1.10726205e-02  3.90220000e-06 -9.98976547e-06 
 3.90320000e-06  3.90320000e-06  3.90320000e-06  1.10726205e-02  3.90320000e-06 -9.98978097e-06 
 3.90420000e-06  3.90420000e-06  3.90420000e-06  1.10726205e-02  3.90420000e-06 -9.98976547e-06 
 3.90520000e-06  3.90520000e-06  3.90520000e-06  1.10726205e-02  3.90520000e-06 -9.98978097e-06 
 3.90620000e-06  3.90620000e-06  3.90620000e-06  1.10726205e-02  3.90620000e-06 -9.98976547e-06 
 3.90720000e-06  3.90720000e-06  3.90720000e-06  1.10726205e-02  3.90720000e-06 -9.98978097e-06 
 3.90820000e-06  3.90820000e-06  3.90820000e-06  1.10726205e-02  3.90820000e-06 -9.98976547e-06 
 3.90920000e-06  3.90920000e-06  3.90920000e-06  1.10726205e-02  3.90920000e-06 -9.98978097e-06 
 3.91020000e-06  3.91020000e-06  3.91020000e-06  1.10726205e-02  3.91020000e-06 -9.98976547e-06 
 3.91120000e-06  3.91120000e-06  3.91120000e-06  1.10726205e-02  3.91120000e-06 -9.98978097e-06 
 3.91220000e-06  3.91220000e-06  3.91220000e-06  1.10726205e-02  3.91220000e-06 -9.98976547e-06 
 3.91320000e-06  3.91320000e-06  3.91320000e-06  1.10726205e-02  3.91320000e-06 -9.98978097e-06 
 3.91420000e-06  3.91420000e-06  3.91420000e-06  1.10726205e-02  3.91420000e-06 -9.98976547e-06 
 3.91520000e-06  3.91520000e-06  3.91520000e-06  1.10726205e-02  3.91520000e-06 -9.98978097e-06 
 3.91620000e-06  3.91620000e-06  3.91620000e-06  1.10726205e-02  3.91620000e-06 -9.98976547e-06 
 3.91720000e-06  3.91720000e-06  3.91720000e-06  1.10726205e-02  3.91720000e-06 -9.98978097e-06 
 3.91820000e-06  3.91820000e-06  3.91820000e-06  1.10726205e-02  3.91820000e-06 -9.98976547e-06 
 3.91920000e-06  3.91920000e-06  3.91920000e-06  1.10726205e-02  3.91920000e-06 -9.98978097e-06 
 3.92020000e-06  3.92020000e-06  3.92020000e-06  1.10726205e-02  3.92020000e-06 -9.98976547e-06 
 3.92120000e-06  3.92120000e-06  3.92120000e-06  1.10726205e-02  3.92120000e-06 -9.98978097e-06 
 3.92220000e-06  3.92220000e-06  3.92220000e-06  1.10726205e-02  3.92220000e-06 -9.98976547e-06 
 3.92320000e-06  3.92320000e-06  3.92320000e-06  1.10726205e-02  3.92320000e-06 -9.98978097e-06 
 3.92420000e-06  3.92420000e-06  3.92420000e-06  1.10726205e-02  3.92420000e-06 -9.98976547e-06 
 3.92520000e-06  3.92520000e-06  3.92520000e-06  1.10726205e-02  3.92520000e-06 -9.98978097e-06 
 3.92620000e-06  3.92620000e-06  3.92620000e-06  1.10726205e-02  3.92620000e-06 -9.98976547e-06 
 3.92720000e-06  3.92720000e-06  3.92720000e-06  1.10726205e-02  3.92720000e-06 -9.98978097e-06 
 3.92820000e-06  3.92820000e-06  3.92820000e-06  1.10726205e-02  3.92820000e-06 -9.98976547e-06 
 3.92920000e-06  3.92920000e-06  3.92920000e-06  1.10726205e-02  3.92920000e-06 -9.98978097e-06 
 3.93020000e-06  3.93020000e-06  3.93020000e-06  1.10726205e-02  3.93020000e-06 -9.98976547e-06 
 3.93120000e-06  3.93120000e-06  3.93120000e-06  1.10726205e-02  3.93120000e-06 -9.98978097e-06 
 3.93220000e-06  3.93220000e-06  3.93220000e-06  1.10726205e-02  3.93220000e-06 -9.98976547e-06 
 3.93320000e-06  3.93320000e-06  3.93320000e-06  1.10726205e-02  3.93320000e-06 -9.98978097e-06 
 3.93420000e-06  3.93420000e-06  3.93420000e-06  1.10726205e-02  3.93420000e-06 -9.98976547e-06 
 3.93520000e-06  3.93520000e-06  3.93520000e-06  1.10726205e-02  3.93520000e-06 -9.98978097e-06 
 3.93620000e-06  3.93620000e-06  3.93620000e-06  1.10726205e-02  3.93620000e-06 -9.98976547e-06 
 3.93720000e-06  3.93720000e-06  3.93720000e-06  1.10726205e-02  3.93720000e-06 -9.98978097e-06 
 3.93820000e-06  3.93820000e-06  3.93820000e-06  1.10726205e-02  3.93820000e-06 -9.98976547e-06 
 3.93920000e-06  3.93920000e-06  3.93920000e-06  1.10726205e-02  3.93920000e-06 -9.98978097e-06 
 3.94020000e-06  3.94020000e-06  3.94020000e-06  1.10726205e-02  3.94020000e-06 -9.98976547e-06 
 3.94120000e-06  3.94120000e-06  3.94120000e-06  1.10726205e-02  3.94120000e-06 -9.98978097e-06 
 3.94220000e-06  3.94220000e-06  3.94220000e-06  1.10726205e-02  3.94220000e-06 -9.98976547e-06 
 3.94320000e-06  3.94320000e-06  3.94320000e-06  1.10726205e-02  3.94320000e-06 -9.98978097e-06 
 3.94420000e-06  3.94420000e-06  3.94420000e-06  1.10726205e-02  3.94420000e-06 -9.98976547e-06 
 3.94520000e-06  3.94520000e-06  3.94520000e-06  1.10726205e-02  3.94520000e-06 -9.98978097e-06 
 3.94620000e-06  3.94620000e-06  3.94620000e-06  1.10726205e-02  3.94620000e-06 -9.98976547e-06 
 3.94720000e-06  3.94720000e-06  3.94720000e-06  1.10726205e-02  3.94720000e-06 -9.98978097e-06 
 3.94820000e-06  3.94820000e-06  3.94820000e-06  1.10726205e-02  3.94820000e-06 -9.98976547e-06 
 3.94920000e-06  3.94920000e-06  3.94920000e-06  1.10726205e-02  3.94920000e-06 -9.98978097e-06 
 3.95020000e-06  3.95020000e-06  3.95020000e-06  1.10726205e-02  3.95020000e-06 -9.98976547e-06 
 3.95120000e-06  3.95120000e-06  3.95120000e-06  1.10726205e-02  3.95120000e-06 -9.98978097e-06 
 3.95220000e-06  3.95220000e-06  3.95220000e-06  1.10726205e-02  3.95220000e-06 -9.98976547e-06 
 3.95320000e-06  3.95320000e-06  3.95320000e-06  1.10726205e-02  3.95320000e-06 -9.98978097e-06 
 3.95420000e-06  3.95420000e-06  3.95420000e-06  1.10726205e-02  3.95420000e-06 -9.98976547e-06 
 3.95520000e-06  3.95520000e-06  3.95520000e-06  1.10726205e-02  3.95520000e-06 -9.98978097e-06 
 3.95620000e-06  3.95620000e-06  3.95620000e-06  1.10726205e-02  3.95620000e-06 -9.98976547e-06 
 3.95720000e-06  3.95720000e-06  3.95720000e-06  1.10726205e-02  3.95720000e-06 -9.98978097e-06 
 3.95820000e-06  3.95820000e-06  3.95820000e-06  1.10726205e-02  3.95820000e-06 -9.98976547e-06 
 3.95920000e-06  3.95920000e-06  3.95920000e-06  1.10726205e-02  3.95920000e-06 -9.98978097e-06 
 3.96020000e-06  3.96020000e-06  3.96020000e-06  1.10726205e-02  3.96020000e-06 -9.98976547e-06 
 3.96120000e-06  3.96120000e-06  3.96120000e-06  1.10726205e-02  3.96120000e-06 -9.98978097e-06 
 3.96220000e-06  3.96220000e-06  3.96220000e-06  1.10726205e-02  3.96220000e-06 -9.98976547e-06 
 3.96320000e-06  3.96320000e-06  3.96320000e-06  1.10726205e-02  3.96320000e-06 -9.98978097e-06 
 3.96420000e-06  3.96420000e-06  3.96420000e-06  1.10726205e-02  3.96420000e-06 -9.98976547e-06 
 3.96520000e-06  3.96520000e-06  3.96520000e-06  1.10726205e-02  3.96520000e-06 -9.98978097e-06 
 3.96620000e-06  3.96620000e-06  3.96620000e-06  1.10726205e-02  3.96620000e-06 -9.98976547e-06 
 3.96720000e-06  3.96720000e-06  3.96720000e-06  1.10726205e-02  3.96720000e-06 -9.98978097e-06 
 3.96820000e-06  3.96820000e-06  3.96820000e-06  1.10726205e-02  3.96820000e-06 -9.98976547e-06 
 3.96920000e-06  3.96920000e-06  3.96920000e-06  1.10726205e-02  3.96920000e-06 -9.98978097e-06 
 3.97020000e-06  3.97020000e-06  3.97020000e-06  1.10726205e-02  3.97020000e-06 -9.98976547e-06 
 3.97120000e-06  3.97120000e-06  3.97120000e-06  1.10726205e-02  3.97120000e-06 -9.98978097e-06 
 3.97220000e-06  3.97220000e-06  3.97220000e-06  1.10726205e-02  3.97220000e-06 -9.98976547e-06 
 3.97320000e-06  3.97320000e-06  3.97320000e-06  1.10726205e-02  3.97320000e-06 -9.98978097e-06 
 3.97420000e-06  3.97420000e-06  3.97420000e-06  1.10726205e-02  3.97420000e-06 -9.98976547e-06 
 3.97520000e-06  3.97520000e-06  3.97520000e-06  1.10726205e-02  3.97520000e-06 -9.98978097e-06 
 3.97620000e-06  3.97620000e-06  3.97620000e-06  1.10726205e-02  3.97620000e-06 -9.98976547e-06 
 3.97720000e-06  3.97720000e-06  3.97720000e-06  1.10726205e-02  3.97720000e-06 -9.98978097e-06 
 3.97820000e-06  3.97820000e-06  3.97820000e-06  1.10726205e-02  3.97820000e-06 -9.98976547e-06 
 3.97920000e-06  3.97920000e-06  3.97920000e-06  1.10726205e-02  3.97920000e-06 -9.98978097e-06 
 3.98020000e-06  3.98020000e-06  3.98020000e-06  1.10726205e-02  3.98020000e-06 -9.98976547e-06 
 3.98120000e-06  3.98120000e-06  3.98120000e-06  1.10726205e-02  3.98120000e-06 -9.98978097e-06 
 3.98220000e-06  3.98220000e-06  3.98220000e-06  1.10726205e-02  3.98220000e-06 -9.98976547e-06 
 3.98320000e-06  3.98320000e-06  3.98320000e-06  1.10726205e-02  3.98320000e-06 -9.98978097e-06 
 3.98420000e-06  3.98420000e-06  3.98420000e-06  1.10726205e-02  3.98420000e-06 -9.98976547e-06 
 3.98520000e-06  3.98520000e-06  3.98520000e-06  1.10726205e-02  3.98520000e-06 -9.98978097e-06 
 3.98620000e-06  3.98620000e-06  3.98620000e-06  1.10726205e-02  3.98620000e-06 -9.98976547e-06 
 3.98720000e-06  3.98720000e-06  3.98720000e-06  1.10726205e-02  3.98720000e-06 -9.98978097e-06 
 3.98820000e-06  3.98820000e-06  3.98820000e-06  1.10726205e-02  3.98820000e-06 -9.98976547e-06 
 3.98920000e-06  3.98920000e-06  3.98920000e-06  1.10726205e-02  3.98920000e-06 -9.98978097e-06 
 3.99020000e-06  3.99020000e-06  3.99020000e-06  1.10726205e-02  3.99020000e-06 -9.98976547e-06 
 3.99120000e-06  3.99120000e-06  3.99120000e-06  1.10726205e-02  3.99120000e-06 -9.98978097e-06 
 3.99220000e-06  3.99220000e-06  3.99220000e-06  1.10726205e-02  3.99220000e-06 -9.98976547e-06 
 3.99320000e-06  3.99320000e-06  3.99320000e-06  1.10726205e-02  3.99320000e-06 -9.98978097e-06 
 3.99420000e-06  3.99420000e-06  3.99420000e-06  1.10726205e-02  3.99420000e-06 -9.98976547e-06 
 3.99520000e-06  3.99520000e-06  3.99520000e-06  1.10726205e-02  3.99520000e-06 -9.98978097e-06 
 3.99620000e-06  3.99620000e-06  3.99620000e-06  1.10726205e-02  3.99620000e-06 -9.98976547e-06 
 3.99720000e-06  3.99720000e-06  3.99720000e-06  1.10726205e-02  3.99720000e-06 -9.98978097e-06 
 3.99820000e-06  3.99820000e-06  3.99820000e-06  1.10726205e-02  3.99820000e-06 -9.98976547e-06 
 3.99920000e-06  3.99920000e-06  3.99920000e-06  1.10726205e-02  3.99920000e-06 -9.98978097e-06 
 4.00020000e-06  4.00020000e-06  4.00020000e-06  1.10726205e-02  4.00020000e-06 -9.98976547e-06 
 4.00100000e-06  4.00100000e-06  4.00100000e-06  1.10726205e-02  4.00100000e-06 -9.98978097e-06 
 4.00110000e-06  4.00110000e-06  4.00110000e-06  1.10705553e-02  4.00110000e-06 -9.99579234e-06 
 4.00130000e-06  4.00130000e-06  4.00130000e-06  1.10614979e-02  4.00130000e-06 -1.00123998e-05 
 4.00170000e-06  4.00170000e-06  4.00170000e-06  1.10341097e-02  4.00170000e-06 -9.99596800e-06 
 4.00200000e-06  4.00200000e-06  4.00200000e-06  1.10162600e-02  4.00200000e-06 -9.98874663e-06 
 4.00208000e-06  4.00208000e-06  4.00208000e-06  1.10136788e-02  4.00208000e-06 -9.98356950e-06 
 4.00224000e-06  4.00224000e-06  4.00224000e-06  1.10131124e-02  4.00224000e-06 -9.96365317e-06 
 4.00256000e-06  4.00256000e-06  4.00256000e-06  1.10259579e-02  4.00256000e-06 -9.97097556e-06 
 4.00320000e-06  4.00320000e-06  4.00320000e-06  1.10651252e-02  4.00320000e-06 -9.98492274e-06 
 4.00420000e-06  4.00420000e-06  4.00420000e-06  1.11315814e-02  4.00420000e-06 -9.98800418e-06 
 4.00520000e-06  4.00520000e-06  4.00520000e-06  1.11929318e-02  4.00520000e-06 -9.98877669e-06 
 4.00620000e-06  4.00620000e-06  4.00620000e-06  1.12467276e-02  4.00620000e-06 -9.98858599e-06 
 4.00720000e-06  4.00720000e-06  4.00720000e-06  1.12940247e-02  4.00720000e-06 -9.98891296e-06 
 4.00820000e-06  4.00820000e-06  4.00820000e-06  1.13354950e-02  4.00820000e-06 -9.98889475e-06 
 4.00920000e-06  4.00920000e-06  4.00920000e-06  1.13719302e-02  4.00920000e-06 -9.98906243e-06 
 4.01020000e-06  4.01020000e-06  4.01020000e-06  1.14038964e-02  4.01020000e-06 -9.98910286e-06 
 4.01120000e-06  4.01120000e-06  4.01120000e-06  1.14319720e-02  4.01120000e-06 -9.98919603e-06 
 4.01220000e-06  4.01220000e-06  4.01220000e-06  1.14566125e-02  4.01220000e-06 -9.98925131e-06 
 4.01320000e-06  4.01320000e-06  4.01320000e-06  1.14782506e-02  4.01320000e-06 -9.98930646e-06 
 4.01420000e-06  4.01420000e-06  4.01420000e-06  1.14972450e-02  4.01420000e-06 -9.98936088e-06 
 4.01520000e-06  4.01520000e-06  4.01520000e-06  1.15139237e-02  4.01520000e-06 -9.98939458e-06 
 4.01620000e-06  4.01620000e-06  4.01620000e-06  1.15285663e-02  4.01620000e-06 -9.98944335e-06 
 4.01720000e-06  4.01720000e-06  4.01720000e-06  1.15414235e-02  4.01720000e-06 -9.98946372e-06 
 4.01820000e-06  4.01820000e-06  4.01820000e-06  1.15527118e-02  4.01820000e-06 -9.98950612e-06 
 4.01920000e-06  4.01920000e-06  4.01920000e-06  1.15626237e-02  4.01920000e-06 -9.98951750e-06 
 4.02020000e-06  4.02020000e-06  4.02020000e-06  1.15713264e-02  4.02020000e-06 -9.98955418e-06 
 4.02120000e-06  4.02120000e-06  4.02120000e-06  1.15789680e-02  4.02120000e-06 -9.98955916e-06 
 4.02220000e-06  4.02220000e-06  4.02220000e-06  1.15856776e-02  4.02220000e-06 -9.98959109e-06 
 4.02320000e-06  4.02320000e-06  4.02320000e-06  1.15915690e-02  4.02320000e-06 -9.98959135e-06 
 4.02420000e-06  4.02420000e-06  4.02420000e-06  1.15967420e-02  4.02420000e-06 -9.98961950e-06 
 4.02520000e-06  4.02520000e-06  4.02520000e-06  1.16012843e-02  4.02520000e-06 -9.98961620e-06 
 4.02620000e-06  4.02620000e-06  4.02620000e-06  1.16052728e-02  4.02620000e-06 -9.98964137e-06 
 4.02720000e-06  4.02720000e-06  4.02720000e-06  1.16087749e-02  4.02720000e-06 -9.98963537e-06 
 4.02820000e-06  4.02820000e-06  4.02820000e-06  1.16118501e-02  4.02820000e-06 -9.98965823e-06 
 4.02920000e-06  4.02920000e-06  4.02920000e-06  1.16145503e-02  4.02920000e-06 -9.98965015e-06 
 4.03020000e-06  4.03020000e-06  4.03020000e-06  1.16169214e-02  4.03020000e-06 -9.98967122e-06 
 4.03120000e-06  4.03120000e-06  4.03120000e-06  1.16190033e-02  4.03120000e-06 -9.98966155e-06 
 4.03220000e-06  4.03220000e-06  4.03220000e-06  1.16208315e-02  4.03220000e-06 -9.98968123e-06 
 4.03320000e-06  4.03320000e-06  4.03320000e-06  1.16224367e-02  4.03320000e-06 -9.98967035e-06 
 4.03420000e-06  4.03420000e-06  4.03420000e-06  1.16238463e-02  4.03420000e-06 -9.98968895e-06 
 4.03520000e-06  4.03520000e-06  4.03520000e-06  1.16250840e-02  4.03520000e-06 -9.98967712e-06 
 4.03620000e-06  4.03620000e-06  4.03620000e-06  1.16261709e-02  4.03620000e-06 -9.98969490e-06 
 4.03720000e-06  4.03720000e-06  4.03720000e-06  1.16271252e-02  4.03720000e-06 -9.98968235e-06 
 4.03820000e-06  4.03820000e-06  4.03820000e-06  1.16279632e-02  4.03820000e-06 -9.98969949e-06 
 4.03920000e-06  4.03920000e-06  4.03920000e-06  1.16286991e-02  4.03920000e-06 -9.98968638e-06 
 4.04020000e-06  4.04020000e-06  4.04020000e-06  1.16293452e-02  4.04020000e-06 -9.98970303e-06 
 4.04120000e-06  4.04120000e-06  4.04120000e-06  1.16299126e-02  4.04120000e-06 -9.98968949e-06 
 4.04220000e-06  4.04220000e-06  4.04220000e-06  1.16304108e-02  4.04220000e-06 -9.98970576e-06 
 4.04320000e-06  4.04320000e-06  4.04320000e-06  1.16308482e-02  4.04320000e-06 -9.98969188e-06 
 4.04420000e-06  4.04420000e-06  4.04420000e-06  1.16312324e-02  4.04420000e-06 -9.98970786e-06 
 4.04520000e-06  4.04520000e-06  4.04520000e-06  1.16315697e-02  4.04520000e-06 -9.98969373e-06 
 4.04620000e-06  4.04620000e-06  4.04620000e-06  1.16318659e-02  4.04620000e-06 -9.98970949e-06 
 4.04720000e-06  4.04720000e-06  4.04720000e-06  1.16321260e-02  4.04720000e-06 -9.98969515e-06 
 4.04820000e-06  4.04820000e-06  4.04820000e-06  1.16323544e-02  4.04820000e-06 -9.98971074e-06 
 4.04920000e-06  4.04920000e-06  4.04920000e-06  1.16325549e-02  4.04920000e-06 -9.98969625e-06 
 4.05020000e-06  4.05020000e-06  4.05020000e-06  1.16327310e-02  4.05020000e-06 -9.98971170e-06 
 4.05120000e-06  4.05120000e-06  4.05120000e-06  1.16328856e-02  4.05120000e-06 -9.98969710e-06 
 4.05220000e-06  4.05220000e-06  4.05220000e-06  1.16330214e-02  4.05220000e-06 -9.98971244e-06 
 4.05320000e-06  4.05320000e-06  4.05320000e-06  1.16331406e-02  4.05320000e-06 -9.98969775e-06 
 4.05420000e-06  4.05420000e-06  4.05420000e-06  1.16332453e-02  4.05420000e-06 -9.98971302e-06 
 4.05520000e-06  4.05520000e-06  4.05520000e-06  1.16333373e-02  4.05520000e-06 -9.98969826e-06 
 4.05620000e-06  4.05620000e-06  4.05620000e-06  1.16334180e-02  4.05620000e-06 -9.98971346e-06 
 4.05720000e-06  4.05720000e-06  4.05720000e-06  1.16334889e-02  4.05720000e-06 -9.98969864e-06 
 4.05820000e-06  4.05820000e-06  4.05820000e-06  1.16335511e-02  4.05820000e-06 -9.98971380e-06 
 4.05920000e-06  4.05920000e-06  4.05920000e-06  1.16336058e-02  4.05920000e-06 -9.98969894e-06 
 4.06020000e-06  4.06020000e-06  4.06020000e-06  1.16336537e-02  4.06020000e-06 -9.98971406e-06 
 4.06120000e-06  4.06120000e-06  4.06120000e-06  1.16336959e-02  4.06120000e-06 -9.98969917e-06 
 4.06220000e-06  4.06220000e-06  4.06220000e-06  1.16337329e-02  4.06220000e-06 -9.98971427e-06 
 4.06320000e-06  4.06320000e-06  4.06320000e-06  1.16337654e-02  4.06320000e-06 -9.98969935e-06 
 4.06420000e-06  4.06420000e-06  4.06420000e-06  1.16337939e-02  4.06420000e-06 -9.98971442e-06 
 4.06520000e-06  4.06520000e-06  4.06520000e-06  1.16338190e-02  4.06520000e-06 -9.98969949e-06 
 4.06620000e-06  4.06620000e-06  4.06620000e-06  1.16338410e-02  4.06620000e-06 -9.98971454e-06 
 4.06720000e-06  4.06720000e-06  4.06720000e-06  1.16338603e-02  4.06720000e-06 -9.98969959e-06 
 4.06820000e-06  4.06820000e-06  4.06820000e-06  1.16338773e-02  4.06820000e-06 -9.98971464e-06 
 4.06920000e-06  4.06920000e-06  4.06920000e-06  1.16338922e-02  4.06920000e-06 -9.98969968e-06 
 4.07020000e-06  4.07020000e-06  4.07020000e-06  1.16339052e-02  4.07020000e-06 -9.98971471e-06 
 4.07120000e-06  4.07120000e-06  4.07120000e-06  1.16339167e-02  4.07120000e-06 -9.98969974e-06 
 4.07220000e-06  4.07220000e-06  4.07220000e-06  1.16339268e-02  4.07220000e-06 -9.98971476e-06 
 4.07320000e-06  4.07320000e-06  4.07320000e-06  1.16339357e-02  4.07320000e-06 -9.98969979e-06 
 4.07420000e-06  4.07420000e-06  4.07420000e-06  1.16339434e-02  4.07420000e-06 -9.98971481e-06 
 4.07520000e-06  4.07520000e-06  4.07520000e-06  1.16339503e-02  4.07520000e-06 -9.98969982e-06 
 4.07620000e-06  4.07620000e-06  4.07620000e-06  1.16339563e-02  4.07620000e-06 -9.98971484e-06 
 4.07720000e-06  4.07720000e-06  4.07720000e-06  1.16339615e-02  4.07720000e-06 -9.98969985e-06 
 4.07820000e-06  4.07820000e-06  4.07820000e-06  1.16339662e-02  4.07820000e-06 -9.98971486e-06 
 4.07920000e-06  4.07920000e-06  4.07920000e-06  1.16339702e-02  4.07920000e-06 -9.98969988e-06 
 4.08020000e-06  4.08020000e-06  4.08020000e-06  1.16339738e-02  4.08020000e-06 -9.98971488e-06 
 4.08120000e-06  4.08120000e-06  4.08120000e-06  1.16339769e-02  4.08120000e-06 -9.98969989e-06 
 4.08220000e-06  4.08220000e-06  4.08220000e-06  1.16339797e-02  4.08220000e-06 -9.98971490e-06 
 4.08320000e-06  4.08320000e-06  4.08320000e-06  1.16339821e-02  4.08320000e-06 -9.98969991e-06 
 4.08420000e-06  4.08420000e-06  4.08420000e-06  1.16339842e-02  4.08420000e-06 -9.98971491e-06 
 4.08520000e-06  4.08520000e-06  4.08520000e-06  1.16339861e-02  4.08520000e-06 -9.98969992e-06 
 4.08620000e-06  4.08620000e-06  4.08620000e-06  1.16339877e-02  4.08620000e-06 -9.98971492e-06 
 4.08720000e-06  4.08720000e-06  4.08720000e-06  1.16339891e-02  4.08720000e-06 -9.98969992e-06 
 4.08820000e-06  4.08820000e-06  4.08820000e-06  1.16339904e-02  4.08820000e-06 -9.98971493e-06 
 4.08920000e-06  4.08920000e-06  4.08920000e-06  1.16339915e-02  4.08920000e-06 -9.98969993e-06 
 4.09020000e-06  4.09020000e-06  4.09020000e-06  1.16339925e-02  4.09020000e-06 -9.98971493e-06 
 4.09120000e-06  4.09120000e-06  4.09120000e-06  1.16339933e-02  4.09120000e-06 -9.98969993e-06 
 4.09220000e-06  4.09220000e-06  4.09220000e-06  1.16339941e-02  4.09220000e-06 -9.98971493e-06 
 4.09320000e-06  4.09320000e-06  4.09320000e-06  1.16339947e-02  4.09320000e-06 -9.98969994e-06 
 4.09420000e-06  4.09420000e-06  4.09420000e-06  1.16339953e-02  4.09420000e-06 -9.98971494e-06 
 4.09520000e-06  4.09520000e-06  4.09520000e-06  1.16339958e-02  4.09520000e-06 -9.98969994e-06 
 4.09620000e-06  4.09620000e-06  4.09620000e-06  1.16339962e-02  4.09620000e-06 -9.98971494e-06 
 4.09720000e-06  4.09720000e-06  4.09720000e-06  1.16339966e-02  4.09720000e-06 -9.98969994e-06 
 4.09820000e-06  4.09820000e-06  4.09820000e-06  1.16339970e-02  4.09820000e-06 -9.98971494e-06 
 4.09920000e-06  4.09920000e-06  4.09920000e-06  1.16339973e-02  4.09920000e-06 -9.98969995e-06 
 4.10020000e-06  4.10020000e-06  4.10020000e-06  1.16339975e-02  4.10020000e-06 -9.98971494e-06 
 4.10120000e-06  4.10120000e-06  4.10120000e-06  1.16339978e-02  4.10120000e-06 -9.98969995e-06 
 4.10220000e-06  4.10220000e-06  4.10220000e-06  1.16339980e-02  4.10220000e-06 -9.98971494e-06 
 4.10320000e-06  4.10320000e-06  4.10320000e-06  1.16339982e-02  4.10320000e-06 -9.98969995e-06 
 4.10420000e-06  4.10420000e-06  4.10420000e-06  1.16339983e-02  4.10420000e-06 -9.98971495e-06 
 4.10520000e-06  4.10520000e-06  4.10520000e-06  1.16339985e-02  4.10520000e-06 -9.98969995e-06 
 4.10620000e-06  4.10620000e-06  4.10620000e-06  1.16339986e-02  4.10620000e-06 -9.98971495e-06 
 4.10720000e-06  4.10720000e-06  4.10720000e-06  1.16339987e-02  4.10720000e-06 -9.98969995e-06 
 4.10820000e-06  4.10820000e-06  4.10820000e-06  1.16339988e-02  4.10820000e-06 -9.98971495e-06 
 4.10920000e-06  4.10920000e-06  4.10920000e-06  1.16339989e-02  4.10920000e-06 -9.98969995e-06 
 4.11020000e-06  4.11020000e-06  4.11020000e-06  1.16339989e-02  4.11020000e-06 -9.98971495e-06 
 4.11120000e-06  4.11120000e-06  4.11120000e-06  1.16339990e-02  4.11120000e-06 -9.98969995e-06 
 4.11220000e-06  4.11220000e-06  4.11220000e-06  1.16339991e-02  4.11220000e-06 -9.98971495e-06 
 4.11320000e-06  4.11320000e-06  4.11320000e-06  1.16339991e-02  4.11320000e-06 -9.98969995e-06 
 4.11420000e-06  4.11420000e-06  4.11420000e-06  1.16339991e-02  4.11420000e-06 -9.98971495e-06 
 4.11520000e-06  4.11520000e-06  4.11520000e-06  1.16339992e-02  4.11520000e-06 -9.98969995e-06 
 4.11620000e-06  4.11620000e-06  4.11620000e-06  1.16339992e-02  4.11620000e-06 -9.98971495e-06 
 4.11720000e-06  4.11720000e-06  4.11720000e-06  1.16339992e-02  4.11720000e-06 -9.98969995e-06 
 4.11820000e-06  4.11820000e-06  4.11820000e-06  1.16339993e-02  4.11820000e-06 -9.98971495e-06 
 4.11920000e-06  4.11920000e-06  4.11920000e-06  1.16339993e-02  4.11920000e-06 -9.98969995e-06 
 4.12020000e-06  4.12020000e-06  4.12020000e-06  1.16339993e-02  4.12020000e-06 -9.98971495e-06 
 4.12120000e-06  4.12120000e-06  4.12120000e-06  1.16339993e-02  4.12120000e-06 -9.98969995e-06 
 4.12220000e-06  4.12220000e-06  4.12220000e-06  1.16339993e-02  4.12220000e-06 -9.98971495e-06 
 4.12320000e-06  4.12320000e-06  4.12320000e-06  1.16339994e-02  4.12320000e-06 -9.98969995e-06 
 4.12420000e-06  4.12420000e-06  4.12420000e-06  1.16339994e-02  4.12420000e-06 -9.98971495e-06 
 4.12520000e-06  4.12520000e-06  4.12520000e-06  1.16339994e-02  4.12520000e-06 -9.98969995e-06 
 4.12620000e-06  4.12620000e-06  4.12620000e-06  1.16339994e-02  4.12620000e-06 -9.98971495e-06 
 4.12720000e-06  4.12720000e-06  4.12720000e-06  1.16339994e-02  4.12720000e-06 -9.98969995e-06 
 4.12820000e-06  4.12820000e-06  4.12820000e-06  1.16339994e-02  4.12820000e-06 -9.98971495e-06 
 4.12920000e-06  4.12920000e-06  4.12920000e-06  1.16339994e-02  4.12920000e-06 -9.98969995e-06 
 4.13020000e-06  4.13020000e-06  4.13020000e-06  1.16339994e-02  4.13020000e-06 -9.98971495e-06 
 4.13120000e-06  4.13120000e-06  4.13120000e-06  1.16339994e-02  4.13120000e-06 -9.98969995e-06 
 4.13220000e-06  4.13220000e-06  4.13220000e-06  1.16339994e-02  4.13220000e-06 -9.98971495e-06 
 4.13320000e-06  4.13320000e-06  4.13320000e-06  1.16339994e-02  4.13320000e-06 -9.98969995e-06 
 4.13420000e-06  4.13420000e-06  4.13420000e-06  1.16339994e-02  4.13420000e-06 -9.98971495e-06 
 4.13520000e-06  4.13520000e-06  4.13520000e-06  1.16339994e-02  4.13520000e-06 -9.98969995e-06 
 4.13620000e-06  4.13620000e-06  4.13620000e-06  1.16339994e-02  4.13620000e-06 -9.98971495e-06 
 4.13720000e-06  4.13720000e-06  4.13720000e-06  1.16339994e-02  4.13720000e-06 -9.98969995e-06 
 4.13820000e-06  4.13820000e-06  4.13820000e-06  1.16339994e-02  4.13820000e-06 -9.98971495e-06 
 4.13920000e-06  4.13920000e-06  4.13920000e-06  1.16339994e-02  4.13920000e-06 -9.98969995e-06 
 4.14020000e-06  4.14020000e-06  4.14020000e-06  1.16339994e-02  4.14020000e-06 -9.98971495e-06 
 4.14120000e-06  4.14120000e-06  4.14120000e-06  1.16339994e-02  4.14120000e-06 -9.98969995e-06 
 4.14220000e-06  4.14220000e-06  4.14220000e-06  1.16339994e-02  4.14220000e-06 -9.98971495e-06 
 4.14320000e-06  4.14320000e-06  4.14320000e-06  1.16339994e-02  4.14320000e-06 -9.98969995e-06 
 4.14420000e-06  4.14420000e-06  4.14420000e-06  1.16339994e-02  4.14420000e-06 -9.98971495e-06 
 4.14520000e-06  4.14520000e-06  4.14520000e-06  1.16339995e-02  4.14520000e-06 -9.98969995e-06 
 4.14620000e-06  4.14620000e-06  4.14620000e-06  1.16339995e-02  4.14620000e-06 -9.98971495e-06 
 4.14720000e-06  4.14720000e-06  4.14720000e-06  1.16339995e-02  4.14720000e-06 -9.98969995e-06 
 4.14820000e-06  4.14820000e-06  4.14820000e-06  1.16339995e-02  4.14820000e-06 -9.98971495e-06 
 4.14920000e-06  4.14920000e-06  4.14920000e-06  1.16339995e-02  4.14920000e-06 -9.98969995e-06 
 4.15020000e-06  4.15020000e-06  4.15020000e-06  1.16339995e-02  4.15020000e-06 -9.98971495e-06 
 4.15120000e-06  4.15120000e-06  4.15120000e-06  1.16339995e-02  4.15120000e-06 -9.98969995e-06 
 4.15220000e-06  4.15220000e-06  4.15220000e-06  1.16339995e-02  4.15220000e-06 -9.98971495e-06 
 4.15320000e-06  4.15320000e-06  4.15320000e-06  1.16339995e-02  4.15320000e-06 -9.98969995e-06 
 4.15420000e-06  4.15420000e-06  4.15420000e-06  1.16339995e-02  4.15420000e-06 -9.98971495e-06 
 4.15520000e-06  4.15520000e-06  4.15520000e-06  1.16339995e-02  4.15520000e-06 -9.98969995e-06 
 4.15620000e-06  4.15620000e-06  4.15620000e-06  1.16339995e-02  4.15620000e-06 -9.98971495e-06 
 4.15720000e-06  4.15720000e-06  4.15720000e-06  1.16339995e-02  4.15720000e-06 -9.98969995e-06 
 4.15820000e-06  4.15820000e-06  4.15820000e-06  1.16339995e-02  4.15820000e-06 -9.98971495e-06 
 4.15920000e-06  4.15920000e-06  4.15920000e-06  1.16339995e-02  4.15920000e-06 -9.98969995e-06 
 4.16020000e-06  4.16020000e-06  4.16020000e-06  1.16339995e-02  4.16020000e-06 -9.98971495e-06 
 4.16120000e-06  4.16120000e-06  4.16120000e-06  1.16339995e-02  4.16120000e-06 -9.98969995e-06 
 4.16220000e-06  4.16220000e-06  4.16220000e-06  1.16339995e-02  4.16220000e-06 -9.98971495e-06 
 4.16320000e-06  4.16320000e-06  4.16320000e-06  1.16339995e-02  4.16320000e-06 -9.98969995e-06 
 4.16420000e-06  4.16420000e-06  4.16420000e-06  1.16339995e-02  4.16420000e-06 -9.98971495e-06 
 4.16520000e-06  4.16520000e-06  4.16520000e-06  1.16339995e-02  4.16520000e-06 -9.98969995e-06 
 4.16620000e-06  4.16620000e-06  4.16620000e-06  1.16339995e-02  4.16620000e-06 -9.98971495e-06 
 4.16720000e-06  4.16720000e-06  4.16720000e-06  1.16339995e-02  4.16720000e-06 -9.98969995e-06 
 4.16820000e-06  4.16820000e-06  4.16820000e-06  1.16339995e-02  4.16820000e-06 -9.98971495e-06 
 4.16920000e-06  4.16920000e-06  4.16920000e-06  1.16339995e-02  4.16920000e-06 -9.98969995e-06 
 4.17020000e-06  4.17020000e-06  4.17020000e-06  1.16339995e-02  4.17020000e-06 -9.98971495e-06 
 4.17120000e-06  4.17120000e-06  4.17120000e-06  1.16339995e-02  4.17120000e-06 -9.98969995e-06 
 4.17220000e-06  4.17220000e-06  4.17220000e-06  1.16339995e-02  4.17220000e-06 -9.98971495e-06 
 4.17320000e-06  4.17320000e-06  4.17320000e-06  1.16339995e-02  4.17320000e-06 -9.98969995e-06 
 4.17420000e-06  4.17420000e-06  4.17420000e-06  1.16339995e-02  4.17420000e-06 -9.98971495e-06 
 4.17520000e-06  4.17520000e-06  4.17520000e-06  1.16339995e-02  4.17520000e-06 -9.98969995e-06 
 4.17620000e-06  4.17620000e-06  4.17620000e-06  1.16339995e-02  4.17620000e-06 -9.98971495e-06 
 4.17720000e-06  4.17720000e-06  4.17720000e-06  1.16339995e-02  4.17720000e-06 -9.98969995e-06 
 4.17820000e-06  4.17820000e-06  4.17820000e-06  1.16339995e-02  4.17820000e-06 -9.98971495e-06 
 4.17920000e-06  4.17920000e-06  4.17920000e-06  1.16339995e-02  4.17920000e-06 -9.98969995e-06 
 4.18020000e-06  4.18020000e-06  4.18020000e-06  1.16339995e-02  4.18020000e-06 -9.98971495e-06 
 4.18120000e-06  4.18120000e-06  4.18120000e-06  1.16339995e-02  4.18120000e-06 -9.98969995e-06 
 4.18220000e-06  4.18220000e-06  4.18220000e-06  1.16339995e-02  4.18220000e-06 -9.98971495e-06 
 4.18320000e-06  4.18320000e-06  4.18320000e-06  1.16339995e-02  4.18320000e-06 -9.98969995e-06 
 4.18420000e-06  4.18420000e-06  4.18420000e-06  1.16339995e-02  4.18420000e-06 -9.98971495e-06 
 4.18520000e-06  4.18520000e-06  4.18520000e-06  1.16339995e-02  4.18520000e-06 -9.98969995e-06 
 4.18620000e-06  4.18620000e-06  4.18620000e-06  1.16339995e-02  4.18620000e-06 -9.98971495e-06 
 4.18720000e-06  4.18720000e-06  4.18720000e-06  1.16339995e-02  4.18720000e-06 -9.98969995e-06 
 4.18820000e-06  4.18820000e-06  4.18820000e-06  1.16339995e-02  4.18820000e-06 -9.98971495e-06 
 4.18920000e-06  4.18920000e-06  4.18920000e-06  1.16339995e-02  4.18920000e-06 -9.98969995e-06 
 4.19020000e-06  4.19020000e-06  4.19020000e-06  1.16339995e-02  4.19020000e-06 -9.98971495e-06 
 4.19120000e-06  4.19120000e-06  4.19120000e-06  1.16339995e-02  4.19120000e-06 -9.98969995e-06 
 4.19220000e-06  4.19220000e-06  4.19220000e-06  1.16339995e-02  4.19220000e-06 -9.98971495e-06 
 4.19320000e-06  4.19320000e-06  4.19320000e-06  1.16339995e-02  4.19320000e-06 -9.98969995e-06 
 4.19420000e-06  4.19420000e-06  4.19420000e-06  1.16339995e-02  4.19420000e-06 -9.98971495e-06 
 4.19520000e-06  4.19520000e-06  4.19520000e-06  1.16339995e-02  4.19520000e-06 -9.98969995e-06 
 4.19620000e-06  4.19620000e-06  4.19620000e-06  1.16339995e-02  4.19620000e-06 -9.98971495e-06 
 4.19720000e-06  4.19720000e-06  4.19720000e-06  1.16339995e-02  4.19720000e-06 -9.98969995e-06 
 4.19820000e-06  4.19820000e-06  4.19820000e-06  1.16339995e-02  4.19820000e-06 -9.98971495e-06 
 4.19920000e-06  4.19920000e-06  4.19920000e-06  1.16339995e-02  4.19920000e-06 -9.98969995e-06 
 4.20020000e-06  4.20020000e-06  4.20020000e-06  1.16339995e-02  4.20020000e-06 -9.98971495e-06 
 4.20120000e-06  4.20120000e-06  4.20120000e-06  1.16339995e-02  4.20120000e-06 -9.98969995e-06 
 4.20220000e-06  4.20220000e-06  4.20220000e-06  1.16339995e-02  4.20220000e-06 -9.98971495e-06 
 4.20320000e-06  4.20320000e-06  4.20320000e-06  1.16339995e-02  4.20320000e-06 -9.98969995e-06 
 4.20420000e-06  4.20420000e-06  4.20420000e-06  1.16339995e-02  4.20420000e-06 -9.98971495e-06 
 4.20520000e-06  4.20520000e-06  4.20520000e-06  1.16339995e-02  4.20520000e-06 -9.98969995e-06 
 4.20620000e-06  4.20620000e-06  4.20620000e-06  1.16339995e-02  4.20620000e-06 -9.98971495e-06 
 4.20720000e-06  4.20720000e-06  4.20720000e-06  1.16339995e-02  4.20720000e-06 -9.98969995e-06 
 4.20820000e-06  4.20820000e-06  4.20820000e-06  1.16339995e-02  4.20820000e-06 -9.98971495e-06 
 4.20920000e-06  4.20920000e-06  4.20920000e-06  1.16339995e-02  4.20920000e-06 -9.98969995e-06 
 4.21020000e-06  4.21020000e-06  4.21020000e-06  1.16339995e-02  4.21020000e-06 -9.98971495e-06 
 4.21120000e-06  4.21120000e-06  4.21120000e-06  1.16339995e-02  4.21120000e-06 -9.98969995e-06 
 4.21220000e-06  4.21220000e-06  4.21220000e-06  1.16339995e-02  4.21220000e-06 -9.98971495e-06 
 4.21320000e-06  4.21320000e-06  4.21320000e-06  1.16339995e-02  4.21320000e-06 -9.98969995e-06 
 4.21420000e-06  4.21420000e-06  4.21420000e-06  1.16339995e-02  4.21420000e-06 -9.98971495e-06 
 4.21520000e-06  4.21520000e-06  4.21520000e-06  1.16339995e-02  4.21520000e-06 -9.98969995e-06 
 4.21620000e-06  4.21620000e-06  4.21620000e-06  1.16339995e-02  4.21620000e-06 -9.98971495e-06 
 4.21720000e-06  4.21720000e-06  4.21720000e-06  1.16339995e-02  4.21720000e-06 -9.98969995e-06 
 4.21820000e-06  4.21820000e-06  4.21820000e-06  1.16339995e-02  4.21820000e-06 -9.98971495e-06 
 4.21920000e-06  4.21920000e-06  4.21920000e-06  1.16339995e-02  4.21920000e-06 -9.98969995e-06 
 4.22020000e-06  4.22020000e-06  4.22020000e-06  1.16339995e-02  4.22020000e-06 -9.98971495e-06 
 4.22120000e-06  4.22120000e-06  4.22120000e-06  1.16339995e-02  4.22120000e-06 -9.98969995e-06 
 4.22220000e-06  4.22220000e-06  4.22220000e-06  1.16339995e-02  4.22220000e-06 -9.98971495e-06 
 4.22320000e-06  4.22320000e-06  4.22320000e-06  1.16339995e-02  4.22320000e-06 -9.98969995e-06 
 4.22420000e-06  4.22420000e-06  4.22420000e-06  1.16339995e-02  4.22420000e-06 -9.98971495e-06 
 4.22520000e-06  4.22520000e-06  4.22520000e-06  1.16339995e-02  4.22520000e-06 -9.98969995e-06 
 4.22620000e-06  4.22620000e-06  4.22620000e-06  1.16339995e-02  4.22620000e-06 -9.98971495e-06 
 4.22720000e-06  4.22720000e-06  4.22720000e-06  1.16339995e-02  4.22720000e-06 -9.98969995e-06 
 4.22820000e-06  4.22820000e-06  4.22820000e-06  1.16339995e-02  4.22820000e-06 -9.98971495e-06 
 4.22920000e-06  4.22920000e-06  4.22920000e-06  1.16339995e-02  4.22920000e-06 -9.98969995e-06 
 4.23020000e-06  4.23020000e-06  4.23020000e-06  1.16339995e-02  4.23020000e-06 -9.98971495e-06 
 4.23120000e-06  4.23120000e-06  4.23120000e-06  1.16339995e-02  4.23120000e-06 -9.98969995e-06 
 4.23220000e-06  4.23220000e-06  4.23220000e-06  1.16339995e-02  4.23220000e-06 -9.98971495e-06 
 4.23320000e-06  4.23320000e-06  4.23320000e-06  1.16339995e-02  4.23320000e-06 -9.98969995e-06 
 4.23420000e-06  4.23420000e-06  4.23420000e-06  1.16339995e-02  4.23420000e-06 -9.98971495e-06 
 4.23520000e-06  4.23520000e-06  4.23520000e-06  1.16339995e-02  4.23520000e-06 -9.98969995e-06 
 4.23620000e-06  4.23620000e-06  4.23620000e-06  1.16339995e-02  4.23620000e-06 -9.98971495e-06 
 4.23720000e-06  4.23720000e-06  4.23720000e-06  1.16339995e-02  4.23720000e-06 -9.98969995e-06 
 4.23820000e-06  4.23820000e-06  4.23820000e-06  1.16339995e-02  4.23820000e-06 -9.98971495e-06 
 4.23920000e-06  4.23920000e-06  4.23920000e-06  1.16339995e-02  4.23920000e-06 -9.98969995e-06 
 4.24020000e-06  4.24020000e-06  4.24020000e-06  1.16339995e-02  4.24020000e-06 -9.98971495e-06 
 4.24120000e-06  4.24120000e-06  4.24120000e-06  1.16339995e-02  4.24120000e-06 -9.98969995e-06 
 4.24220000e-06  4.24220000e-06  4.24220000e-06  1.16339995e-02  4.24220000e-06 -9.98971495e-06 
 4.24320000e-06  4.24320000e-06  4.24320000e-06  1.16339995e-02  4.24320000e-06 -9.98969995e-06 
 4.24420000e-06  4.24420000e-06  4.24420000e-06  1.16339995e-02  4.24420000e-06 -9.98971495e-06 
 4.24520000e-06  4.24520000e-06  4.24520000e-06  1.16339995e-02  4.24520000e-06 -9.98969995e-06 
 4.24620000e-06  4.24620000e-06  4.24620000e-06  1.16339995e-02  4.24620000e-06 -9.98971495e-06 
 4.24720000e-06  4.24720000e-06  4.24720000e-06  1.16339995e-02  4.24720000e-06 -9.98969995e-06 
 4.24820000e-06  4.24820000e-06  4.24820000e-06  1.16339995e-02  4.24820000e-06 -9.98971495e-06 
 4.24920000e-06  4.24920000e-06  4.24920000e-06  1.16339995e-02  4.24920000e-06 -9.98969995e-06 
 4.25020000e-06  4.25020000e-06  4.25020000e-06  1.16339995e-02  4.25020000e-06 -9.98971495e-06 
 4.25120000e-06  4.25120000e-06  4.25120000e-06  1.16339995e-02  4.25120000e-06 -9.98969995e-06 
 4.25220000e-06  4.25220000e-06  4.25220000e-06  1.16339995e-02  4.25220000e-06 -9.98971495e-06 
 4.25320000e-06  4.25320000e-06  4.25320000e-06  1.16339995e-02  4.25320000e-06 -9.98969995e-06 
 4.25420000e-06  4.25420000e-06  4.25420000e-06  1.16339995e-02  4.25420000e-06 -9.98971495e-06 
 4.25520000e-06  4.25520000e-06  4.25520000e-06  1.16339995e-02  4.25520000e-06 -9.98969995e-06 
 4.25620000e-06  4.25620000e-06  4.25620000e-06  1.16339995e-02  4.25620000e-06 -9.98971495e-06 
 4.25720000e-06  4.25720000e-06  4.25720000e-06  1.16339995e-02  4.25720000e-06 -9.98969995e-06 
 4.25820000e-06  4.25820000e-06  4.25820000e-06  1.16339995e-02  4.25820000e-06 -9.98971495e-06 
 4.25920000e-06  4.25920000e-06  4.25920000e-06  1.16339995e-02  4.25920000e-06 -9.98969995e-06 
 4.26020000e-06  4.26020000e-06  4.26020000e-06  1.16339995e-02  4.26020000e-06 -9.98971495e-06 
 4.26120000e-06  4.26120000e-06  4.26120000e-06  1.16339995e-02  4.26120000e-06 -9.98969995e-06 
 4.26220000e-06  4.26220000e-06  4.26220000e-06  1.16339995e-02  4.26220000e-06 -9.98971495e-06 
 4.26320000e-06  4.26320000e-06  4.26320000e-06  1.16339995e-02  4.26320000e-06 -9.98969995e-06 
 4.26420000e-06  4.26420000e-06  4.26420000e-06  1.16339995e-02  4.26420000e-06 -9.98971495e-06 
 4.26520000e-06  4.26520000e-06  4.26520000e-06  1.16339995e-02  4.26520000e-06 -9.98969995e-06 
 4.26620000e-06  4.26620000e-06  4.26620000e-06  1.16339995e-02  4.26620000e-06 -9.98971495e-06 
 4.26720000e-06  4.26720000e-06  4.26720000e-06  1.16339995e-02  4.26720000e-06 -9.98969995e-06 
 4.26820000e-06  4.26820000e-06  4.26820000e-06  1.16339995e-02  4.26820000e-06 -9.98971495e-06 
 4.26920000e-06  4.26920000e-06  4.26920000e-06  1.16339995e-02  4.26920000e-06 -9.98969995e-06 
 4.27020000e-06  4.27020000e-06  4.27020000e-06  1.16339995e-02  4.27020000e-06 -9.98971495e-06 
 4.27120000e-06  4.27120000e-06  4.27120000e-06  1.16339995e-02  4.27120000e-06 -9.98969995e-06 
 4.27220000e-06  4.27220000e-06  4.27220000e-06  1.16339995e-02  4.27220000e-06 -9.98971495e-06 
 4.27320000e-06  4.27320000e-06  4.27320000e-06  1.16339995e-02  4.27320000e-06 -9.98969995e-06 
 4.27420000e-06  4.27420000e-06  4.27420000e-06  1.16339995e-02  4.27420000e-06 -9.98971495e-06 
 4.27520000e-06  4.27520000e-06  4.27520000e-06  1.16339995e-02  4.27520000e-06 -9.98969995e-06 
 4.27620000e-06  4.27620000e-06  4.27620000e-06  1.16339995e-02  4.27620000e-06 -9.98971495e-06 
 4.27720000e-06  4.27720000e-06  4.27720000e-06  1.16339995e-02  4.27720000e-06 -9.98969995e-06 
 4.27820000e-06  4.27820000e-06  4.27820000e-06  1.16339995e-02  4.27820000e-06 -9.98971495e-06 
 4.27920000e-06  4.27920000e-06  4.27920000e-06  1.16339995e-02  4.27920000e-06 -9.98969995e-06 
 4.28020000e-06  4.28020000e-06  4.28020000e-06  1.16339995e-02  4.28020000e-06 -9.98971495e-06 
 4.28120000e-06  4.28120000e-06  4.28120000e-06  1.16339995e-02  4.28120000e-06 -9.98969995e-06 
 4.28220000e-06  4.28220000e-06  4.28220000e-06  1.16339995e-02  4.28220000e-06 -9.98971495e-06 
 4.28320000e-06  4.28320000e-06  4.28320000e-06  1.16339995e-02  4.28320000e-06 -9.98969995e-06 
 4.28420000e-06  4.28420000e-06  4.28420000e-06  1.16339995e-02  4.28420000e-06 -9.98971495e-06 
 4.28520000e-06  4.28520000e-06  4.28520000e-06  1.16339995e-02  4.28520000e-06 -9.98969995e-06 
 4.28620000e-06  4.28620000e-06  4.28620000e-06  1.16339995e-02  4.28620000e-06 -9.98971495e-06 
 4.28720000e-06  4.28720000e-06  4.28720000e-06  1.16339995e-02  4.28720000e-06 -9.98969995e-06 
 4.28820000e-06  4.28820000e-06  4.28820000e-06  1.16339995e-02  4.28820000e-06 -9.98971495e-06 
 4.28920000e-06  4.28920000e-06  4.28920000e-06  1.16339995e-02  4.28920000e-06 -9.98969995e-06 
 4.29020000e-06  4.29020000e-06  4.29020000e-06  1.16339995e-02  4.29020000e-06 -9.98971495e-06 
 4.29120000e-06  4.29120000e-06  4.29120000e-06  1.16339995e-02  4.29120000e-06 -9.98969995e-06 
 4.29220000e-06  4.29220000e-06  4.29220000e-06  1.16339995e-02  4.29220000e-06 -9.98971495e-06 
 4.29320000e-06  4.29320000e-06  4.29320000e-06  1.16339995e-02  4.29320000e-06 -9.98969995e-06 
 4.29420000e-06  4.29420000e-06  4.29420000e-06  1.16339995e-02  4.29420000e-06 -9.98971495e-06 
 4.29520000e-06  4.29520000e-06  4.29520000e-06  1.16339995e-02  4.29520000e-06 -9.98969995e-06 
 4.29620000e-06  4.29620000e-06  4.29620000e-06  1.16339995e-02  4.29620000e-06 -9.98971495e-06 
 4.29720000e-06  4.29720000e-06  4.29720000e-06  1.16339995e-02  4.29720000e-06 -9.98969995e-06 
 4.29820000e-06  4.29820000e-06  4.29820000e-06  1.16339995e-02  4.29820000e-06 -9.98971495e-06 
 4.29920000e-06  4.29920000e-06  4.29920000e-06  1.16339995e-02  4.29920000e-06 -9.98969995e-06 
 4.30020000e-06  4.30020000e-06  4.30020000e-06  1.16339995e-02  4.30020000e-06 -9.98971495e-06 
 4.30120000e-06  4.30120000e-06  4.30120000e-06  1.16339995e-02  4.30120000e-06 -9.98969995e-06 
 4.30220000e-06  4.30220000e-06  4.30220000e-06  1.16339995e-02  4.30220000e-06 -9.98971495e-06 
 4.30320000e-06  4.30320000e-06  4.30320000e-06  1.16339995e-02  4.30320000e-06 -9.98969995e-06 
 4.30420000e-06  4.30420000e-06  4.30420000e-06  1.16339995e-02  4.30420000e-06 -9.98971495e-06 
 4.30520000e-06  4.30520000e-06  4.30520000e-06  1.16339995e-02  4.30520000e-06 -9.98969995e-06 
 4.30620000e-06  4.30620000e-06  4.30620000e-06  1.16339995e-02  4.30620000e-06 -9.98971495e-06 
 4.30720000e-06  4.30720000e-06  4.30720000e-06  1.16339995e-02  4.30720000e-06 -9.98969995e-06 
 4.30820000e-06  4.30820000e-06  4.30820000e-06  1.16339995e-02  4.30820000e-06 -9.98971495e-06 
 4.30920000e-06  4.30920000e-06  4.30920000e-06  1.16339995e-02  4.30920000e-06 -9.98969995e-06 
 4.31020000e-06  4.31020000e-06  4.31020000e-06  1.16339995e-02  4.31020000e-06 -9.98971495e-06 
 4.31120000e-06  4.31120000e-06  4.31120000e-06  1.16339995e-02  4.31120000e-06 -9.98969995e-06 
 4.31220000e-06  4.31220000e-06  4.31220000e-06  1.16339995e-02  4.31220000e-06 -9.98971495e-06 
 4.31320000e-06  4.31320000e-06  4.31320000e-06  1.16339995e-02  4.31320000e-06 -9.98969995e-06 
 4.31420000e-06  4.31420000e-06  4.31420000e-06  1.16339995e-02  4.31420000e-06 -9.98971495e-06 
 4.31520000e-06  4.31520000e-06  4.31520000e-06  1.16339995e-02  4.31520000e-06 -9.98969995e-06 
 4.31620000e-06  4.31620000e-06  4.31620000e-06  1.16339995e-02  4.31620000e-06 -9.98971495e-06 
 4.31720000e-06  4.31720000e-06  4.31720000e-06  1.16339995e-02  4.31720000e-06 -9.98969995e-06 
 4.31820000e-06  4.31820000e-06  4.31820000e-06  1.16339995e-02  4.31820000e-06 -9.98971495e-06 
 4.31920000e-06  4.31920000e-06  4.31920000e-06  1.16339995e-02  4.31920000e-06 -9.98969995e-06 
 4.32020000e-06  4.32020000e-06  4.32020000e-06  1.16339995e-02  4.32020000e-06 -9.98971495e-06 
 4.32120000e-06  4.32120000e-06  4.32120000e-06  1.16339995e-02  4.32120000e-06 -9.98969995e-06 
 4.32220000e-06  4.32220000e-06  4.32220000e-06  1.16339995e-02  4.32220000e-06 -9.98971495e-06 
 4.32320000e-06  4.32320000e-06  4.32320000e-06  1.16339995e-02  4.32320000e-06 -9.98969995e-06 
 4.32420000e-06  4.32420000e-06  4.32420000e-06  1.16339995e-02  4.32420000e-06 -9.98971495e-06 
 4.32520000e-06  4.32520000e-06  4.32520000e-06  1.16339995e-02  4.32520000e-06 -9.98969995e-06 
 4.32620000e-06  4.32620000e-06  4.32620000e-06  1.16339995e-02  4.32620000e-06 -9.98971495e-06 
 4.32720000e-06  4.32720000e-06  4.32720000e-06  1.16339995e-02  4.32720000e-06 -9.98969995e-06 
 4.32820000e-06  4.32820000e-06  4.32820000e-06  1.16339995e-02  4.32820000e-06 -9.98971495e-06 
 4.32920000e-06  4.32920000e-06  4.32920000e-06  1.16339995e-02  4.32920000e-06 -9.98969995e-06 
 4.33020000e-06  4.33020000e-06  4.33020000e-06  1.16339995e-02  4.33020000e-06 -9.98971495e-06 
 4.33120000e-06  4.33120000e-06  4.33120000e-06  1.16339995e-02  4.33120000e-06 -9.98969995e-06 
 4.33220000e-06  4.33220000e-06  4.33220000e-06  1.16339995e-02  4.33220000e-06 -9.98971495e-06 
 4.33320000e-06  4.33320000e-06  4.33320000e-06  1.16339995e-02  4.33320000e-06 -9.98969995e-06 
 4.33420000e-06  4.33420000e-06  4.33420000e-06  1.16339995e-02  4.33420000e-06 -9.98971495e-06 
 4.33520000e-06  4.33520000e-06  4.33520000e-06  1.16339995e-02  4.33520000e-06 -9.98969995e-06 
 4.33620000e-06  4.33620000e-06  4.33620000e-06  1.16339995e-02  4.33620000e-06 -9.98971495e-06 
 4.33720000e-06  4.33720000e-06  4.33720000e-06  1.16339995e-02  4.33720000e-06 -9.98969995e-06 
 4.33820000e-06  4.33820000e-06  4.33820000e-06  1.16339995e-02  4.33820000e-06 -9.98971495e-06 
 4.33920000e-06  4.33920000e-06  4.33920000e-06  1.16339995e-02  4.33920000e-06 -9.98969995e-06 
 4.34020000e-06  4.34020000e-06  4.34020000e-06  1.16339995e-02  4.34020000e-06 -9.98971495e-06 
 4.34120000e-06  4.34120000e-06  4.34120000e-06  1.16339995e-02  4.34120000e-06 -9.98969995e-06 
 4.34220000e-06  4.34220000e-06  4.34220000e-06  1.16339995e-02  4.34220000e-06 -9.98971495e-06 
 4.34320000e-06  4.34320000e-06  4.34320000e-06  1.16339995e-02  4.34320000e-06 -9.98969995e-06 
 4.34420000e-06  4.34420000e-06  4.34420000e-06  1.16339995e-02  4.34420000e-06 -9.98971495e-06 
 4.34520000e-06  4.34520000e-06  4.34520000e-06  1.16339995e-02  4.34520000e-06 -9.98969995e-06 
 4.34620000e-06  4.34620000e-06  4.34620000e-06  1.16339995e-02  4.34620000e-06 -9.98971495e-06 
 4.34720000e-06  4.34720000e-06  4.34720000e-06  1.16339995e-02  4.34720000e-06 -9.98969995e-06 
 4.34820000e-06  4.34820000e-06  4.34820000e-06  1.16339995e-02  4.34820000e-06 -9.98971495e-06 
 4.34920000e-06  4.34920000e-06  4.34920000e-06  1.16339995e-02  4.34920000e-06 -9.98969995e-06 
 4.35020000e-06  4.35020000e-06  4.35020000e-06  1.16339995e-02  4.35020000e-06 -9.98971495e-06 
 4.35120000e-06  4.35120000e-06  4.35120000e-06  1.16339995e-02  4.35120000e-06 -9.98969995e-06 
 4.35220000e-06  4.35220000e-06  4.35220000e-06  1.16339995e-02  4.35220000e-06 -9.98971495e-06 
 4.35320000e-06  4.35320000e-06  4.35320000e-06  1.16339995e-02  4.35320000e-06 -9.98969995e-06 
 4.35420000e-06  4.35420000e-06  4.35420000e-06  1.16339995e-02  4.35420000e-06 -9.98971495e-06 
 4.35520000e-06  4.35520000e-06  4.35520000e-06  1.16339995e-02  4.35520000e-06 -9.98969995e-06 
 4.35620000e-06  4.35620000e-06  4.35620000e-06  1.16339995e-02  4.35620000e-06 -9.98971495e-06 
 4.35720000e-06  4.35720000e-06  4.35720000e-06  1.16339995e-02  4.35720000e-06 -9.98969995e-06 
 4.35820000e-06  4.35820000e-06  4.35820000e-06  1.16339995e-02  4.35820000e-06 -9.98971495e-06 
 4.35920000e-06  4.35920000e-06  4.35920000e-06  1.16339995e-02  4.35920000e-06 -9.98969995e-06 
 4.36020000e-06  4.36020000e-06  4.36020000e-06  1.16339995e-02  4.36020000e-06 -9.98971495e-06 
 4.36120000e-06  4.36120000e-06  4.36120000e-06  1.16339995e-02  4.36120000e-06 -9.98969995e-06 
 4.36220000e-06  4.36220000e-06  4.36220000e-06  1.16339995e-02  4.36220000e-06 -9.98971495e-06 
 4.36320000e-06  4.36320000e-06  4.36320000e-06  1.16339995e-02  4.36320000e-06 -9.98969995e-06 
 4.36420000e-06  4.36420000e-06  4.36420000e-06  1.16339995e-02  4.36420000e-06 -9.98971495e-06 
 4.36520000e-06  4.36520000e-06  4.36520000e-06  1.16339995e-02  4.36520000e-06 -9.98969995e-06 
 4.36620000e-06  4.36620000e-06  4.36620000e-06  1.16339995e-02  4.36620000e-06 -9.98971495e-06 
 4.36720000e-06  4.36720000e-06  4.36720000e-06  1.16339995e-02  4.36720000e-06 -9.98969995e-06 
 4.36820000e-06  4.36820000e-06  4.36820000e-06  1.16339995e-02  4.36820000e-06 -9.98971495e-06 
 4.36920000e-06  4.36920000e-06  4.36920000e-06  1.16339995e-02  4.36920000e-06 -9.98969995e-06 
 4.37020000e-06  4.37020000e-06  4.37020000e-06  1.16339995e-02  4.37020000e-06 -9.98971495e-06 
 4.37120000e-06  4.37120000e-06  4.37120000e-06  1.16339995e-02  4.37120000e-06 -9.98969995e-06 
 4.37220000e-06  4.37220000e-06  4.37220000e-06  1.16339995e-02  4.37220000e-06 -9.98971495e-06 
 4.37320000e-06  4.37320000e-06  4.37320000e-06  1.16339995e-02  4.37320000e-06 -9.98969995e-06 
 4.37420000e-06  4.37420000e-06  4.37420000e-06  1.16339995e-02  4.37420000e-06 -9.98971495e-06 
 4.37520000e-06  4.37520000e-06  4.37520000e-06  1.16339995e-02  4.37520000e-06 -9.98969995e-06 
 4.37620000e-06  4.37620000e-06  4.37620000e-06  1.16339995e-02  4.37620000e-06 -9.98971495e-06 
 4.37720000e-06  4.37720000e-06  4.37720000e-06  1.16339995e-02  4.37720000e-06 -9.98969995e-06 
 4.37820000e-06  4.37820000e-06  4.37820000e-06  1.16339995e-02  4.37820000e-06 -9.98971495e-06 
 4.37920000e-06  4.37920000e-06  4.37920000e-06  1.16339995e-02  4.37920000e-06 -9.98969995e-06 
 4.38020000e-06  4.38020000e-06  4.38020000e-06  1.16339995e-02  4.38020000e-06 -9.98971495e-06 
 4.38120000e-06  4.38120000e-06  4.38120000e-06  1.16339995e-02  4.38120000e-06 -9.98969995e-06 
 4.38220000e-06  4.38220000e-06  4.38220000e-06  1.16339995e-02  4.38220000e-06 -9.98971495e-06 
 4.38320000e-06  4.38320000e-06  4.38320000e-06  1.16339995e-02  4.38320000e-06 -9.98969995e-06 
 4.38420000e-06  4.38420000e-06  4.38420000e-06  1.16339995e-02  4.38420000e-06 -9.98971495e-06 
 4.38520000e-06  4.38520000e-06  4.38520000e-06  1.16339995e-02  4.38520000e-06 -9.98969995e-06 
 4.38620000e-06  4.38620000e-06  4.38620000e-06  1.16339995e-02  4.38620000e-06 -9.98971495e-06 
 4.38720000e-06  4.38720000e-06  4.38720000e-06  1.16339995e-02  4.38720000e-06 -9.98969995e-06 
 4.38820000e-06  4.38820000e-06  4.38820000e-06  1.16339995e-02  4.38820000e-06 -9.98971495e-06 
 4.38920000e-06  4.38920000e-06  4.38920000e-06  1.16339995e-02  4.38920000e-06 -9.98969995e-06 
 4.39020000e-06  4.39020000e-06  4.39020000e-06  1.16339995e-02  4.39020000e-06 -9.98971495e-06 
 4.39120000e-06  4.39120000e-06  4.39120000e-06  1.16339995e-02  4.39120000e-06 -9.98969995e-06 
 4.39220000e-06  4.39220000e-06  4.39220000e-06  1.16339995e-02  4.39220000e-06 -9.98971495e-06 
 4.39320000e-06  4.39320000e-06  4.39320000e-06  1.16339995e-02  4.39320000e-06 -9.98969995e-06 
 4.39420000e-06  4.39420000e-06  4.39420000e-06  1.16339995e-02  4.39420000e-06 -9.98971495e-06 
 4.39520000e-06  4.39520000e-06  4.39520000e-06  1.16339995e-02  4.39520000e-06 -9.98969995e-06 
 4.39620000e-06  4.39620000e-06  4.39620000e-06  1.16339995e-02  4.39620000e-06 -9.98971495e-06 
 4.39720000e-06  4.39720000e-06  4.39720000e-06  1.16339995e-02  4.39720000e-06 -9.98969995e-06 
 4.39820000e-06  4.39820000e-06  4.39820000e-06  1.16339995e-02  4.39820000e-06 -9.98971495e-06 
 4.39920000e-06  4.39920000e-06  4.39920000e-06  1.16339995e-02  4.39920000e-06 -9.98969995e-06 
 4.40020000e-06  4.40020000e-06  4.40020000e-06  1.16339995e-02  4.40020000e-06 -9.98971495e-06 
 4.40120000e-06  4.40120000e-06  4.40120000e-06  1.16339995e-02  4.40120000e-06 -9.98969995e-06 
 4.40220000e-06  4.40220000e-06  4.40220000e-06  1.16339995e-02  4.40220000e-06 -9.98971495e-06 
 4.40320000e-06  4.40320000e-06  4.40320000e-06  1.16339995e-02  4.40320000e-06 -9.98969995e-06 
 4.40420000e-06  4.40420000e-06  4.40420000e-06  1.16339995e-02  4.40420000e-06 -9.98971495e-06 
 4.40520000e-06  4.40520000e-06  4.40520000e-06  1.16339995e-02  4.40520000e-06 -9.98969995e-06 
 4.40620000e-06  4.40620000e-06  4.40620000e-06  1.16339995e-02  4.40620000e-06 -9.98971495e-06 
 4.40720000e-06  4.40720000e-06  4.40720000e-06  1.16339995e-02  4.40720000e-06 -9.98969995e-06 
 4.40820000e-06  4.40820000e-06  4.40820000e-06  1.16339995e-02  4.40820000e-06 -9.98971495e-06 
 4.40920000e-06  4.40920000e-06  4.40920000e-06  1.16339995e-02  4.40920000e-06 -9.98969995e-06 
 4.41020000e-06  4.41020000e-06  4.41020000e-06  1.16339995e-02  4.41020000e-06 -9.98971495e-06 
 4.41120000e-06  4.41120000e-06  4.41120000e-06  1.16339995e-02  4.41120000e-06 -9.98969995e-06 
 4.41220000e-06  4.41220000e-06  4.41220000e-06  1.16339995e-02  4.41220000e-06 -9.98971495e-06 
 4.41320000e-06  4.41320000e-06  4.41320000e-06  1.16339995e-02  4.41320000e-06 -9.98969995e-06 
 4.41420000e-06  4.41420000e-06  4.41420000e-06  1.16339995e-02  4.41420000e-06 -9.98971495e-06 
 4.41520000e-06  4.41520000e-06  4.41520000e-06  1.16339995e-02  4.41520000e-06 -9.98969995e-06 
 4.41620000e-06  4.41620000e-06  4.41620000e-06  1.16339995e-02  4.41620000e-06 -9.98971495e-06 
 4.41720000e-06  4.41720000e-06  4.41720000e-06  1.16339995e-02  4.41720000e-06 -9.98969995e-06 
 4.41820000e-06  4.41820000e-06  4.41820000e-06  1.16339995e-02  4.41820000e-06 -9.98971495e-06 
 4.41920000e-06  4.41920000e-06  4.41920000e-06  1.16339995e-02  4.41920000e-06 -9.98969995e-06 
 4.42020000e-06  4.42020000e-06  4.42020000e-06  1.16339995e-02  4.42020000e-06 -9.98971495e-06 
 4.42120000e-06  4.42120000e-06  4.42120000e-06  1.16339995e-02  4.42120000e-06 -9.98969995e-06 
 4.42220000e-06  4.42220000e-06  4.42220000e-06  1.16339995e-02  4.42220000e-06 -9.98971495e-06 
 4.42320000e-06  4.42320000e-06  4.42320000e-06  1.16339995e-02  4.42320000e-06 -9.98969995e-06 
 4.42420000e-06  4.42420000e-06  4.42420000e-06  1.16339995e-02  4.42420000e-06 -9.98971495e-06 
 4.42520000e-06  4.42520000e-06  4.42520000e-06  1.16339995e-02  4.42520000e-06 -9.98969995e-06 
 4.42620000e-06  4.42620000e-06  4.42620000e-06  1.16339995e-02  4.42620000e-06 -9.98971495e-06 
 4.42720000e-06  4.42720000e-06  4.42720000e-06  1.16339995e-02  4.42720000e-06 -9.98969995e-06 
 4.42820000e-06  4.42820000e-06  4.42820000e-06  1.16339995e-02  4.42820000e-06 -9.98971495e-06 
 4.42920000e-06  4.42920000e-06  4.42920000e-06  1.16339995e-02  4.42920000e-06 -9.98969995e-06 
 4.43020000e-06  4.43020000e-06  4.43020000e-06  1.16339995e-02  4.43020000e-06 -9.98971495e-06 
 4.43120000e-06  4.43120000e-06  4.43120000e-06  1.16339995e-02  4.43120000e-06 -9.98969995e-06 
 4.43220000e-06  4.43220000e-06  4.43220000e-06  1.16339995e-02  4.43220000e-06 -9.98971495e-06 
 4.43320000e-06  4.43320000e-06  4.43320000e-06  1.16339995e-02  4.43320000e-06 -9.98969995e-06 
 4.43420000e-06  4.43420000e-06  4.43420000e-06  1.16339995e-02  4.43420000e-06 -9.98971495e-06 
 4.43520000e-06  4.43520000e-06  4.43520000e-06  1.16339995e-02  4.43520000e-06 -9.98969995e-06 
 4.43620000e-06  4.43620000e-06  4.43620000e-06  1.16339995e-02  4.43620000e-06 -9.98971495e-06 
 4.43720000e-06  4.43720000e-06  4.43720000e-06  1.16339995e-02  4.43720000e-06 -9.98969995e-06 
 4.43820000e-06  4.43820000e-06  4.43820000e-06  1.16339995e-02  4.43820000e-06 -9.98971495e-06 
 4.43920000e-06  4.43920000e-06  4.43920000e-06  1.16339995e-02  4.43920000e-06 -9.98969995e-06 
 4.44020000e-06  4.44020000e-06  4.44020000e-06  1.16339995e-02  4.44020000e-06 -9.98971495e-06 
 4.44120000e-06  4.44120000e-06  4.44120000e-06  1.16339995e-02  4.44120000e-06 -9.98969995e-06 
 4.44220000e-06  4.44220000e-06  4.44220000e-06  1.16339995e-02  4.44220000e-06 -9.98971495e-06 
 4.44320000e-06  4.44320000e-06  4.44320000e-06  1.16339995e-02  4.44320000e-06 -9.98969995e-06 
 4.44420000e-06  4.44420000e-06  4.44420000e-06  1.16339995e-02  4.44420000e-06 -9.98971495e-06 
 4.44520000e-06  4.44520000e-06  4.44520000e-06  1.16339995e-02  4.44520000e-06 -9.98969995e-06 
 4.44620000e-06  4.44620000e-06  4.44620000e-06  1.16339995e-02  4.44620000e-06 -9.98971495e-06 
 4.44720000e-06  4.44720000e-06  4.44720000e-06  1.16339995e-02  4.44720000e-06 -9.98969995e-06 
 4.44820000e-06  4.44820000e-06  4.44820000e-06  1.16339995e-02  4.44820000e-06 -9.98971495e-06 
 4.44920000e-06  4.44920000e-06  4.44920000e-06  1.16339995e-02  4.44920000e-06 -9.98969995e-06 
 4.45020000e-06  4.45020000e-06  4.45020000e-06  1.16339995e-02  4.45020000e-06 -9.98971495e-06 
 4.45120000e-06  4.45120000e-06  4.45120000e-06  1.16339995e-02  4.45120000e-06 -9.98969995e-06 
 4.45220000e-06  4.45220000e-06  4.45220000e-06  1.16339995e-02  4.45220000e-06 -9.98971495e-06 
 4.45320000e-06  4.45320000e-06  4.45320000e-06  1.16339995e-02  4.45320000e-06 -9.98969995e-06 
 4.45420000e-06  4.45420000e-06  4.45420000e-06  1.16339995e-02  4.45420000e-06 -9.98971495e-06 
 4.45520000e-06  4.45520000e-06  4.45520000e-06  1.16339995e-02  4.45520000e-06 -9.98969995e-06 
 4.45620000e-06  4.45620000e-06  4.45620000e-06  1.16339995e-02  4.45620000e-06 -9.98971495e-06 
 4.45720000e-06  4.45720000e-06  4.45720000e-06  1.16339995e-02  4.45720000e-06 -9.98969995e-06 
 4.45820000e-06  4.45820000e-06  4.45820000e-06  1.16339995e-02  4.45820000e-06 -9.98971495e-06 
 4.45920000e-06  4.45920000e-06  4.45920000e-06  1.16339995e-02  4.45920000e-06 -9.98969995e-06 
 4.46020000e-06  4.46020000e-06  4.46020000e-06  1.16339995e-02  4.46020000e-06 -9.98971495e-06 
 4.46120000e-06  4.46120000e-06  4.46120000e-06  1.16339995e-02  4.46120000e-06 -9.98969995e-06 
 4.46220000e-06  4.46220000e-06  4.46220000e-06  1.16339995e-02  4.46220000e-06 -9.98971495e-06 
 4.46320000e-06  4.46320000e-06  4.46320000e-06  1.16339995e-02  4.46320000e-06 -9.98969995e-06 
 4.46420000e-06  4.46420000e-06  4.46420000e-06  1.16339995e-02  4.46420000e-06 -9.98971495e-06 
 4.46520000e-06  4.46520000e-06  4.46520000e-06  1.16339995e-02  4.46520000e-06 -9.98969995e-06 
 4.46620000e-06  4.46620000e-06  4.46620000e-06  1.16339995e-02  4.46620000e-06 -9.98971495e-06 
 4.46720000e-06  4.46720000e-06  4.46720000e-06  1.16339995e-02  4.46720000e-06 -9.98969995e-06 
 4.46820000e-06  4.46820000e-06  4.46820000e-06  1.16339995e-02  4.46820000e-06 -9.98971495e-06 
 4.46920000e-06  4.46920000e-06  4.46920000e-06  1.16339995e-02  4.46920000e-06 -9.98969995e-06 
 4.47020000e-06  4.47020000e-06  4.47020000e-06  1.16339995e-02  4.47020000e-06 -9.98971495e-06 
 4.47120000e-06  4.47120000e-06  4.47120000e-06  1.16339995e-02  4.47120000e-06 -9.98969995e-06 
 4.47220000e-06  4.47220000e-06  4.47220000e-06  1.16339995e-02  4.47220000e-06 -9.98971495e-06 
 4.47320000e-06  4.47320000e-06  4.47320000e-06  1.16339995e-02  4.47320000e-06 -9.98969995e-06 
 4.47420000e-06  4.47420000e-06  4.47420000e-06  1.16339995e-02  4.47420000e-06 -9.98971495e-06 
 4.47520000e-06  4.47520000e-06  4.47520000e-06  1.16339995e-02  4.47520000e-06 -9.98969995e-06 
 4.47620000e-06  4.47620000e-06  4.47620000e-06  1.16339995e-02  4.47620000e-06 -9.98971495e-06 
 4.47720000e-06  4.47720000e-06  4.47720000e-06  1.16339995e-02  4.47720000e-06 -9.98969995e-06 
 4.47820000e-06  4.47820000e-06  4.47820000e-06  1.16339995e-02  4.47820000e-06 -9.98971495e-06 
 4.47920000e-06  4.47920000e-06  4.47920000e-06  1.16339995e-02  4.47920000e-06 -9.98969995e-06 
 4.48020000e-06  4.48020000e-06  4.48020000e-06  1.16339995e-02  4.48020000e-06 -9.98971495e-06 
 4.48120000e-06  4.48120000e-06  4.48120000e-06  1.16339995e-02  4.48120000e-06 -9.98969995e-06 
 4.48220000e-06  4.48220000e-06  4.48220000e-06  1.16339995e-02  4.48220000e-06 -9.98971495e-06 
 4.48320000e-06  4.48320000e-06  4.48320000e-06  1.16339995e-02  4.48320000e-06 -9.98969995e-06 
 4.48420000e-06  4.48420000e-06  4.48420000e-06  1.16339995e-02  4.48420000e-06 -9.98971495e-06 
 4.48520000e-06  4.48520000e-06  4.48520000e-06  1.16339995e-02  4.48520000e-06 -9.98969995e-06 
 4.48620000e-06  4.48620000e-06  4.48620000e-06  1.16339995e-02  4.48620000e-06 -9.98971495e-06 
 4.48720000e-06  4.48720000e-06  4.48720000e-06  1.16339995e-02  4.48720000e-06 -9.98969995e-06 
 4.48820000e-06  4.48820000e-06  4.48820000e-06  1.16339995e-02  4.48820000e-06 -9.98971495e-06 
 4.48920000e-06  4.48920000e-06  4.48920000e-06  1.16339995e-02  4.48920000e-06 -9.98969995e-06 
 4.49020000e-06  4.49020000e-06  4.49020000e-06  1.16339995e-02  4.49020000e-06 -9.98971495e-06 
 4.49120000e-06  4.49120000e-06  4.49120000e-06  1.16339995e-02  4.49120000e-06 -9.98969995e-06 
 4.49220000e-06  4.49220000e-06  4.49220000e-06  1.16339995e-02  4.49220000e-06 -9.98971495e-06 
 4.49320000e-06  4.49320000e-06  4.49320000e-06  1.16339995e-02  4.49320000e-06 -9.98969995e-06 
 4.49420000e-06  4.49420000e-06  4.49420000e-06  1.16339995e-02  4.49420000e-06 -9.98971495e-06 
 4.49520000e-06  4.49520000e-06  4.49520000e-06  1.16339995e-02  4.49520000e-06 -9.98969995e-06 
 4.49620000e-06  4.49620000e-06  4.49620000e-06  1.16339995e-02  4.49620000e-06 -9.98971495e-06 
 4.49720000e-06  4.49720000e-06  4.49720000e-06  1.16339995e-02  4.49720000e-06 -9.98969995e-06 
 4.49820000e-06  4.49820000e-06  4.49820000e-06  1.16339995e-02  4.49820000e-06 -9.98971495e-06 
 4.49920000e-06  4.49920000e-06  4.49920000e-06  1.16339995e-02  4.49920000e-06 -9.98969995e-06 
 4.50020000e-06  4.50020000e-06  4.50020000e-06  1.16339995e-02  4.50020000e-06 -9.98971495e-06 
 4.50120000e-06  4.50120000e-06  4.50120000e-06  1.16339995e-02  4.50120000e-06 -9.98969995e-06 
 4.50220000e-06  4.50220000e-06  4.50220000e-06  1.16339995e-02  4.50220000e-06 -9.98971495e-06 
 4.50320000e-06  4.50320000e-06  4.50320000e-06  1.16339995e-02  4.50320000e-06 -9.98969995e-06 
 4.50420000e-06  4.50420000e-06  4.50420000e-06  1.16339995e-02  4.50420000e-06 -9.98971495e-06 
 4.50520000e-06  4.50520000e-06  4.50520000e-06  1.16339995e-02  4.50520000e-06 -9.98969995e-06 
 4.50620000e-06  4.50620000e-06  4.50620000e-06  1.16339995e-02  4.50620000e-06 -9.98971495e-06 
 4.50720000e-06  4.50720000e-06  4.50720000e-06  1.16339995e-02  4.50720000e-06 -9.98969995e-06 
 4.50820000e-06  4.50820000e-06  4.50820000e-06  1.16339995e-02  4.50820000e-06 -9.98971495e-06 
 4.50920000e-06  4.50920000e-06  4.50920000e-06  1.16339995e-02  4.50920000e-06 -9.98969995e-06 
 4.51020000e-06  4.51020000e-06  4.51020000e-06  1.16339995e-02  4.51020000e-06 -9.98971495e-06 
 4.51120000e-06  4.51120000e-06  4.51120000e-06  1.16339995e-02  4.51120000e-06 -9.98969995e-06 
 4.51220000e-06  4.51220000e-06  4.51220000e-06  1.16339995e-02  4.51220000e-06 -9.98971495e-06 
 4.51320000e-06  4.51320000e-06  4.51320000e-06  1.16339995e-02  4.51320000e-06 -9.98969995e-06 
 4.51420000e-06  4.51420000e-06  4.51420000e-06  1.16339995e-02  4.51420000e-06 -9.98971495e-06 
 4.51520000e-06  4.51520000e-06  4.51520000e-06  1.16339995e-02  4.51520000e-06 -9.98969995e-06 
 4.51620000e-06  4.51620000e-06  4.51620000e-06  1.16339995e-02  4.51620000e-06 -9.98971495e-06 
 4.51720000e-06  4.51720000e-06  4.51720000e-06  1.16339995e-02  4.51720000e-06 -9.98969995e-06 
 4.51820000e-06  4.51820000e-06  4.51820000e-06  1.16339995e-02  4.51820000e-06 -9.98971495e-06 
 4.51920000e-06  4.51920000e-06  4.51920000e-06  1.16339995e-02  4.51920000e-06 -9.98969995e-06 
 4.52020000e-06  4.52020000e-06  4.52020000e-06  1.16339995e-02  4.52020000e-06 -9.98971495e-06 
 4.52120000e-06  4.52120000e-06  4.52120000e-06  1.16339995e-02  4.52120000e-06 -9.98969995e-06 
 4.52220000e-06  4.52220000e-06  4.52220000e-06  1.16339995e-02  4.52220000e-06 -9.98971495e-06 
 4.52320000e-06  4.52320000e-06  4.52320000e-06  1.16339995e-02  4.52320000e-06 -9.98969995e-06 
 4.52420000e-06  4.52420000e-06  4.52420000e-06  1.16339995e-02  4.52420000e-06 -9.98971495e-06 
 4.52520000e-06  4.52520000e-06  4.52520000e-06  1.16339995e-02  4.52520000e-06 -9.98969995e-06 
 4.52620000e-06  4.52620000e-06  4.52620000e-06  1.16339995e-02  4.52620000e-06 -9.98971495e-06 
 4.52720000e-06  4.52720000e-06  4.52720000e-06  1.16339995e-02  4.52720000e-06 -9.98969995e-06 
 4.52820000e-06  4.52820000e-06  4.52820000e-06  1.16339995e-02  4.52820000e-06 -9.98971495e-06 
 4.52920000e-06  4.52920000e-06  4.52920000e-06  1.16339995e-02  4.52920000e-06 -9.98969995e-06 
 4.53020000e-06  4.53020000e-06  4.53020000e-06  1.16339995e-02  4.53020000e-06 -9.98971495e-06 
 4.53120000e-06  4.53120000e-06  4.53120000e-06  1.16339995e-02  4.53120000e-06 -9.98969995e-06 
 4.53220000e-06  4.53220000e-06  4.53220000e-06  1.16339995e-02  4.53220000e-06 -9.98971495e-06 
 4.53320000e-06  4.53320000e-06  4.53320000e-06  1.16339995e-02  4.53320000e-06 -9.98969995e-06 
 4.53420000e-06  4.53420000e-06  4.53420000e-06  1.16339995e-02  4.53420000e-06 -9.98971495e-06 
 4.53520000e-06  4.53520000e-06  4.53520000e-06  1.16339995e-02  4.53520000e-06 -9.98969995e-06 
 4.53620000e-06  4.53620000e-06  4.53620000e-06  1.16339995e-02  4.53620000e-06 -9.98971495e-06 
 4.53720000e-06  4.53720000e-06  4.53720000e-06  1.16339995e-02  4.53720000e-06 -9.98969995e-06 
 4.53820000e-06  4.53820000e-06  4.53820000e-06  1.16339995e-02  4.53820000e-06 -9.98971495e-06 
 4.53920000e-06  4.53920000e-06  4.53920000e-06  1.16339995e-02  4.53920000e-06 -9.98969995e-06 
 4.54020000e-06  4.54020000e-06  4.54020000e-06  1.16339995e-02  4.54020000e-06 -9.98971495e-06 
 4.54120000e-06  4.54120000e-06  4.54120000e-06  1.16339995e-02  4.54120000e-06 -9.98969995e-06 
 4.54220000e-06  4.54220000e-06  4.54220000e-06  1.16339995e-02  4.54220000e-06 -9.98971495e-06 
 4.54320000e-06  4.54320000e-06  4.54320000e-06  1.16339995e-02  4.54320000e-06 -9.98969995e-06 
 4.54420000e-06  4.54420000e-06  4.54420000e-06  1.16339995e-02  4.54420000e-06 -9.98971495e-06 
 4.54520000e-06  4.54520000e-06  4.54520000e-06  1.16339995e-02  4.54520000e-06 -9.98969995e-06 
 4.54620000e-06  4.54620000e-06  4.54620000e-06  1.16339995e-02  4.54620000e-06 -9.98971495e-06 
 4.54720000e-06  4.54720000e-06  4.54720000e-06  1.16339995e-02  4.54720000e-06 -9.98969995e-06 
 4.54820000e-06  4.54820000e-06  4.54820000e-06  1.16339995e-02  4.54820000e-06 -9.98971495e-06 
 4.54920000e-06  4.54920000e-06  4.54920000e-06  1.16339995e-02  4.54920000e-06 -9.98969995e-06 
 4.55020000e-06  4.55020000e-06  4.55020000e-06  1.16339995e-02  4.55020000e-06 -9.98971495e-06 
 4.55120000e-06  4.55120000e-06  4.55120000e-06  1.16339995e-02  4.55120000e-06 -9.98969995e-06 
 4.55220000e-06  4.55220000e-06  4.55220000e-06  1.16339995e-02  4.55220000e-06 -9.98971495e-06 
 4.55320000e-06  4.55320000e-06  4.55320000e-06  1.16339995e-02  4.55320000e-06 -9.98969995e-06 
 4.55420000e-06  4.55420000e-06  4.55420000e-06  1.16339995e-02  4.55420000e-06 -9.98971495e-06 
 4.55520000e-06  4.55520000e-06  4.55520000e-06  1.16339995e-02  4.55520000e-06 -9.98969995e-06 
 4.55620000e-06  4.55620000e-06  4.55620000e-06  1.16339995e-02  4.55620000e-06 -9.98971495e-06 
 4.55720000e-06  4.55720000e-06  4.55720000e-06  1.16339995e-02  4.55720000e-06 -9.98969995e-06 
 4.55820000e-06  4.55820000e-06  4.55820000e-06  1.16339995e-02  4.55820000e-06 -9.98971495e-06 
 4.55920000e-06  4.55920000e-06  4.55920000e-06  1.16339995e-02  4.55920000e-06 -9.98969995e-06 
 4.56020000e-06  4.56020000e-06  4.56020000e-06  1.16339995e-02  4.56020000e-06 -9.98971495e-06 
 4.56120000e-06  4.56120000e-06  4.56120000e-06  1.16339995e-02  4.56120000e-06 -9.98969995e-06 
 4.56220000e-06  4.56220000e-06  4.56220000e-06  1.16339995e-02  4.56220000e-06 -9.98971495e-06 
 4.56320000e-06  4.56320000e-06  4.56320000e-06  1.16339995e-02  4.56320000e-06 -9.98969995e-06 
 4.56420000e-06  4.56420000e-06  4.56420000e-06  1.16339995e-02  4.56420000e-06 -9.98971495e-06 
 4.56520000e-06  4.56520000e-06  4.56520000e-06  1.16339995e-02  4.56520000e-06 -9.98969995e-06 
 4.56620000e-06  4.56620000e-06  4.56620000e-06  1.16339995e-02  4.56620000e-06 -9.98971495e-06 
 4.56720000e-06  4.56720000e-06  4.56720000e-06  1.16339995e-02  4.56720000e-06 -9.98969995e-06 
 4.56820000e-06  4.56820000e-06  4.56820000e-06  1.16339995e-02  4.56820000e-06 -9.98971495e-06 
 4.56920000e-06  4.56920000e-06  4.56920000e-06  1.16339995e-02  4.56920000e-06 -9.98969995e-06 
 4.57020000e-06  4.57020000e-06  4.57020000e-06  1.16339995e-02  4.57020000e-06 -9.98971495e-06 
 4.57120000e-06  4.57120000e-06  4.57120000e-06  1.16339995e-02  4.57120000e-06 -9.98969995e-06 
 4.57220000e-06  4.57220000e-06  4.57220000e-06  1.16339995e-02  4.57220000e-06 -9.98971495e-06 
 4.57320000e-06  4.57320000e-06  4.57320000e-06  1.16339995e-02  4.57320000e-06 -9.98969995e-06 
 4.57420000e-06  4.57420000e-06  4.57420000e-06  1.16339995e-02  4.57420000e-06 -9.98971495e-06 
 4.57520000e-06  4.57520000e-06  4.57520000e-06  1.16339995e-02  4.57520000e-06 -9.98969995e-06 
 4.57620000e-06  4.57620000e-06  4.57620000e-06  1.16339995e-02  4.57620000e-06 -9.98971495e-06 
 4.57720000e-06  4.57720000e-06  4.57720000e-06  1.16339995e-02  4.57720000e-06 -9.98969995e-06 
 4.57820000e-06  4.57820000e-06  4.57820000e-06  1.16339995e-02  4.57820000e-06 -9.98971495e-06 
 4.57920000e-06  4.57920000e-06  4.57920000e-06  1.16339995e-02  4.57920000e-06 -9.98969995e-06 
 4.58020000e-06  4.58020000e-06  4.58020000e-06  1.16339995e-02  4.58020000e-06 -9.98971495e-06 
 4.58120000e-06  4.58120000e-06  4.58120000e-06  1.16339995e-02  4.58120000e-06 -9.98969995e-06 
 4.58220000e-06  4.58220000e-06  4.58220000e-06  1.16339995e-02  4.58220000e-06 -9.98971495e-06 
 4.58320000e-06  4.58320000e-06  4.58320000e-06  1.16339995e-02  4.58320000e-06 -9.98969995e-06 
 4.58420000e-06  4.58420000e-06  4.58420000e-06  1.16339995e-02  4.58420000e-06 -9.98971495e-06 
 4.58520000e-06  4.58520000e-06  4.58520000e-06  1.16339995e-02  4.58520000e-06 -9.98969995e-06 
 4.58620000e-06  4.58620000e-06  4.58620000e-06  1.16339995e-02  4.58620000e-06 -9.98971495e-06 
 4.58720000e-06  4.58720000e-06  4.58720000e-06  1.16339995e-02  4.58720000e-06 -9.98969995e-06 
 4.58820000e-06  4.58820000e-06  4.58820000e-06  1.16339995e-02  4.58820000e-06 -9.98971495e-06 
 4.58920000e-06  4.58920000e-06  4.58920000e-06  1.16339995e-02  4.58920000e-06 -9.98969995e-06 
 4.59020000e-06  4.59020000e-06  4.59020000e-06  1.16339995e-02  4.59020000e-06 -9.98971495e-06 
 4.59120000e-06  4.59120000e-06  4.59120000e-06  1.16339995e-02  4.59120000e-06 -9.98969995e-06 
 4.59220000e-06  4.59220000e-06  4.59220000e-06  1.16339995e-02  4.59220000e-06 -9.98971495e-06 
 4.59320000e-06  4.59320000e-06  4.59320000e-06  1.16339995e-02  4.59320000e-06 -9.98969995e-06 
 4.59420000e-06  4.59420000e-06  4.59420000e-06  1.16339995e-02  4.59420000e-06 -9.98971495e-06 
 4.59520000e-06  4.59520000e-06  4.59520000e-06  1.16339995e-02  4.59520000e-06 -9.98969995e-06 
 4.59620000e-06  4.59620000e-06  4.59620000e-06  1.16339995e-02  4.59620000e-06 -9.98971495e-06 
 4.59720000e-06  4.59720000e-06  4.59720000e-06  1.16339995e-02  4.59720000e-06 -9.98969995e-06 
 4.59820000e-06  4.59820000e-06  4.59820000e-06  1.16339995e-02  4.59820000e-06 -9.98971495e-06 
 4.59920000e-06  4.59920000e-06  4.59920000e-06  1.16339995e-02  4.59920000e-06 -9.98969995e-06 
 4.60020000e-06  4.60020000e-06  4.60020000e-06  1.16339995e-02  4.60020000e-06 -9.98971495e-06 
 4.60120000e-06  4.60120000e-06  4.60120000e-06  1.16339995e-02  4.60120000e-06 -9.98969995e-06 
 4.60220000e-06  4.60220000e-06  4.60220000e-06  1.16339995e-02  4.60220000e-06 -9.98971495e-06 
 4.60320000e-06  4.60320000e-06  4.60320000e-06  1.16339995e-02  4.60320000e-06 -9.98969995e-06 
 4.60420000e-06  4.60420000e-06  4.60420000e-06  1.16339995e-02  4.60420000e-06 -9.98971495e-06 
 4.60520000e-06  4.60520000e-06  4.60520000e-06  1.16339995e-02  4.60520000e-06 -9.98969995e-06 
 4.60620000e-06  4.60620000e-06  4.60620000e-06  1.16339995e-02  4.60620000e-06 -9.98971495e-06 
 4.60720000e-06  4.60720000e-06  4.60720000e-06  1.16339995e-02  4.60720000e-06 -9.98969995e-06 
 4.60820000e-06  4.60820000e-06  4.60820000e-06  1.16339995e-02  4.60820000e-06 -9.98971495e-06 
 4.60920000e-06  4.60920000e-06  4.60920000e-06  1.16339995e-02  4.60920000e-06 -9.98969995e-06 
 4.61020000e-06  4.61020000e-06  4.61020000e-06  1.16339995e-02  4.61020000e-06 -9.98971495e-06 
 4.61120000e-06  4.61120000e-06  4.61120000e-06  1.16339995e-02  4.61120000e-06 -9.98969995e-06 
 4.61220000e-06  4.61220000e-06  4.61220000e-06  1.16339995e-02  4.61220000e-06 -9.98971495e-06 
 4.61320000e-06  4.61320000e-06  4.61320000e-06  1.16339995e-02  4.61320000e-06 -9.98969995e-06 
 4.61420000e-06  4.61420000e-06  4.61420000e-06  1.16339995e-02  4.61420000e-06 -9.98971495e-06 
 4.61520000e-06  4.61520000e-06  4.61520000e-06  1.16339995e-02  4.61520000e-06 -9.98969995e-06 
 4.61620000e-06  4.61620000e-06  4.61620000e-06  1.16339995e-02  4.61620000e-06 -9.98971495e-06 
 4.61720000e-06  4.61720000e-06  4.61720000e-06  1.16339995e-02  4.61720000e-06 -9.98969995e-06 
 4.61820000e-06  4.61820000e-06  4.61820000e-06  1.16339995e-02  4.61820000e-06 -9.98971495e-06 
 4.61920000e-06  4.61920000e-06  4.61920000e-06  1.16339995e-02  4.61920000e-06 -9.98969995e-06 
 4.62020000e-06  4.62020000e-06  4.62020000e-06  1.16339995e-02  4.62020000e-06 -9.98971495e-06 
 4.62120000e-06  4.62120000e-06  4.62120000e-06  1.16339995e-02  4.62120000e-06 -9.98969995e-06 
 4.62220000e-06  4.62220000e-06  4.62220000e-06  1.16339995e-02  4.62220000e-06 -9.98971495e-06 
 4.62320000e-06  4.62320000e-06  4.62320000e-06  1.16339995e-02  4.62320000e-06 -9.98969995e-06 
 4.62420000e-06  4.62420000e-06  4.62420000e-06  1.16339995e-02  4.62420000e-06 -9.98971495e-06 
 4.62520000e-06  4.62520000e-06  4.62520000e-06  1.16339995e-02  4.62520000e-06 -9.98969995e-06 
 4.62620000e-06  4.62620000e-06  4.62620000e-06  1.16339995e-02  4.62620000e-06 -9.98971495e-06 
 4.62720000e-06  4.62720000e-06  4.62720000e-06  1.16339995e-02  4.62720000e-06 -9.98969995e-06 
 4.62820000e-06  4.62820000e-06  4.62820000e-06  1.16339995e-02  4.62820000e-06 -9.98971495e-06 
 4.62920000e-06  4.62920000e-06  4.62920000e-06  1.16339995e-02  4.62920000e-06 -9.98969995e-06 
 4.63020000e-06  4.63020000e-06  4.63020000e-06  1.16339995e-02  4.63020000e-06 -9.98971495e-06 
 4.63120000e-06  4.63120000e-06  4.63120000e-06  1.16339995e-02  4.63120000e-06 -9.98969995e-06 
 4.63220000e-06  4.63220000e-06  4.63220000e-06  1.16339995e-02  4.63220000e-06 -9.98971495e-06 
 4.63320000e-06  4.63320000e-06  4.63320000e-06  1.16339995e-02  4.63320000e-06 -9.98969995e-06 
 4.63420000e-06  4.63420000e-06  4.63420000e-06  1.16339995e-02  4.63420000e-06 -9.98971495e-06 
 4.63520000e-06  4.63520000e-06  4.63520000e-06  1.16339995e-02  4.63520000e-06 -9.98969995e-06 
 4.63620000e-06  4.63620000e-06  4.63620000e-06  1.16339995e-02  4.63620000e-06 -9.98971495e-06 
 4.63720000e-06  4.63720000e-06  4.63720000e-06  1.16339995e-02  4.63720000e-06 -9.98969995e-06 
 4.63820000e-06  4.63820000e-06  4.63820000e-06  1.16339995e-02  4.63820000e-06 -9.98971495e-06 
 4.63920000e-06  4.63920000e-06  4.63920000e-06  1.16339995e-02  4.63920000e-06 -9.98969995e-06 
 4.64020000e-06  4.64020000e-06  4.64020000e-06  1.16339995e-02  4.64020000e-06 -9.98971495e-06 
 4.64120000e-06  4.64120000e-06  4.64120000e-06  1.16339995e-02  4.64120000e-06 -9.98969995e-06 
 4.64220000e-06  4.64220000e-06  4.64220000e-06  1.16339995e-02  4.64220000e-06 -9.98971495e-06 
 4.64320000e-06  4.64320000e-06  4.64320000e-06  1.16339995e-02  4.64320000e-06 -9.98969995e-06 
 4.64420000e-06  4.64420000e-06  4.64420000e-06  1.16339995e-02  4.64420000e-06 -9.98971495e-06 
 4.64520000e-06  4.64520000e-06  4.64520000e-06  1.16339995e-02  4.64520000e-06 -9.98969995e-06 
 4.64620000e-06  4.64620000e-06  4.64620000e-06  1.16339995e-02  4.64620000e-06 -9.98971495e-06 
 4.64720000e-06  4.64720000e-06  4.64720000e-06  1.16339995e-02  4.64720000e-06 -9.98969995e-06 
 4.64820000e-06  4.64820000e-06  4.64820000e-06  1.16339995e-02  4.64820000e-06 -9.98971495e-06 
 4.64920000e-06  4.64920000e-06  4.64920000e-06  1.16339995e-02  4.64920000e-06 -9.98969995e-06 
 4.65020000e-06  4.65020000e-06  4.65020000e-06  1.16339995e-02  4.65020000e-06 -9.98971495e-06 
 4.65120000e-06  4.65120000e-06  4.65120000e-06  1.16339995e-02  4.65120000e-06 -9.98969995e-06 
 4.65220000e-06  4.65220000e-06  4.65220000e-06  1.16339995e-02  4.65220000e-06 -9.98971495e-06 
 4.65320000e-06  4.65320000e-06  4.65320000e-06  1.16339995e-02  4.65320000e-06 -9.98969995e-06 
 4.65420000e-06  4.65420000e-06  4.65420000e-06  1.16339995e-02  4.65420000e-06 -9.98971495e-06 
 4.65520000e-06  4.65520000e-06  4.65520000e-06  1.16339995e-02  4.65520000e-06 -9.98969995e-06 
 4.65620000e-06  4.65620000e-06  4.65620000e-06  1.16339995e-02  4.65620000e-06 -9.98971495e-06 
 4.65720000e-06  4.65720000e-06  4.65720000e-06  1.16339995e-02  4.65720000e-06 -9.98969995e-06 
 4.65820000e-06  4.65820000e-06  4.65820000e-06  1.16339995e-02  4.65820000e-06 -9.98971495e-06 
 4.65920000e-06  4.65920000e-06  4.65920000e-06  1.16339995e-02  4.65920000e-06 -9.98969995e-06 
 4.66020000e-06  4.66020000e-06  4.66020000e-06  1.16339995e-02  4.66020000e-06 -9.98971495e-06 
 4.66120000e-06  4.66120000e-06  4.66120000e-06  1.16339995e-02  4.66120000e-06 -9.98969995e-06 
 4.66220000e-06  4.66220000e-06  4.66220000e-06  1.16339995e-02  4.66220000e-06 -9.98971495e-06 
 4.66320000e-06  4.66320000e-06  4.66320000e-06  1.16339995e-02  4.66320000e-06 -9.98969995e-06 
 4.66420000e-06  4.66420000e-06  4.66420000e-06  1.16339995e-02  4.66420000e-06 -9.98971495e-06 
 4.66520000e-06  4.66520000e-06  4.66520000e-06  1.16339995e-02  4.66520000e-06 -9.98969995e-06 
 4.66620000e-06  4.66620000e-06  4.66620000e-06  1.16339995e-02  4.66620000e-06 -9.98971495e-06 
 4.66720000e-06  4.66720000e-06  4.66720000e-06  1.16339995e-02  4.66720000e-06 -9.98969995e-06 
 4.66820000e-06  4.66820000e-06  4.66820000e-06  1.16339995e-02  4.66820000e-06 -9.98971495e-06 
 4.66920000e-06  4.66920000e-06  4.66920000e-06  1.16339995e-02  4.66920000e-06 -9.98969995e-06 
 4.67020000e-06  4.67020000e-06  4.67020000e-06  1.16339995e-02  4.67020000e-06 -9.98971495e-06 
 4.67120000e-06  4.67120000e-06  4.67120000e-06  1.16339995e-02  4.67120000e-06 -9.98969995e-06 
 4.67220000e-06  4.67220000e-06  4.67220000e-06  1.16339995e-02  4.67220000e-06 -9.98971495e-06 
 4.67320000e-06  4.67320000e-06  4.67320000e-06  1.16339995e-02  4.67320000e-06 -9.98969995e-06 
 4.67420000e-06  4.67420000e-06  4.67420000e-06  1.16339995e-02  4.67420000e-06 -9.98971495e-06 
 4.67520000e-06  4.67520000e-06  4.67520000e-06  1.16339995e-02  4.67520000e-06 -9.98969995e-06 
 4.67620000e-06  4.67620000e-06  4.67620000e-06  1.16339995e-02  4.67620000e-06 -9.98971495e-06 
 4.67720000e-06  4.67720000e-06  4.67720000e-06  1.16339995e-02  4.67720000e-06 -9.98969995e-06 
 4.67820000e-06  4.67820000e-06  4.67820000e-06  1.16339995e-02  4.67820000e-06 -9.98971495e-06 
 4.67920000e-06  4.67920000e-06  4.67920000e-06  1.16339995e-02  4.67920000e-06 -9.98969995e-06 
 4.68020000e-06  4.68020000e-06  4.68020000e-06  1.16339995e-02  4.68020000e-06 -9.98971495e-06 
 4.68120000e-06  4.68120000e-06  4.68120000e-06  1.16339995e-02  4.68120000e-06 -9.98969995e-06 
 4.68220000e-06  4.68220000e-06  4.68220000e-06  1.16339995e-02  4.68220000e-06 -9.98971495e-06 
 4.68320000e-06  4.68320000e-06  4.68320000e-06  1.16339995e-02  4.68320000e-06 -9.98969995e-06 
 4.68420000e-06  4.68420000e-06  4.68420000e-06  1.16339995e-02  4.68420000e-06 -9.98971495e-06 
 4.68520000e-06  4.68520000e-06  4.68520000e-06  1.16339995e-02  4.68520000e-06 -9.98969995e-06 
 4.68620000e-06  4.68620000e-06  4.68620000e-06  1.16339995e-02  4.68620000e-06 -9.98971495e-06 
 4.68720000e-06  4.68720000e-06  4.68720000e-06  1.16339995e-02  4.68720000e-06 -9.98969995e-06 
 4.68820000e-06  4.68820000e-06  4.68820000e-06  1.16339995e-02  4.68820000e-06 -9.98971495e-06 
 4.68920000e-06  4.68920000e-06  4.68920000e-06  1.16339995e-02  4.68920000e-06 -9.98969995e-06 
 4.69020000e-06  4.69020000e-06  4.69020000e-06  1.16339995e-02  4.69020000e-06 -9.98971495e-06 
 4.69120000e-06  4.69120000e-06  4.69120000e-06  1.16339995e-02  4.69120000e-06 -9.98969995e-06 
 4.69220000e-06  4.69220000e-06  4.69220000e-06  1.16339995e-02  4.69220000e-06 -9.98971495e-06 
 4.69320000e-06  4.69320000e-06  4.69320000e-06  1.16339995e-02  4.69320000e-06 -9.98969995e-06 
 4.69420000e-06  4.69420000e-06  4.69420000e-06  1.16339995e-02  4.69420000e-06 -9.98971495e-06 
 4.69520000e-06  4.69520000e-06  4.69520000e-06  1.16339995e-02  4.69520000e-06 -9.98969995e-06 
 4.69620000e-06  4.69620000e-06  4.69620000e-06  1.16339995e-02  4.69620000e-06 -9.98971495e-06 
 4.69720000e-06  4.69720000e-06  4.69720000e-06  1.16339995e-02  4.69720000e-06 -9.98969995e-06 
 4.69820000e-06  4.69820000e-06  4.69820000e-06  1.16339995e-02  4.69820000e-06 -9.98971495e-06 
 4.69920000e-06  4.69920000e-06  4.69920000e-06  1.16339995e-02  4.69920000e-06 -9.98969995e-06 
 4.70020000e-06  4.70020000e-06  4.70020000e-06  1.16339995e-02  4.70020000e-06 -9.98971495e-06 
 4.70120000e-06  4.70120000e-06  4.70120000e-06  1.16339995e-02  4.70120000e-06 -9.98969995e-06 
 4.70220000e-06  4.70220000e-06  4.70220000e-06  1.16339995e-02  4.70220000e-06 -9.98971495e-06 
 4.70320000e-06  4.70320000e-06  4.70320000e-06  1.16339995e-02  4.70320000e-06 -9.98969995e-06 
 4.70420000e-06  4.70420000e-06  4.70420000e-06  1.16339995e-02  4.70420000e-06 -9.98971495e-06 
 4.70520000e-06  4.70520000e-06  4.70520000e-06  1.16339995e-02  4.70520000e-06 -9.98969995e-06 
 4.70620000e-06  4.70620000e-06  4.70620000e-06  1.16339995e-02  4.70620000e-06 -9.98971495e-06 
 4.70720000e-06  4.70720000e-06  4.70720000e-06  1.16339995e-02  4.70720000e-06 -9.98969995e-06 
 4.70820000e-06  4.70820000e-06  4.70820000e-06  1.16339995e-02  4.70820000e-06 -9.98971495e-06 
 4.70920000e-06  4.70920000e-06  4.70920000e-06  1.16339995e-02  4.70920000e-06 -9.98969995e-06 
 4.71020000e-06  4.71020000e-06  4.71020000e-06  1.16339995e-02  4.71020000e-06 -9.98971495e-06 
 4.71120000e-06  4.71120000e-06  4.71120000e-06  1.16339995e-02  4.71120000e-06 -9.98969995e-06 
 4.71220000e-06  4.71220000e-06  4.71220000e-06  1.16339995e-02  4.71220000e-06 -9.98971495e-06 
 4.71320000e-06  4.71320000e-06  4.71320000e-06  1.16339995e-02  4.71320000e-06 -9.98969995e-06 
 4.71420000e-06  4.71420000e-06  4.71420000e-06  1.16339995e-02  4.71420000e-06 -9.98971495e-06 
 4.71520000e-06  4.71520000e-06  4.71520000e-06  1.16339995e-02  4.71520000e-06 -9.98969995e-06 
 4.71620000e-06  4.71620000e-06  4.71620000e-06  1.16339995e-02  4.71620000e-06 -9.98971495e-06 
 4.71720000e-06  4.71720000e-06  4.71720000e-06  1.16339995e-02  4.71720000e-06 -9.98969995e-06 
 4.71820000e-06  4.71820000e-06  4.71820000e-06  1.16339995e-02  4.71820000e-06 -9.98971495e-06 
 4.71920000e-06  4.71920000e-06  4.71920000e-06  1.16339995e-02  4.71920000e-06 -9.98969995e-06 
 4.72020000e-06  4.72020000e-06  4.72020000e-06  1.16339995e-02  4.72020000e-06 -9.98971495e-06 
 4.72120000e-06  4.72120000e-06  4.72120000e-06  1.16339995e-02  4.72120000e-06 -9.98969995e-06 
 4.72220000e-06  4.72220000e-06  4.72220000e-06  1.16339995e-02  4.72220000e-06 -9.98971495e-06 
 4.72320000e-06  4.72320000e-06  4.72320000e-06  1.16339995e-02  4.72320000e-06 -9.98969995e-06 
 4.72420000e-06  4.72420000e-06  4.72420000e-06  1.16339995e-02  4.72420000e-06 -9.98971495e-06 
 4.72520000e-06  4.72520000e-06  4.72520000e-06  1.16339995e-02  4.72520000e-06 -9.98969995e-06 
 4.72620000e-06  4.72620000e-06  4.72620000e-06  1.16339995e-02  4.72620000e-06 -9.98971495e-06 
 4.72720000e-06  4.72720000e-06  4.72720000e-06  1.16339995e-02  4.72720000e-06 -9.98969995e-06 
 4.72820000e-06  4.72820000e-06  4.72820000e-06  1.16339995e-02  4.72820000e-06 -9.98971495e-06 
 4.72920000e-06  4.72920000e-06  4.72920000e-06  1.16339995e-02  4.72920000e-06 -9.98969995e-06 
 4.73020000e-06  4.73020000e-06  4.73020000e-06  1.16339995e-02  4.73020000e-06 -9.98971495e-06 
 4.73120000e-06  4.73120000e-06  4.73120000e-06  1.16339995e-02  4.73120000e-06 -9.98969995e-06 
 4.73220000e-06  4.73220000e-06  4.73220000e-06  1.16339995e-02  4.73220000e-06 -9.98971495e-06 
 4.73320000e-06  4.73320000e-06  4.73320000e-06  1.16339995e-02  4.73320000e-06 -9.98969995e-06 
 4.73420000e-06  4.73420000e-06  4.73420000e-06  1.16339995e-02  4.73420000e-06 -9.98971495e-06 
 4.73520000e-06  4.73520000e-06  4.73520000e-06  1.16339995e-02  4.73520000e-06 -9.98969995e-06 
 4.73620000e-06  4.73620000e-06  4.73620000e-06  1.16339995e-02  4.73620000e-06 -9.98971495e-06 
 4.73720000e-06  4.73720000e-06  4.73720000e-06  1.16339995e-02  4.73720000e-06 -9.98969995e-06 
 4.73820000e-06  4.73820000e-06  4.73820000e-06  1.16339995e-02  4.73820000e-06 -9.98971495e-06 
 4.73920000e-06  4.73920000e-06  4.73920000e-06  1.16339995e-02  4.73920000e-06 -9.98969995e-06 
 4.74020000e-06  4.74020000e-06  4.74020000e-06  1.16339995e-02  4.74020000e-06 -9.98971495e-06 
 4.74120000e-06  4.74120000e-06  4.74120000e-06  1.16339995e-02  4.74120000e-06 -9.98969995e-06 
 4.74220000e-06  4.74220000e-06  4.74220000e-06  1.16339995e-02  4.74220000e-06 -9.98971495e-06 
 4.74320000e-06  4.74320000e-06  4.74320000e-06  1.16339995e-02  4.74320000e-06 -9.98969995e-06 
 4.74420000e-06  4.74420000e-06  4.74420000e-06  1.16339995e-02  4.74420000e-06 -9.98971495e-06 
 4.74520000e-06  4.74520000e-06  4.74520000e-06  1.16339995e-02  4.74520000e-06 -9.98969995e-06 
 4.74620000e-06  4.74620000e-06  4.74620000e-06  1.16339995e-02  4.74620000e-06 -9.98971495e-06 
 4.74720000e-06  4.74720000e-06  4.74720000e-06  1.16339995e-02  4.74720000e-06 -9.98969995e-06 
 4.74820000e-06  4.74820000e-06  4.74820000e-06  1.16339995e-02  4.74820000e-06 -9.98971495e-06 
 4.74920000e-06  4.74920000e-06  4.74920000e-06  1.16339995e-02  4.74920000e-06 -9.98969995e-06 
 4.75020000e-06  4.75020000e-06  4.75020000e-06  1.16339995e-02  4.75020000e-06 -9.98971495e-06 
 4.75120000e-06  4.75120000e-06  4.75120000e-06  1.16339995e-02  4.75120000e-06 -9.98969995e-06 
 4.75220000e-06  4.75220000e-06  4.75220000e-06  1.16339995e-02  4.75220000e-06 -9.98971495e-06 
 4.75320000e-06  4.75320000e-06  4.75320000e-06  1.16339995e-02  4.75320000e-06 -9.98969995e-06 
 4.75420000e-06  4.75420000e-06  4.75420000e-06  1.16339995e-02  4.75420000e-06 -9.98971495e-06 
 4.75520000e-06  4.75520000e-06  4.75520000e-06  1.16339995e-02  4.75520000e-06 -9.98969995e-06 
 4.75620000e-06  4.75620000e-06  4.75620000e-06  1.16339995e-02  4.75620000e-06 -9.98971495e-06 
 4.75720000e-06  4.75720000e-06  4.75720000e-06  1.16339995e-02  4.75720000e-06 -9.98969995e-06 
 4.75820000e-06  4.75820000e-06  4.75820000e-06  1.16339995e-02  4.75820000e-06 -9.98971495e-06 
 4.75920000e-06  4.75920000e-06  4.75920000e-06  1.16339995e-02  4.75920000e-06 -9.98969995e-06 
 4.76020000e-06  4.76020000e-06  4.76020000e-06  1.16339995e-02  4.76020000e-06 -9.98971495e-06 
 4.76120000e-06  4.76120000e-06  4.76120000e-06  1.16339995e-02  4.76120000e-06 -9.98969995e-06 
 4.76220000e-06  4.76220000e-06  4.76220000e-06  1.16339995e-02  4.76220000e-06 -9.98971495e-06 
 4.76320000e-06  4.76320000e-06  4.76320000e-06  1.16339995e-02  4.76320000e-06 -9.98969995e-06 
 4.76420000e-06  4.76420000e-06  4.76420000e-06  1.16339995e-02  4.76420000e-06 -9.98971495e-06 
 4.76520000e-06  4.76520000e-06  4.76520000e-06  1.16339995e-02  4.76520000e-06 -9.98969995e-06 
 4.76620000e-06  4.76620000e-06  4.76620000e-06  1.16339995e-02  4.76620000e-06 -9.98971495e-06 
 4.76720000e-06  4.76720000e-06  4.76720000e-06  1.16339995e-02  4.76720000e-06 -9.98969995e-06 
 4.76820000e-06  4.76820000e-06  4.76820000e-06  1.16339995e-02  4.76820000e-06 -9.98971495e-06 
 4.76920000e-06  4.76920000e-06  4.76920000e-06  1.16339995e-02  4.76920000e-06 -9.98969995e-06 
 4.77020000e-06  4.77020000e-06  4.77020000e-06  1.16339995e-02  4.77020000e-06 -9.98971495e-06 
 4.77120000e-06  4.77120000e-06  4.77120000e-06  1.16339995e-02  4.77120000e-06 -9.98969995e-06 
 4.77220000e-06  4.77220000e-06  4.77220000e-06  1.16339995e-02  4.77220000e-06 -9.98971495e-06 
 4.77320000e-06  4.77320000e-06  4.77320000e-06  1.16339995e-02  4.77320000e-06 -9.98969995e-06 
 4.77420000e-06  4.77420000e-06  4.77420000e-06  1.16339995e-02  4.77420000e-06 -9.98971495e-06 
 4.77520000e-06  4.77520000e-06  4.77520000e-06  1.16339995e-02  4.77520000e-06 -9.98969995e-06 
 4.77620000e-06  4.77620000e-06  4.77620000e-06  1.16339995e-02  4.77620000e-06 -9.98971495e-06 
 4.77720000e-06  4.77720000e-06  4.77720000e-06  1.16339995e-02  4.77720000e-06 -9.98969995e-06 
 4.77820000e-06  4.77820000e-06  4.77820000e-06  1.16339995e-02  4.77820000e-06 -9.98971495e-06 
 4.77920000e-06  4.77920000e-06  4.77920000e-06  1.16339995e-02  4.77920000e-06 -9.98969995e-06 
 4.78020000e-06  4.78020000e-06  4.78020000e-06  1.16339995e-02  4.78020000e-06 -9.98971495e-06 
 4.78120000e-06  4.78120000e-06  4.78120000e-06  1.16339995e-02  4.78120000e-06 -9.98969995e-06 
 4.78220000e-06  4.78220000e-06  4.78220000e-06  1.16339995e-02  4.78220000e-06 -9.98971495e-06 
 4.78320000e-06  4.78320000e-06  4.78320000e-06  1.16339995e-02  4.78320000e-06 -9.98969995e-06 
 4.78420000e-06  4.78420000e-06  4.78420000e-06  1.16339995e-02  4.78420000e-06 -9.98971495e-06 
 4.78520000e-06  4.78520000e-06  4.78520000e-06  1.16339995e-02  4.78520000e-06 -9.98969995e-06 
 4.78620000e-06  4.78620000e-06  4.78620000e-06  1.16339995e-02  4.78620000e-06 -9.98971495e-06 
 4.78720000e-06  4.78720000e-06  4.78720000e-06  1.16339995e-02  4.78720000e-06 -9.98969995e-06 
 4.78820000e-06  4.78820000e-06  4.78820000e-06  1.16339995e-02  4.78820000e-06 -9.98971495e-06 
 4.78920000e-06  4.78920000e-06  4.78920000e-06  1.16339995e-02  4.78920000e-06 -9.98969995e-06 
 4.79020000e-06  4.79020000e-06  4.79020000e-06  1.16339995e-02  4.79020000e-06 -9.98971495e-06 
 4.79120000e-06  4.79120000e-06  4.79120000e-06  1.16339995e-02  4.79120000e-06 -9.98969995e-06 
 4.79220000e-06  4.79220000e-06  4.79220000e-06  1.16339995e-02  4.79220000e-06 -9.98971495e-06 
 4.79320000e-06  4.79320000e-06  4.79320000e-06  1.16339995e-02  4.79320000e-06 -9.98969995e-06 
 4.79420000e-06  4.79420000e-06  4.79420000e-06  1.16339995e-02  4.79420000e-06 -9.98971495e-06 
 4.79520000e-06  4.79520000e-06  4.79520000e-06  1.16339995e-02  4.79520000e-06 -9.98969995e-06 
 4.79620000e-06  4.79620000e-06  4.79620000e-06  1.16339995e-02  4.79620000e-06 -9.98971495e-06 
 4.79720000e-06  4.79720000e-06  4.79720000e-06  1.16339995e-02  4.79720000e-06 -9.98969995e-06 
 4.79820000e-06  4.79820000e-06  4.79820000e-06  1.16339995e-02  4.79820000e-06 -9.98971495e-06 
 4.79920000e-06  4.79920000e-06  4.79920000e-06  1.16339995e-02  4.79920000e-06 -9.98969995e-06 
 4.80020000e-06  4.80020000e-06  4.80020000e-06  1.16339995e-02  4.80020000e-06 -9.98971495e-06 
 4.80120000e-06  4.80120000e-06  4.80120000e-06  1.16339995e-02  4.80120000e-06 -9.98969995e-06 
 4.80220000e-06  4.80220000e-06  4.80220000e-06  1.16339995e-02  4.80220000e-06 -9.98971495e-06 
 4.80320000e-06  4.80320000e-06  4.80320000e-06  1.16339995e-02  4.80320000e-06 -9.98969995e-06 
 4.80420000e-06  4.80420000e-06  4.80420000e-06  1.16339995e-02  4.80420000e-06 -9.98971495e-06 
 4.80520000e-06  4.80520000e-06  4.80520000e-06  1.16339995e-02  4.80520000e-06 -9.98969995e-06 
 4.80620000e-06  4.80620000e-06  4.80620000e-06  1.16339995e-02  4.80620000e-06 -9.98971495e-06 
 4.80720000e-06  4.80720000e-06  4.80720000e-06  1.16339995e-02  4.80720000e-06 -9.98969995e-06 
 4.80820000e-06  4.80820000e-06  4.80820000e-06  1.16339995e-02  4.80820000e-06 -9.98971495e-06 
 4.80920000e-06  4.80920000e-06  4.80920000e-06  1.16339995e-02  4.80920000e-06 -9.98969995e-06 
 4.81020000e-06  4.81020000e-06  4.81020000e-06  1.16339995e-02  4.81020000e-06 -9.98971495e-06 
 4.81120000e-06  4.81120000e-06  4.81120000e-06  1.16339995e-02  4.81120000e-06 -9.98969995e-06 
 4.81220000e-06  4.81220000e-06  4.81220000e-06  1.16339995e-02  4.81220000e-06 -9.98971495e-06 
 4.81320000e-06  4.81320000e-06  4.81320000e-06  1.16339995e-02  4.81320000e-06 -9.98969995e-06 
 4.81420000e-06  4.81420000e-06  4.81420000e-06  1.16339995e-02  4.81420000e-06 -9.98971495e-06 
 4.81520000e-06  4.81520000e-06  4.81520000e-06  1.16339995e-02  4.81520000e-06 -9.98969995e-06 
 4.81620000e-06  4.81620000e-06  4.81620000e-06  1.16339995e-02  4.81620000e-06 -9.98971495e-06 
 4.81720000e-06  4.81720000e-06  4.81720000e-06  1.16339995e-02  4.81720000e-06 -9.98969995e-06 
 4.81820000e-06  4.81820000e-06  4.81820000e-06  1.16339995e-02  4.81820000e-06 -9.98971495e-06 
 4.81920000e-06  4.81920000e-06  4.81920000e-06  1.16339995e-02  4.81920000e-06 -9.98969995e-06 
 4.82020000e-06  4.82020000e-06  4.82020000e-06  1.16339995e-02  4.82020000e-06 -9.98971495e-06 
 4.82120000e-06  4.82120000e-06  4.82120000e-06  1.16339995e-02  4.82120000e-06 -9.98969995e-06 
 4.82220000e-06  4.82220000e-06  4.82220000e-06  1.16339995e-02  4.82220000e-06 -9.98971495e-06 
 4.82320000e-06  4.82320000e-06  4.82320000e-06  1.16339995e-02  4.82320000e-06 -9.98969995e-06 
 4.82420000e-06  4.82420000e-06  4.82420000e-06  1.16339995e-02  4.82420000e-06 -9.98971495e-06 
 4.82520000e-06  4.82520000e-06  4.82520000e-06  1.16339995e-02  4.82520000e-06 -9.98969995e-06 
 4.82620000e-06  4.82620000e-06  4.82620000e-06  1.16339995e-02  4.82620000e-06 -9.98971495e-06 
 4.82720000e-06  4.82720000e-06  4.82720000e-06  1.16339995e-02  4.82720000e-06 -9.98969995e-06 
 4.82820000e-06  4.82820000e-06  4.82820000e-06  1.16339995e-02  4.82820000e-06 -9.98971495e-06 
 4.82920000e-06  4.82920000e-06  4.82920000e-06  1.16339995e-02  4.82920000e-06 -9.98969995e-06 
 4.83020000e-06  4.83020000e-06  4.83020000e-06  1.16339995e-02  4.83020000e-06 -9.98971495e-06 
 4.83120000e-06  4.83120000e-06  4.83120000e-06  1.16339995e-02  4.83120000e-06 -9.98969995e-06 
 4.83220000e-06  4.83220000e-06  4.83220000e-06  1.16339995e-02  4.83220000e-06 -9.98971495e-06 
 4.83320000e-06  4.83320000e-06  4.83320000e-06  1.16339995e-02  4.83320000e-06 -9.98969995e-06 
 4.83420000e-06  4.83420000e-06  4.83420000e-06  1.16339995e-02  4.83420000e-06 -9.98971495e-06 
 4.83520000e-06  4.83520000e-06  4.83520000e-06  1.16339995e-02  4.83520000e-06 -9.98969995e-06 
 4.83620000e-06  4.83620000e-06  4.83620000e-06  1.16339995e-02  4.83620000e-06 -9.98971495e-06 
 4.83720000e-06  4.83720000e-06  4.83720000e-06  1.16339995e-02  4.83720000e-06 -9.98969995e-06 
 4.83820000e-06  4.83820000e-06  4.83820000e-06  1.16339995e-02  4.83820000e-06 -9.98971495e-06 
 4.83920000e-06  4.83920000e-06  4.83920000e-06  1.16339995e-02  4.83920000e-06 -9.98969995e-06 
 4.84020000e-06  4.84020000e-06  4.84020000e-06  1.16339995e-02  4.84020000e-06 -9.98971495e-06 
 4.84120000e-06  4.84120000e-06  4.84120000e-06  1.16339995e-02  4.84120000e-06 -9.98969995e-06 
 4.84220000e-06  4.84220000e-06  4.84220000e-06  1.16339995e-02  4.84220000e-06 -9.98971495e-06 
 4.84320000e-06  4.84320000e-06  4.84320000e-06  1.16339995e-02  4.84320000e-06 -9.98969995e-06 
 4.84420000e-06  4.84420000e-06  4.84420000e-06  1.16339995e-02  4.84420000e-06 -9.98971495e-06 
 4.84520000e-06  4.84520000e-06  4.84520000e-06  1.16339995e-02  4.84520000e-06 -9.98969995e-06 
 4.84620000e-06  4.84620000e-06  4.84620000e-06  1.16339995e-02  4.84620000e-06 -9.98971495e-06 
 4.84720000e-06  4.84720000e-06  4.84720000e-06  1.16339995e-02  4.84720000e-06 -9.98969995e-06 
 4.84820000e-06  4.84820000e-06  4.84820000e-06  1.16339995e-02  4.84820000e-06 -9.98971495e-06 
 4.84920000e-06  4.84920000e-06  4.84920000e-06  1.16339995e-02  4.84920000e-06 -9.98969995e-06 
 4.85020000e-06  4.85020000e-06  4.85020000e-06  1.16339995e-02  4.85020000e-06 -9.98971495e-06 
 4.85120000e-06  4.85120000e-06  4.85120000e-06  1.16339995e-02  4.85120000e-06 -9.98969995e-06 
 4.85220000e-06  4.85220000e-06  4.85220000e-06  1.16339995e-02  4.85220000e-06 -9.98971495e-06 
 4.85320000e-06  4.85320000e-06  4.85320000e-06  1.16339995e-02  4.85320000e-06 -9.98969995e-06 
 4.85420000e-06  4.85420000e-06  4.85420000e-06  1.16339995e-02  4.85420000e-06 -9.98971495e-06 
 4.85520000e-06  4.85520000e-06  4.85520000e-06  1.16339995e-02  4.85520000e-06 -9.98969995e-06 
 4.85620000e-06  4.85620000e-06  4.85620000e-06  1.16339995e-02  4.85620000e-06 -9.98971495e-06 
 4.85720000e-06  4.85720000e-06  4.85720000e-06  1.16339995e-02  4.85720000e-06 -9.98969995e-06 
 4.85820000e-06  4.85820000e-06  4.85820000e-06  1.16339995e-02  4.85820000e-06 -9.98971495e-06 
 4.85920000e-06  4.85920000e-06  4.85920000e-06  1.16339995e-02  4.85920000e-06 -9.98969995e-06 
 4.86020000e-06  4.86020000e-06  4.86020000e-06  1.16339995e-02  4.86020000e-06 -9.98971495e-06 
 4.86120000e-06  4.86120000e-06  4.86120000e-06  1.16339995e-02  4.86120000e-06 -9.98969995e-06 
 4.86220000e-06  4.86220000e-06  4.86220000e-06  1.16339995e-02  4.86220000e-06 -9.98971495e-06 
 4.86320000e-06  4.86320000e-06  4.86320000e-06  1.16339995e-02  4.86320000e-06 -9.98969995e-06 
 4.86420000e-06  4.86420000e-06  4.86420000e-06  1.16339995e-02  4.86420000e-06 -9.98971495e-06 
 4.86520000e-06  4.86520000e-06  4.86520000e-06  1.16339995e-02  4.86520000e-06 -9.98969995e-06 
 4.86620000e-06  4.86620000e-06  4.86620000e-06  1.16339995e-02  4.86620000e-06 -9.98971495e-06 
 4.86720000e-06  4.86720000e-06  4.86720000e-06  1.16339995e-02  4.86720000e-06 -9.98969995e-06 
 4.86820000e-06  4.86820000e-06  4.86820000e-06  1.16339995e-02  4.86820000e-06 -9.98971495e-06 
 4.86920000e-06  4.86920000e-06  4.86920000e-06  1.16339995e-02  4.86920000e-06 -9.98969995e-06 
 4.87020000e-06  4.87020000e-06  4.87020000e-06  1.16339995e-02  4.87020000e-06 -9.98971495e-06 
 4.87120000e-06  4.87120000e-06  4.87120000e-06  1.16339995e-02  4.87120000e-06 -9.98969995e-06 
 4.87220000e-06  4.87220000e-06  4.87220000e-06  1.16339995e-02  4.87220000e-06 -9.98971495e-06 
 4.87320000e-06  4.87320000e-06  4.87320000e-06  1.16339995e-02  4.87320000e-06 -9.98969995e-06 
 4.87420000e-06  4.87420000e-06  4.87420000e-06  1.16339995e-02  4.87420000e-06 -9.98971495e-06 
 4.87520000e-06  4.87520000e-06  4.87520000e-06  1.16339995e-02  4.87520000e-06 -9.98969995e-06 
 4.87620000e-06  4.87620000e-06  4.87620000e-06  1.16339995e-02  4.87620000e-06 -9.98971495e-06 
 4.87720000e-06  4.87720000e-06  4.87720000e-06  1.16339995e-02  4.87720000e-06 -9.98969995e-06 
 4.87820000e-06  4.87820000e-06  4.87820000e-06  1.16339995e-02  4.87820000e-06 -9.98971495e-06 
 4.87920000e-06  4.87920000e-06  4.87920000e-06  1.16339995e-02  4.87920000e-06 -9.98969995e-06 
 4.88020000e-06  4.88020000e-06  4.88020000e-06  1.16339995e-02  4.88020000e-06 -9.98971495e-06 
 4.88120000e-06  4.88120000e-06  4.88120000e-06  1.16339995e-02  4.88120000e-06 -9.98969995e-06 
 4.88220000e-06  4.88220000e-06  4.88220000e-06  1.16339995e-02  4.88220000e-06 -9.98971495e-06 
 4.88320000e-06  4.88320000e-06  4.88320000e-06  1.16339995e-02  4.88320000e-06 -9.98969995e-06 
 4.88420000e-06  4.88420000e-06  4.88420000e-06  1.16339995e-02  4.88420000e-06 -9.98971495e-06 
 4.88520000e-06  4.88520000e-06  4.88520000e-06  1.16339995e-02  4.88520000e-06 -9.98969995e-06 
 4.88620000e-06  4.88620000e-06  4.88620000e-06  1.16339995e-02  4.88620000e-06 -9.98971495e-06 
 4.88720000e-06  4.88720000e-06  4.88720000e-06  1.16339995e-02  4.88720000e-06 -9.98969995e-06 
 4.88820000e-06  4.88820000e-06  4.88820000e-06  1.16339995e-02  4.88820000e-06 -9.98971495e-06 
 4.88920000e-06  4.88920000e-06  4.88920000e-06  1.16339995e-02  4.88920000e-06 -9.98969995e-06 
 4.89020000e-06  4.89020000e-06  4.89020000e-06  1.16339995e-02  4.89020000e-06 -9.98971495e-06 
 4.89120000e-06  4.89120000e-06  4.89120000e-06  1.16339995e-02  4.89120000e-06 -9.98969995e-06 
 4.89220000e-06  4.89220000e-06  4.89220000e-06  1.16339995e-02  4.89220000e-06 -9.98971495e-06 
 4.89320000e-06  4.89320000e-06  4.89320000e-06  1.16339995e-02  4.89320000e-06 -9.98969995e-06 
 4.89420000e-06  4.89420000e-06  4.89420000e-06  1.16339995e-02  4.89420000e-06 -9.98971495e-06 
 4.89520000e-06  4.89520000e-06  4.89520000e-06  1.16339995e-02  4.89520000e-06 -9.98969995e-06 
 4.89620000e-06  4.89620000e-06  4.89620000e-06  1.16339995e-02  4.89620000e-06 -9.98971495e-06 
 4.89720000e-06  4.89720000e-06  4.89720000e-06  1.16339995e-02  4.89720000e-06 -9.98969995e-06 
 4.89820000e-06  4.89820000e-06  4.89820000e-06  1.16339995e-02  4.89820000e-06 -9.98971495e-06 
 4.89920000e-06  4.89920000e-06  4.89920000e-06  1.16339995e-02  4.89920000e-06 -9.98969995e-06 
 4.90020000e-06  4.90020000e-06  4.90020000e-06  1.16339995e-02  4.90020000e-06 -9.98971495e-06 
 4.90120000e-06  4.90120000e-06  4.90120000e-06  1.16339995e-02  4.90120000e-06 -9.98969995e-06 
 4.90220000e-06  4.90220000e-06  4.90220000e-06  1.16339995e-02  4.90220000e-06 -9.98971495e-06 
 4.90320000e-06  4.90320000e-06  4.90320000e-06  1.16339995e-02  4.90320000e-06 -9.98969995e-06 
 4.90420000e-06  4.90420000e-06  4.90420000e-06  1.16339995e-02  4.90420000e-06 -9.98971495e-06 
 4.90520000e-06  4.90520000e-06  4.90520000e-06  1.16339995e-02  4.90520000e-06 -9.98969995e-06 
 4.90620000e-06  4.90620000e-06  4.90620000e-06  1.16339995e-02  4.90620000e-06 -9.98971495e-06 
 4.90720000e-06  4.90720000e-06  4.90720000e-06  1.16339995e-02  4.90720000e-06 -9.98969995e-06 
 4.90820000e-06  4.90820000e-06  4.90820000e-06  1.16339995e-02  4.90820000e-06 -9.98971495e-06 
 4.90920000e-06  4.90920000e-06  4.90920000e-06  1.16339995e-02  4.90920000e-06 -9.98969995e-06 
 4.91020000e-06  4.91020000e-06  4.91020000e-06  1.16339995e-02  4.91020000e-06 -9.98971495e-06 
 4.91120000e-06  4.91120000e-06  4.91120000e-06  1.16339995e-02  4.91120000e-06 -9.98969995e-06 
 4.91220000e-06  4.91220000e-06  4.91220000e-06  1.16339995e-02  4.91220000e-06 -9.98971495e-06 
 4.91320000e-06  4.91320000e-06  4.91320000e-06  1.16339995e-02  4.91320000e-06 -9.98969995e-06 
 4.91420000e-06  4.91420000e-06  4.91420000e-06  1.16339995e-02  4.91420000e-06 -9.98971495e-06 
 4.91520000e-06  4.91520000e-06  4.91520000e-06  1.16339995e-02  4.91520000e-06 -9.98969995e-06 
 4.91620000e-06  4.91620000e-06  4.91620000e-06  1.16339995e-02  4.91620000e-06 -9.98971495e-06 
 4.91720000e-06  4.91720000e-06  4.91720000e-06  1.16339995e-02  4.91720000e-06 -9.98969995e-06 
 4.91820000e-06  4.91820000e-06  4.91820000e-06  1.16339995e-02  4.91820000e-06 -9.98971495e-06 
 4.91920000e-06  4.91920000e-06  4.91920000e-06  1.16339995e-02  4.91920000e-06 -9.98969995e-06 
 4.92020000e-06  4.92020000e-06  4.92020000e-06  1.16339995e-02  4.92020000e-06 -9.98971495e-06 
 4.92120000e-06  4.92120000e-06  4.92120000e-06  1.16339995e-02  4.92120000e-06 -9.98969995e-06 
 4.92220000e-06  4.92220000e-06  4.92220000e-06  1.16339995e-02  4.92220000e-06 -9.98971495e-06 
 4.92320000e-06  4.92320000e-06  4.92320000e-06  1.16339995e-02  4.92320000e-06 -9.98969995e-06 
 4.92420000e-06  4.92420000e-06  4.92420000e-06  1.16339995e-02  4.92420000e-06 -9.98971495e-06 
 4.92520000e-06  4.92520000e-06  4.92520000e-06  1.16339995e-02  4.92520000e-06 -9.98969995e-06 
 4.92620000e-06  4.92620000e-06  4.92620000e-06  1.16339995e-02  4.92620000e-06 -9.98971495e-06 
 4.92720000e-06  4.92720000e-06  4.92720000e-06  1.16339995e-02  4.92720000e-06 -9.98969995e-06 
 4.92820000e-06  4.92820000e-06  4.92820000e-06  1.16339995e-02  4.92820000e-06 -9.98971495e-06 
 4.92920000e-06  4.92920000e-06  4.92920000e-06  1.16339995e-02  4.92920000e-06 -9.98969995e-06 
 4.93020000e-06  4.93020000e-06  4.93020000e-06  1.16339995e-02  4.93020000e-06 -9.98971495e-06 
 4.93120000e-06  4.93120000e-06  4.93120000e-06  1.16339995e-02  4.93120000e-06 -9.98969995e-06 
 4.93220000e-06  4.93220000e-06  4.93220000e-06  1.16339995e-02  4.93220000e-06 -9.98971495e-06 
 4.93320000e-06  4.93320000e-06  4.93320000e-06  1.16339995e-02  4.93320000e-06 -9.98969995e-06 
 4.93420000e-06  4.93420000e-06  4.93420000e-06  1.16339995e-02  4.93420000e-06 -9.98971495e-06 
 4.93520000e-06  4.93520000e-06  4.93520000e-06  1.16339995e-02  4.93520000e-06 -9.98969995e-06 
 4.93620000e-06  4.93620000e-06  4.93620000e-06  1.16339995e-02  4.93620000e-06 -9.98971495e-06 
 4.93720000e-06  4.93720000e-06  4.93720000e-06  1.16339995e-02  4.93720000e-06 -9.98969995e-06 
 4.93820000e-06  4.93820000e-06  4.93820000e-06  1.16339995e-02  4.93820000e-06 -9.98971495e-06 
 4.93920000e-06  4.93920000e-06  4.93920000e-06  1.16339995e-02  4.93920000e-06 -9.98969995e-06 
 4.94020000e-06  4.94020000e-06  4.94020000e-06  1.16339995e-02  4.94020000e-06 -9.98971495e-06 
 4.94120000e-06  4.94120000e-06  4.94120000e-06  1.16339995e-02  4.94120000e-06 -9.98969995e-06 
 4.94220000e-06  4.94220000e-06  4.94220000e-06  1.16339995e-02  4.94220000e-06 -9.98971495e-06 
 4.94320000e-06  4.94320000e-06  4.94320000e-06  1.16339995e-02  4.94320000e-06 -9.98969995e-06 
 4.94420000e-06  4.94420000e-06  4.94420000e-06  1.16339995e-02  4.94420000e-06 -9.98971495e-06 
 4.94520000e-06  4.94520000e-06  4.94520000e-06  1.16339995e-02  4.94520000e-06 -9.98969995e-06 
 4.94620000e-06  4.94620000e-06  4.94620000e-06  1.16339995e-02  4.94620000e-06 -9.98971495e-06 
 4.94720000e-06  4.94720000e-06  4.94720000e-06  1.16339995e-02  4.94720000e-06 -9.98969995e-06 
 4.94820000e-06  4.94820000e-06  4.94820000e-06  1.16339995e-02  4.94820000e-06 -9.98971495e-06 
 4.94920000e-06  4.94920000e-06  4.94920000e-06  1.16339995e-02  4.94920000e-06 -9.98969995e-06 
 4.95020000e-06  4.95020000e-06  4.95020000e-06  1.16339995e-02  4.95020000e-06 -9.98971495e-06 
 4.95120000e-06  4.95120000e-06  4.95120000e-06  1.16339995e-02  4.95120000e-06 -9.98969995e-06 
 4.95220000e-06  4.95220000e-06  4.95220000e-06  1.16339995e-02  4.95220000e-06 -9.98971495e-06 
 4.95320000e-06  4.95320000e-06  4.95320000e-06  1.16339995e-02  4.95320000e-06 -9.98969995e-06 
 4.95420000e-06  4.95420000e-06  4.95420000e-06  1.16339995e-02  4.95420000e-06 -9.98971495e-06 
 4.95520000e-06  4.95520000e-06  4.95520000e-06  1.16339995e-02  4.95520000e-06 -9.98969995e-06 
 4.95620000e-06  4.95620000e-06  4.95620000e-06  1.16339995e-02  4.95620000e-06 -9.98971495e-06 
 4.95720000e-06  4.95720000e-06  4.95720000e-06  1.16339995e-02  4.95720000e-06 -9.98969995e-06 
 4.95820000e-06  4.95820000e-06  4.95820000e-06  1.16339995e-02  4.95820000e-06 -9.98971495e-06 
 4.95920000e-06  4.95920000e-06  4.95920000e-06  1.16339995e-02  4.95920000e-06 -9.98969995e-06 
 4.96020000e-06  4.96020000e-06  4.96020000e-06  1.16339995e-02  4.96020000e-06 -9.98971495e-06 
 4.96120000e-06  4.96120000e-06  4.96120000e-06  1.16339995e-02  4.96120000e-06 -9.98969995e-06 
 4.96220000e-06  4.96220000e-06  4.96220000e-06  1.16339995e-02  4.96220000e-06 -9.98971495e-06 
 4.96320000e-06  4.96320000e-06  4.96320000e-06  1.16339995e-02  4.96320000e-06 -9.98969995e-06 
 4.96420000e-06  4.96420000e-06  4.96420000e-06  1.16339995e-02  4.96420000e-06 -9.98971495e-06 
 4.96520000e-06  4.96520000e-06  4.96520000e-06  1.16339995e-02  4.96520000e-06 -9.98969995e-06 
 4.96620000e-06  4.96620000e-06  4.96620000e-06  1.16339995e-02  4.96620000e-06 -9.98971495e-06 
 4.96720000e-06  4.96720000e-06  4.96720000e-06  1.16339995e-02  4.96720000e-06 -9.98969995e-06 
 4.96820000e-06  4.96820000e-06  4.96820000e-06  1.16339995e-02  4.96820000e-06 -9.98971495e-06 
 4.96920000e-06  4.96920000e-06  4.96920000e-06  1.16339995e-02  4.96920000e-06 -9.98969995e-06 
 4.97020000e-06  4.97020000e-06  4.97020000e-06  1.16339995e-02  4.97020000e-06 -9.98971495e-06 
 4.97120000e-06  4.97120000e-06  4.97120000e-06  1.16339995e-02  4.97120000e-06 -9.98969995e-06 
 4.97220000e-06  4.97220000e-06  4.97220000e-06  1.16339995e-02  4.97220000e-06 -9.98971495e-06 
 4.97320000e-06  4.97320000e-06  4.97320000e-06  1.16339995e-02  4.97320000e-06 -9.98969995e-06 
 4.97420000e-06  4.97420000e-06  4.97420000e-06  1.16339995e-02  4.97420000e-06 -9.98971495e-06 
 4.97520000e-06  4.97520000e-06  4.97520000e-06  1.16339995e-02  4.97520000e-06 -9.98969995e-06 
 4.97620000e-06  4.97620000e-06  4.97620000e-06  1.16339995e-02  4.97620000e-06 -9.98971495e-06 
 4.97720000e-06  4.97720000e-06  4.97720000e-06  1.16339995e-02  4.97720000e-06 -9.98969995e-06 
 4.97820000e-06  4.97820000e-06  4.97820000e-06  1.16339995e-02  4.97820000e-06 -9.98971495e-06 
 4.97920000e-06  4.97920000e-06  4.97920000e-06  1.16339995e-02  4.97920000e-06 -9.98969995e-06 
 4.98020000e-06  4.98020000e-06  4.98020000e-06  1.16339995e-02  4.98020000e-06 -9.98971495e-06 
 4.98120000e-06  4.98120000e-06  4.98120000e-06  1.16339995e-02  4.98120000e-06 -9.98969995e-06 
 4.98220000e-06  4.98220000e-06  4.98220000e-06  1.16339995e-02  4.98220000e-06 -9.98971495e-06 
 4.98320000e-06  4.98320000e-06  4.98320000e-06  1.16339995e-02  4.98320000e-06 -9.98969995e-06 
 4.98420000e-06  4.98420000e-06  4.98420000e-06  1.16339995e-02  4.98420000e-06 -9.98971495e-06 
 4.98520000e-06  4.98520000e-06  4.98520000e-06  1.16339995e-02  4.98520000e-06 -9.98969995e-06 
 4.98620000e-06  4.98620000e-06  4.98620000e-06  1.16339995e-02  4.98620000e-06 -9.98971495e-06 
 4.98720000e-06  4.98720000e-06  4.98720000e-06  1.16339995e-02  4.98720000e-06 -9.98969995e-06 
 4.98820000e-06  4.98820000e-06  4.98820000e-06  1.16339995e-02  4.98820000e-06 -9.98971495e-06 
 4.98920000e-06  4.98920000e-06  4.98920000e-06  1.16339995e-02  4.98920000e-06 -9.98969995e-06 
 4.99020000e-06  4.99020000e-06  4.99020000e-06  1.16339995e-02  4.99020000e-06 -9.98971495e-06 
 4.99120000e-06  4.99120000e-06  4.99120000e-06  1.16339995e-02  4.99120000e-06 -9.98969995e-06 
 4.99220000e-06  4.99220000e-06  4.99220000e-06  1.16339995e-02  4.99220000e-06 -9.98971495e-06 
 4.99320000e-06  4.99320000e-06  4.99320000e-06  1.16339995e-02  4.99320000e-06 -9.98969995e-06 
 4.99420000e-06  4.99420000e-06  4.99420000e-06  1.16339995e-02  4.99420000e-06 -9.98971495e-06 
 4.99520000e-06  4.99520000e-06  4.99520000e-06  1.16339995e-02  4.99520000e-06 -9.98969995e-06 
 4.99620000e-06  4.99620000e-06  4.99620000e-06  1.16339995e-02  4.99620000e-06 -9.98971495e-06 
 4.99720000e-06  4.99720000e-06  4.99720000e-06  1.16339995e-02  4.99720000e-06 -9.98969995e-06 
 4.99820000e-06  4.99820000e-06  4.99820000e-06  1.16339995e-02  4.99820000e-06 -9.98971495e-06 
 4.99920000e-06  4.99920000e-06  4.99920000e-06  1.16339995e-02  4.99920000e-06 -9.98969995e-06 
 5.00000000e-06  5.00000000e-06  5.00000000e-06  1.16339995e-02  5.00000000e-06 -9.98971495e-06 
